[2025-08-22 12:42:16.974] [init-stage-logger] [info] Static logger was initialized
[2025-08-22 12:42:16.976] [init-stage-logger] [info] Getting next configuration schema...
[2025-08-22 12:42:16.977] [init-stage-logger] [info] Got schema for: FilesystemEventsLogger
[2025-08-22 12:42:16.977] [init-stage-logger] [info] Loading configuration file 'FilesystemEventsLogger.xml'..
[2025-08-22 12:42:16.980] [init-stage-logger] [info] Configuration file 'FilesystemEventsLogger.xml' is loaded.
[2025-08-22 12:42:16.980] [init-stage-logger] [info] Custom validating 'FilesystemEventsLogger'..
[2025-08-22 12:42:16.980] [init-stage-logger] [info] Custom validated 'FilesystemEventsLogger'.
[2025-08-22 12:42:16.980] [init-stage-logger] [info] Applying 'FilesystemEventsLogger'..
[2025-08-22 12:42:16.980] [init-stage-logger] [info] Applied 'FilesystemEventsLogger'.
[2025-08-22 12:42:16.980] [init-stage-logger] [info] Creating extension provider
[2025-08-22 12:42:16.980] [init-stage-logger] [info] Getting next configuration schema...
[2025-08-22 12:42:16.980] [init-stage-logger] [info] Got schema for: AddonManager
[2025-08-22 12:42:16.980] [init-stage-logger] [info] Loading configuration file 'AddonManager.xml'..
[2025-08-22 12:42:16.980] [init-stage-logger] [info] Configuration file 'AddonManager.xml' is loaded.
[2025-08-22 12:42:16.980] [init-stage-logger] [info] Custom validating 'AddonManager'..
[2025-08-22 12:42:16.980] [init-stage-logger] [info] Custom validated 'AddonManager'.
[2025-08-22 12:42:16.980] [init-stage-logger] [info] Applying 'AddonManager'..
[2025-08-22 12:42:16.981] [init-stage-logger] [info] Applied 'AddonManager'.
[2025-08-22 12:42:16.981] [init-stage-logger] [info] Getting next configuration schema...
[2025-08-22 12:42:16.981] [init-stage-logger] [info] Got schema for: ExtensionProvider
[2025-08-22 12:42:16.981] [init-stage-logger] [info] Loading configuration file 'ExtensionProvider.xml'..
[2025-08-22 12:42:16.981] [init-stage-logger] [info] Configuration file 'ExtensionProvider.xml' is loaded.
[2025-08-22 12:42:16.981] [init-stage-logger] [info] Custom validating 'ExtensionProvider'..
[2025-08-22 12:42:16.981] [init-stage-logger] [info] Custom validated 'ExtensionProvider'.
[2025-08-22 12:42:16.981] [init-stage-logger] [info] Applying 'ExtensionProvider'..
[2025-08-22 12:42:16.999] [init-stage-logger] [info] Applied 'ExtensionProvider'.
[2025-08-22 12:42:16.999] [init-stage-logger] [info] Initializing robot selector
[2025-08-22 12:42:16.999] [init-stage-logger] [info] Getting next configuration schema...
[2025-08-22 12:42:16.999] [init-stage-logger] [info] Got schema for: RobotSelector
[2025-08-22 12:42:16.999] [init-stage-logger] [info] Loading configuration file 'RobotSelector.xml'..
[2025-08-22 12:42:16.999] [init-stage-logger] [info] Configuration file 'RobotSelector.xml' is loaded.
[2025-08-22 12:42:16.999] [init-stage-logger] [info] Custom validating 'RobotSelector'..
[2025-08-22 12:42:16.999] [init-stage-logger] [info] Custom validated 'RobotSelector'.
[2025-08-22 12:42:16.999] [init-stage-logger] [info] Applying 'RobotSelector'..
[2025-08-22 12:42:16.999] [init-stage-logger] [info] Applied 'RobotSelector'.
[2025-08-22 12:42:16.999] [init-stage-logger] [info] Creating Robot object
[2025-08-22 12:42:17.001] [init-stage-logger] [info] Creating Server socket
[2025-08-22 12:42:17.001] [init-stage-logger] [info] Configuring Server socket
[2025-08-22 12:42:17.001] [init-stage-logger] [info] Getting next configuration schema...
[2025-08-22 12:42:17.001] [init-stage-logger] [info] Got schema for: NetworkLogger
[2025-08-22 12:42:17.001] [init-stage-logger] [info] Loading configuration file 'NetworkLogger.xml'..
[2025-08-22 12:42:17.003] [init-stage-logger] [info] Configuration file 'NetworkLogger.xml' is loaded.
[2025-08-22 12:42:17.003] [init-stage-logger] [info] Custom validating 'NetworkLogger'..
[2025-08-22 12:42:17.003] [init-stage-logger] [info] Custom validated 'NetworkLogger'.
[2025-08-22 12:42:17.003] [init-stage-logger] [info] Applying 'NetworkLogger'..
[2025-08-22 12:42:17.003] [init-stage-logger] [info] Applied 'NetworkLogger'.
[2025-08-22 12:42:17.004] [init-stage-logger] [info] Getting next configuration schema...
[2025-08-22 12:42:17.004] [init-stage-logger] [info] Got schema for: AccessManager
[2025-08-22 12:42:17.004] [init-stage-logger] [info] Loading configuration file 'AccessManager.xml'..
[2025-08-22 12:42:17.004] [init-stage-logger] [info] Configuration file 'AccessManager.xml' is loaded.
[2025-08-22 12:42:17.004] [init-stage-logger] [info] Custom validating 'AccessManager'..
[2025-08-22 12:42:17.004] [init-stage-logger] [info] Custom validated 'AccessManager'.
[2025-08-22 12:42:17.004] [init-stage-logger] [info] Applying 'AccessManager'..
[2025-08-22 12:42:17.004] [init-stage-logger] [info] Applied 'AccessManager'.
[2025-08-22 12:42:17.005] [init-stage-logger] [info] Getting next configuration schema...
[2025-08-22 12:42:17.005] [init-stage-logger] [info] Got schema for: MessageCollector
[2025-08-22 12:42:17.005] [init-stage-logger] [info] Loading configuration file 'MessageCollector.xml'..
[2025-08-22 12:42:17.005] [init-stage-logger] [info] Configuration file 'MessageCollector.xml' is loaded.
[2025-08-22 12:42:17.005] [init-stage-logger] [info] Custom validating 'MessageCollector'..
[2025-08-22 12:42:17.005] [init-stage-logger] [info] Custom validated 'MessageCollector'.
[2025-08-22 12:42:17.005] [init-stage-logger] [info] Applying 'MessageCollector'..
[2025-08-22 12:42:17.005] [init-stage-logger] [info] Applied 'MessageCollector'.
[2025-08-22 12:42:17.005] [init-stage-logger] [info] Getting next configuration schema...
[2025-08-22 12:42:17.005] [init-stage-logger] [info] Got schema for: RareData
[2025-08-22 12:42:17.005] [init-stage-logger] [info] Loading configuration file 'RareData.xml'..
[2025-08-22 12:42:17.005] [init-stage-logger] [info] Configuration file 'RareData.xml' is loaded.
[2025-08-22 12:42:17.005] [init-stage-logger] [info] Custom validating 'RareData'..
[2025-08-22 12:42:17.005] [init-stage-logger] [info] Custom validated 'RareData'.
[2025-08-22 12:42:17.005] [init-stage-logger] [info] Applying 'RareData'..
[2025-08-22 12:42:17.005] [init-stage-logger] [info] Applied 'RareData'.
[2025-08-22 12:42:17.005] [init-stage-logger] [info] Getting next configuration schema...
[2025-08-22 12:42:17.005] [init-stage-logger] [info] Got schema for: SoftwareSafetyState
[2025-08-22 12:42:17.005] [init-stage-logger] [info] Loading configuration file 'SoftwareSafetyState.xml'..
[2025-08-22 12:42:17.005] [init-stage-logger] [info] Configuration file 'SoftwareSafetyState.xml' is loaded.
[2025-08-22 12:42:17.005] [init-stage-logger] [info] Custom validating 'SoftwareSafetyState'..
[2025-08-22 12:42:17.005] [init-stage-logger] [info] Custom validated 'SoftwareSafetyState'.
[2025-08-22 12:42:17.005] [init-stage-logger] [info] Applying 'SoftwareSafetyState'..
[2025-08-22 12:42:17.005] [init-stage-logger] [info] Applied 'SoftwareSafetyState'.
[2025-08-22 12:42:17.005] [init-stage-logger] [info] Getting next configuration schema...
[2025-08-22 12:42:17.005] [init-stage-logger] [info] Got schema for: ParametricBaseProvider
[2025-08-22 12:42:17.005] [init-stage-logger] [info] Loading configuration file 'ParametricBaseProvider.xml'..
[2025-08-22 12:42:17.007] [init-stage-logger] [info] Configuration file 'ParametricBaseProvider.xml' is loaded.
[2025-08-22 12:42:17.007] [init-stage-logger] [info] Custom validating 'ParametricBaseProvider'..
[2025-08-22 12:42:17.007] [init-stage-logger] [info] Custom validated 'ParametricBaseProvider'.
[2025-08-22 12:42:17.007] [init-stage-logger] [info] Applying 'ParametricBaseProvider'..
[2025-08-22 12:42:17.007] [init-stage-logger] [info] Applied 'ParametricBaseProvider'.
[2025-08-22 12:42:17.007] [init-stage-logger] [info] Getting next configuration schema...
[2025-08-22 12:42:17.007] [init-stage-logger] [info] Got schema for: LogManager
[2025-08-22 12:42:17.007] [init-stage-logger] [info] Loading configuration file 'LogManager.xml'..
[2025-08-22 12:42:17.007] [init-stage-logger] [info] Configuration file 'LogManager.xml' is loaded.
[2025-08-22 12:42:17.007] [init-stage-logger] [info] Custom validating 'LogManager'..
[2025-08-22 12:42:17.007] [init-stage-logger] [info] Custom validated 'LogManager'.
[2025-08-22 12:42:17.007] [init-stage-logger] [info] Applying 'LogManager'..
[2025-08-22 12:42:17.007] [init-stage-logger] [info] Applied 'LogManager'.
[2025-08-22 12:42:17.007] [init-stage-logger] [info] Getting next configuration schema...
[2025-08-22 12:42:17.007] [init-stage-logger] [info] Got schema for: GuidedModeController
[2025-08-22 12:42:17.007] [init-stage-logger] [info] Loading configuration file 'GuidedModeController.xml'..
[2025-08-22 12:42:17.008] [init-stage-logger] [info] Configuration file 'GuidedModeController.xml' is loaded.
[2025-08-22 12:42:17.008] [init-stage-logger] [info] Custom validating 'GuidedModeController'..
[2025-08-22 12:42:17.008] [init-stage-logger] [info] Custom validated 'GuidedModeController'.
[2025-08-22 12:42:17.008] [init-stage-logger] [info] Applying 'GuidedModeController'..
[2025-08-22 12:42:17.008] [init-stage-logger] [info] Applied 'GuidedModeController'.
[2025-08-22 12:42:17.008] [init-stage-logger] [info] Getting next configuration schema...
[2025-08-22 12:42:17.008] [init-stage-logger] [info] Got schema for: ShutDownRestart
[2025-08-22 12:42:17.008] [init-stage-logger] [info] Loading configuration file 'ShutDownRestart.xml'..
[2025-08-22 12:42:17.008] [init-stage-logger] [info] Configuration file 'ShutDownRestart.xml' is loaded.
[2025-08-22 12:42:17.008] [init-stage-logger] [info] Custom validating 'ShutDownRestart'..
[2025-08-22 12:42:17.008] [init-stage-logger] [info] Custom validated 'ShutDownRestart'.
[2025-08-22 12:42:17.008] [init-stage-logger] [info] Applying 'ShutDownRestart'..
[2025-08-22 12:42:17.008] [init-stage-logger] [info] Applied 'ShutDownRestart'.
[2025-08-22 12:42:17.008] [init-stage-logger] [info] Getting next configuration schema...
[2025-08-22 12:42:17.008] [init-stage-logger] [info] Got schema for: AutorunController
[2025-08-22 12:42:17.008] [init-stage-logger] [info] Loading configuration file 'AutorunController.xml'..
[2025-08-22 12:42:17.009] [init-stage-logger] [info] Configuration file 'AutorunController.xml' is loaded.
[2025-08-22 12:42:17.009] [init-stage-logger] [info] Custom validating 'AutorunController'..
[2025-08-22 12:42:17.009] [init-stage-logger] [info] Custom validated 'AutorunController'.
[2025-08-22 12:42:17.009] [init-stage-logger] [info] Applying 'AutorunController'..
[2025-08-22 12:42:17.009] [init-stage-logger] [info] Applied 'AutorunController'.
[2025-08-22 12:42:17.009] [init-stage-logger] [info] Getting next configuration schema...
[2025-08-22 12:42:17.009] [init-stage-logger] [info] Got schema for: DatagramTransceiver
[2025-08-22 12:42:17.009] [init-stage-logger] [info] Loading configuration file 'DatagramTransceiver.xml'..
[2025-08-22 12:42:17.009] [init-stage-logger] [info] Configuration file 'DatagramTransceiver.xml' is loaded.
[2025-08-22 12:42:17.009] [init-stage-logger] [info] Custom validating 'DatagramTransceiver'..
[2025-08-22 12:42:17.009] [init-stage-logger] [info] Custom validated 'DatagramTransceiver'.
[2025-08-22 12:42:17.009] [init-stage-logger] [info] Applying 'DatagramTransceiver'..
[2025-08-22 12:42:17.009] [init-stage-logger] [info] Applied 'DatagramTransceiver'.
[2025-08-22 12:42:17.009] [init-stage-logger] [info] Getting next configuration schema...
[2025-08-22 12:42:17.009] [init-stage-logger] [info] Got schema for: IntermachineTasksController
[2025-08-22 12:42:17.009] [init-stage-logger] [info] Loading configuration file 'IntermachineTasksController.xml'..
[2025-08-22 12:42:17.009] [init-stage-logger] [info] Configuration file 'IntermachineTasksController.xml' is loaded.
[2025-08-22 12:42:17.009] [init-stage-logger] [info] Custom validating 'IntermachineTasksController'..
[2025-08-22 12:42:17.009] [init-stage-logger] [info] Custom validated 'IntermachineTasksController'.
[2025-08-22 12:42:17.009] [init-stage-logger] [info] Applying 'IntermachineTasksController'..
[2025-08-22 12:42:17.009] [init-stage-logger] [info] Applied 'IntermachineTasksController'.
[2025-08-22 12:42:17.009] [init-stage-logger] [info] Getting next configuration schema...
[2025-08-22 12:42:17.009] [init-stage-logger] [info] Got schema for: UserAlarmsHandler
[2025-08-22 12:42:17.009] [init-stage-logger] [info] Loading configuration file 'UserAlarmsHandler.xml'..
[2025-08-22 12:42:17.009] [init-stage-logger] [info] Configuration file 'UserAlarmsHandler.xml' is loaded.
[2025-08-22 12:42:17.009] [init-stage-logger] [info] Custom validating 'UserAlarmsHandler'..
[2025-08-22 12:42:17.009] [init-stage-logger] [info] Custom validated 'UserAlarmsHandler'.
[2025-08-22 12:42:17.009] [init-stage-logger] [info] Applying 'UserAlarmsHandler'..
[2025-08-22 12:42:17.009] [init-stage-logger] [info] Applied 'UserAlarmsHandler'.
[2025-08-22 12:42:17.009] [init-stage-logger] [info] Getting next configuration schema...
[2025-08-22 12:42:17.010] [init-stage-logger] [info] Got schema for: UserConfigurationManager
[2025-08-22 12:42:17.010] [init-stage-logger] [info] Loading configuration file 'UserConfigurationManager.xml'..
[2025-08-22 12:42:17.010] [init-stage-logger] [info] Configuration file 'UserConfigurationManager.xml' is loaded.
[2025-08-22 12:42:17.010] [init-stage-logger] [info] Custom validating 'UserConfigurationManager'..
[2025-08-22 12:42:17.010] [init-stage-logger] [info] Custom validated 'UserConfigurationManager'.
[2025-08-22 12:42:17.010] [init-stage-logger] [info] Applying 'UserConfigurationManager'..
[2025-08-22 12:42:17.010] [init-stage-logger] [info] Applied 'UserConfigurationManager'.
[2025-08-22 12:42:17.010] [init-stage-logger] [info] Getting next configuration schema...
[2025-08-22 12:42:17.010] [init-stage-logger] [info] Got schema for: JogMotion
[2025-08-22 12:42:17.010] [init-stage-logger] [info] Loading configuration file 'JogMotion.xml'..
[2025-08-22 12:42:17.010] [init-stage-logger] [info] Configuration file 'JogMotion.xml' is loaded.
[2025-08-22 12:42:17.010] [init-stage-logger] [info] Custom validating 'JogMotion'..
[2025-08-22 12:42:17.010] [init-stage-logger] [info] Custom validated 'JogMotion'.
[2025-08-22 12:42:17.010] [init-stage-logger] [info] Applying 'JogMotion'..
[2025-08-22 12:42:17.010] [init-stage-logger] [info] Applied 'JogMotion'.
[2025-08-22 12:42:17.010] [init-stage-logger] [info] Getting next configuration schema...
[2025-08-22 12:42:17.010] [init-stage-logger] [info] Got schema for: Signals
[2025-08-22 12:42:17.010] [init-stage-logger] [info] Loading configuration file 'Signals.xml'..
[2025-08-22 12:42:17.010] [init-stage-logger] [info] Configuration file 'Signals.xml' is loaded.
[2025-08-22 12:42:17.010] [init-stage-logger] [info] Custom validating 'Signals'..
[2025-08-22 12:42:17.010] [init-stage-logger] [info] Custom validated 'Signals'.
[2025-08-22 12:42:17.010] [init-stage-logger] [info] Applying 'Signals'..
[2025-08-22 12:42:17.011] [init-stage-logger] [info] Loading configuration file 'ModbusTCPBusForDevice/weld_source.xml'..
[2025-08-22 12:42:17.011] [init-stage-logger] [info] Configuration file 'ModbusTCPBusForDevice/weld_source.xml' is loaded.
[2025-08-22 12:42:17.011] [init-stage-logger] [info] Custom validating 'ModbusTCPBusForDevice'..
[2025-08-22 12:42:17.011] [init-stage-logger] [info] Custom validated 'ModbusTCPBusForDevice'.
[2025-08-22 12:42:17.011] [init-stage-logger] [info] Applying 'ModbusTCPBusForDevice'..
[2025-08-22 12:42:17.011] [init-stage-logger] [info] Applied 'ModbusTCPBusForDevice'.
[2025-08-22 12:42:17.011] [init-stage-logger] [info] Applied 'Signals'.
[2025-08-22 12:42:17.011] [init-stage-logger] [info] Getting next configuration schema...
[2025-08-22 12:42:17.011] [init-stage-logger] [info] Got schema for: DrivesControllerV2
[2025-08-22 12:42:17.011] [init-stage-logger] [info] Loading configuration file 'DrivesControllerV2.xml'..
[2025-08-22 12:42:17.012] [init-stage-logger] [info] Configuration file 'DrivesControllerV2.xml' is loaded.
[2025-08-22 12:42:17.012] [init-stage-logger] [info] Custom validating 'DrivesControllerV2'..
[2025-08-22 12:42:17.012] [init-stage-logger] [info] Custom validated 'DrivesControllerV2'.
[2025-08-22 12:42:17.012] [init-stage-logger] [info] Applying 'DrivesControllerV2'..
[2025-08-22 12:42:17.114] [init-stage-logger] [info] Applied 'DrivesControllerV2'.
[2025-08-22 12:42:17.114] [init-stage-logger] [info] Getting next configuration schema...
[2025-08-22 12:42:17.114] [init-stage-logger] [info] Got schema for: SplinePathGeneratorInfo
[2025-08-22 12:42:17.114] [init-stage-logger] [info] Loading configuration file 'SplinePathGeneratorInfo.xml'..
[2025-08-22 12:42:17.116] [init-stage-logger] [info] Configuration file 'SplinePathGeneratorInfo.xml' is loaded.
[2025-08-22 12:42:17.116] [init-stage-logger] [info] Custom validating 'SplinePathGeneratorInfo'..
[2025-08-22 12:42:17.116] [init-stage-logger] [info] Custom validated 'SplinePathGeneratorInfo'.
[2025-08-22 12:42:17.116] [init-stage-logger] [info] Applying 'SplinePathGeneratorInfo'..
[2025-08-22 12:42:17.116] [init-stage-logger] [info] Applied 'SplinePathGeneratorInfo'.
[2025-08-22 12:42:17.116] [init-stage-logger] [info] Getting next configuration schema...
[2025-08-22 12:42:17.116] [init-stage-logger] [info] Got schema for: TargetAtTimeExecutor
[2025-08-22 12:42:17.116] [init-stage-logger] [info] Loading configuration file 'TargetAtTimeExecutor.xml'..
[2025-08-22 12:42:17.118] [init-stage-logger] [info] Configuration file 'TargetAtTimeExecutor.xml' is loaded.
[2025-08-22 12:42:17.118] [init-stage-logger] [info] Custom validating 'TargetAtTimeExecutor'..
[2025-08-22 12:42:17.118] [init-stage-logger] [info] Custom validated 'TargetAtTimeExecutor'.
[2025-08-22 12:42:17.118] [init-stage-logger] [info] Applying 'TargetAtTimeExecutor'..
[2025-08-22 12:42:17.118] [init-stage-logger] [info] Applied 'TargetAtTimeExecutor'.
[2025-08-22 12:42:17.118] [init-stage-logger] [info] Getting next configuration schema...
[2025-08-22 12:42:17.118] [init-stage-logger] [info] Got schema for: SdcLog
[2025-08-22 12:42:17.118] [init-stage-logger] [info] Loading configuration file 'SdcLog.xml'..
[2025-08-22 12:42:17.120] [init-stage-logger] [info] Configuration file 'SdcLog.xml' is loaded.
[2025-08-22 12:42:17.120] [init-stage-logger] [info] Custom validating 'SdcLog'..
[2025-08-22 12:42:17.120] [init-stage-logger] [info] Custom validated 'SdcLog'.
[2025-08-22 12:42:17.120] [init-stage-logger] [info] Applying 'SdcLog'..
[2025-08-22 12:42:17.120] [init-stage-logger] [info] Applied 'SdcLog'.
[2025-08-22 12:42:17.120] [init-stage-logger] [info] Getting next configuration schema...
[2025-08-22 12:42:17.120] [init-stage-logger] [info] Got schema for: RawMotionQueueControllerLog
[2025-08-22 12:42:17.120] [init-stage-logger] [info] Loading configuration file 'RawMotionQueueControllerLog.xml'..
[2025-08-22 12:42:17.123] [init-stage-logger] [info] Configuration file 'RawMotionQueueControllerLog.xml' is loaded.
[2025-08-22 12:42:17.123] [init-stage-logger] [info] Custom validating 'RawMotionQueueControllerLog'..
[2025-08-22 12:42:17.123] [init-stage-logger] [info] Custom validated 'RawMotionQueueControllerLog'.
[2025-08-22 12:42:17.123] [init-stage-logger] [info] Applying 'RawMotionQueueControllerLog'..
[2025-08-22 12:42:17.123] [init-stage-logger] [info] Applied 'RawMotionQueueControllerLog'.
[2025-08-22 12:42:17.123] [init-stage-logger] [info] Getting next configuration schema...
[2025-08-22 12:42:17.123] [init-stage-logger] [info] Got schema for: ExecutionControllerLog
[2025-08-22 12:42:17.123] [init-stage-logger] [info] Loading configuration file 'ExecutionControllerLog.xml'..
[2025-08-22 12:42:17.125] [init-stage-logger] [info] Configuration file 'ExecutionControllerLog.xml' is loaded.
[2025-08-22 12:42:17.125] [init-stage-logger] [info] Custom validating 'ExecutionControllerLog'..
[2025-08-22 12:42:17.125] [init-stage-logger] [info] Custom validated 'ExecutionControllerLog'.
[2025-08-22 12:42:17.125] [init-stage-logger] [info] Applying 'ExecutionControllerLog'..
[2025-08-22 12:42:17.125] [init-stage-logger] [info] Applied 'ExecutionControllerLog'.
[2025-08-22 12:42:17.125] [init-stage-logger] [info] Getting next configuration schema...
[2025-08-22 12:42:17.125] [init-stage-logger] [info] Got schema for: TargetAtTimeMotionExecutorLog
[2025-08-22 12:42:17.125] [init-stage-logger] [info] Loading configuration file 'TargetAtTimeMotionExecutorLog.xml'..
[2025-08-22 12:42:17.127] [init-stage-logger] [info] Configuration file 'TargetAtTimeMotionExecutorLog.xml' is loaded.
[2025-08-22 12:42:17.127] [init-stage-logger] [info] Custom validating 'TargetAtTimeMotionExecutorLog'..
[2025-08-22 12:42:17.127] [init-stage-logger] [info] Custom validated 'TargetAtTimeMotionExecutorLog'.
[2025-08-22 12:42:17.127] [init-stage-logger] [info] Applying 'TargetAtTimeMotionExecutorLog'..
[2025-08-22 12:42:17.127] [init-stage-logger] [info] Applied 'TargetAtTimeMotionExecutorLog'.
[2025-08-22 12:42:17.128] [init-stage-logger] [info] Getting next configuration schema...
[2025-08-22 12:42:17.128] [init-stage-logger] [info] Got schema for: ScalableBufferSplineLog
[2025-08-22 12:42:17.128] [init-stage-logger] [info] Loading configuration file 'ScalableBufferSplineLog.xml'..
[2025-08-22 12:42:17.130] [init-stage-logger] [info] Configuration file 'ScalableBufferSplineLog.xml' is loaded.
[2025-08-22 12:42:17.130] [init-stage-logger] [info] Custom validating 'ScalableBufferSplineLog'..
[2025-08-22 12:42:17.130] [init-stage-logger] [info] Custom validated 'ScalableBufferSplineLog'.
[2025-08-22 12:42:17.130] [init-stage-logger] [info] Applying 'ScalableBufferSplineLog'..
[2025-08-22 12:42:17.130] [init-stage-logger] [info] Applied 'ScalableBufferSplineLog'.
[2025-08-22 12:42:17.130] [init-stage-logger] [info] Configuring DataProvider
[2025-08-22 12:42:17.130] [init-stage-logger] [info] Getting next configuration schema...
[2025-08-22 12:42:17.130] [init-stage-logger] [info] Got schema for: RcpDataProvider
[2025-08-22 12:42:17.130] [init-stage-logger] [info] Loading configuration file 'RcpDataProvider.xml'..
[2025-08-22 12:42:17.130] [init-stage-logger] [info] Configuration file 'RcpDataProvider.xml' is loaded.
[2025-08-22 12:42:17.130] [init-stage-logger] [info] Custom validating 'RcpDataProvider'..
[2025-08-22 12:42:17.130] [init-stage-logger] [info] Custom validated 'RcpDataProvider'.
[2025-08-22 12:42:17.130] [init-stage-logger] [info] Applying 'RcpDataProvider'..
[2025-08-22 12:42:17.131] [init-stage-logger] [info] Applied 'RcpDataProvider'.
[2025-08-22 12:42:17.131] [init-stage-logger] [info] Configuring RcRepository
[2025-08-22 12:42:17.131] [init-stage-logger] [info] Getting next configuration schema...
[2025-08-22 12:42:17.131] [init-stage-logger] [info] Got schema for: RcpRepositoryInfo
[2025-08-22 12:42:17.131] [init-stage-logger] [info] Loading configuration file 'RcpRepositoryInfo.xml'..
[2025-08-22 12:42:17.131] [init-stage-logger] [info] Configuration file 'RcpRepositoryInfo.xml' is loaded.
[2025-08-22 12:42:17.131] [init-stage-logger] [info] Custom validating 'RcpRepositoryInfo'..
[2025-08-22 12:42:17.132] [init-stage-logger] [info] Custom validated 'RcpRepositoryInfo'.
[2025-08-22 12:42:17.132] [init-stage-logger] [info] Applying 'RcpRepositoryInfo'..
[2025-08-22 12:42:17.132] [init-stage-logger] [info] Applied 'RcpRepositoryInfo'.
[2025-08-22 12:42:17.132] [init-stage-logger] [info] Configuring ProgramIntepreter
[2025-08-22 12:42:17.132] [init-stage-logger] [info] Getting next configuration schema...
[2025-08-22 12:42:17.132] [init-stage-logger] [info] Got schema for: RcProgramInterpreter
[2025-08-22 12:42:17.132] [init-stage-logger] [info] Loading configuration file 'RcProgramInterpreter.xml'..
[2025-08-22 12:42:17.134] [init-stage-logger] [info] Configuration file 'RcProgramInterpreter.xml' is loaded.
[2025-08-22 12:42:17.134] [init-stage-logger] [info] Custom validating 'RcProgramInterpreter'..
[2025-08-22 12:42:17.134] [init-stage-logger] [info] Custom validated 'RcProgramInterpreter'.
[2025-08-22 12:42:17.134] [init-stage-logger] [info] Applying 'RcProgramInterpreter'..
[2025-08-22 12:42:17.134] [init-stage-logger] [info] Applied 'RcProgramInterpreter'.
[2025-08-22 12:42:17.135] [init-stage-logger] [info] Getting next configuration schema...
[2025-08-22 12:42:17.135] [init-stage-logger] [info] Got schema for: gcode_logger
[2025-08-22 12:42:17.135] [init-stage-logger] [info] Loading configuration file 'gcode_logger.xml'..
[2025-08-22 12:42:17.137] [init-stage-logger] [info] Configuration file 'gcode_logger.xml' is loaded.
[2025-08-22 12:42:17.137] [init-stage-logger] [info] Custom validating 'gcode_logger'..
[2025-08-22 12:42:17.137] [init-stage-logger] [info] Custom validated 'gcode_logger'.
[2025-08-22 12:42:17.137] [init-stage-logger] [info] Applying 'gcode_logger'..
[2025-08-22 12:42:17.137] [init-stage-logger] [info] Applied 'gcode_logger'.
[2025-08-22 12:42:17.138] [init-stage-logger] [info] Getting next configuration schema...
[2025-08-22 12:42:17.138] [init-stage-logger] [info] Got schema for: ApiServerData
[2025-08-22 12:42:17.138] [init-stage-logger] [info] Loading configuration file 'ApiServerData.xml'..
[2025-08-22 12:42:17.138] [init-stage-logger] [info] Configuration file 'ApiServerData.xml' is loaded.
[2025-08-22 12:42:17.138] [init-stage-logger] [info] Custom validating 'ApiServerData'..
[2025-08-22 12:42:17.138] [init-stage-logger] [info] Custom validated 'ApiServerData'.
[2025-08-22 12:42:17.138] [init-stage-logger] [info] Applying 'ApiServerData'..
[2025-08-22 12:42:17.138] [init-stage-logger] [info] Applied 'ApiServerData'.
[2025-08-22 12:42:17.138] [init-stage-logger] [info] Getting next configuration schema...
[2025-08-22 12:42:17.138] [init-stage-logger] [info] Got schema for: WidgetHandler
[2025-08-22 12:42:17.138] [init-stage-logger] [info] Loading configuration file 'WidgetHandler.xml'..
[2025-08-22 12:42:17.138] [init-stage-logger] [info] Configuration file 'WidgetHandler.xml' is loaded.
[2025-08-22 12:42:17.138] [init-stage-logger] [info] Custom validating 'WidgetHandler'..
[2025-08-22 12:42:17.138] [init-stage-logger] [info] Custom validated 'WidgetHandler'.
[2025-08-22 12:42:17.138] [init-stage-logger] [info] Applying 'WidgetHandler'..
[2025-08-22 12:42:17.138] [init-stage-logger] [info] Applied 'WidgetHandler'.
[2025-08-22 12:42:17.138] [init-stage-logger] [info] Getting next configuration schema...
[2025-08-22 12:42:17.139] [init-stage-logger] [info] Got schema for: RcProgramRunHandler
[2025-08-22 12:42:17.139] [init-stage-logger] [info] Loading configuration file 'RcProgramRunHandler.xml'..
[2025-08-22 12:42:17.140] [init-stage-logger] [info] Configuration file 'RcProgramRunHandler.xml' is loaded.
[2025-08-22 12:42:17.140] [init-stage-logger] [info] Custom validating 'RcProgramRunHandler'..
[2025-08-22 12:42:17.140] [init-stage-logger] [info] Custom validated 'RcProgramRunHandler'.
[2025-08-22 12:42:17.140] [init-stage-logger] [info] Applying 'RcProgramRunHandler'..
[2025-08-22 12:42:17.140] [init-stage-logger] [info] Applied 'RcProgramRunHandler'.
[2025-08-22 12:42:17.140] [init-stage-logger] [info] Getting next configuration schema...
[2025-08-22 12:42:17.140] [init-stage-logger] [info] Got schema for: ToolsAndFramesCalibration
[2025-08-22 12:42:17.140] [init-stage-logger] [info] Loading configuration file 'ToolsAndFramesCalibration.xml'..
[2025-08-22 12:42:17.142] [init-stage-logger] [info] Configuration file 'ToolsAndFramesCalibration.xml' is loaded.
[2025-08-22 12:42:17.142] [init-stage-logger] [info] Custom validating 'ToolsAndFramesCalibration'..
[2025-08-22 12:42:17.142] [init-stage-logger] [info] Custom validated 'ToolsAndFramesCalibration'.
[2025-08-22 12:42:17.142] [init-stage-logger] [info] Applying 'ToolsAndFramesCalibration'..
[2025-08-22 12:42:17.142] [init-stage-logger] [info] Applied 'ToolsAndFramesCalibration'.
[2025-08-22 12:42:17.142] [init-stage-logger] [info] loading addons
[2025-08-22 12:42:17.142] [init-stage-logger] [info] finished init, now running
[2025-08-22 12:42:17.201] [init-stage-logger] [info] Getting next configuration schema...
[2025-08-22 12:42:17.202] [init-stage-logger] [info] Got schema for: RcsGCodeInterpreter
[2025-08-22 12:42:17.202] [init-stage-logger] [info] Loading configuration file 'RcsGCodeInterpreter.xml'..
[2025-08-22 12:42:17.203] [init-stage-logger] [info] Configuration file 'RcsGCodeInterpreter.xml' is loaded.
[2025-08-22 12:42:17.203] [init-stage-logger] [info] Custom validating 'RcsGCodeInterpreter'..
[2025-08-22 12:42:17.203] [init-stage-logger] [info] Custom validated 'RcsGCodeInterpreter'.
[2025-08-22 12:42:17.203] [init-stage-logger] [info] Applying 'RcsGCodeInterpreter'..
[2025-08-22 12:42:17.204] [init-stage-logger] [info] Applied 'RcsGCodeInterpreter'.
[2025-08-22 12:42:17.204] [init-stage-logger] [info] Getting next configuration schema...
[2025-08-22 12:42:17.204] [init-stage-logger] [info] Got schema for: OpcUa
[2025-08-22 12:42:17.204] [init-stage-logger] [info] Loading configuration file 'OpcUa.xml'..
[2025-08-22 12:42:17.206] [init-stage-logger] [info] Configuration file 'OpcUa.xml' is loaded.
[2025-08-22 12:42:17.206] [init-stage-logger] [info] Custom validating 'OpcUa'..
[2025-08-22 12:42:17.206] [init-stage-logger] [info] Custom validated 'OpcUa'.
[2025-08-22 12:42:17.206] [init-stage-logger] [info] Applying 'OpcUa'..
[2025-08-22 12:42:17.206] [init-stage-logger] [info] Applied 'OpcUa'.
[2025-08-22 12:42:17.206] [init-stage-logger] [info] Getting next configuration schema...
[2025-08-22 12:42:17.206] [init-stage-logger] [info] Got schema for: OpcUaServer
[2025-08-22 12:42:17.206] [init-stage-logger] [info] Loading configuration file 'OpcUaServer.xml'..
[2025-08-22 12:42:17.208] [init-stage-logger] [info] Configuration file 'OpcUaServer.xml' is loaded.
[2025-08-22 12:42:17.208] [init-stage-logger] [info] Custom validating 'OpcUaServer'..
[2025-08-22 12:42:17.208] [init-stage-logger] [info] Custom validated 'OpcUaServer'.
[2025-08-22 12:42:17.208] [init-stage-logger] [info] Applying 'OpcUaServer'..
[2025-08-22 12:42:17.235] [init-stage-logger] [info] Applied 'OpcUaServer'.
[2025-08-22 12:49:36.267] [init-stage-logger] [info] Static logger was initialized
[2025-08-22 12:49:36.270] [init-stage-logger] [info] Getting next configuration schema...
[2025-08-22 12:49:36.271] [init-stage-logger] [info] Got schema for: FilesystemEventsLogger
[2025-08-22 12:49:36.271] [init-stage-logger] [info] Loading configuration file 'FilesystemEventsLogger.xml'..
[2025-08-22 12:49:36.272] [init-stage-logger] [info] Configuration file 'FilesystemEventsLogger.xml' is loaded.
[2025-08-22 12:49:36.272] [init-stage-logger] [info] Custom validating 'FilesystemEventsLogger'..
[2025-08-22 12:49:36.272] [init-stage-logger] [info] Custom validated 'FilesystemEventsLogger'.
[2025-08-22 12:49:36.272] [init-stage-logger] [info] Applying 'FilesystemEventsLogger'..
[2025-08-22 12:49:36.272] [init-stage-logger] [info] Applied 'FilesystemEventsLogger'.
[2025-08-22 12:49:36.272] [init-stage-logger] [info] Creating extension provider
[2025-08-22 12:49:36.272] [init-stage-logger] [info] Getting next configuration schema...
[2025-08-22 12:49:36.273] [init-stage-logger] [info] Got schema for: AddonManager
[2025-08-22 12:49:36.273] [init-stage-logger] [info] Loading configuration file 'AddonManager.xml'..
[2025-08-22 12:49:36.273] [init-stage-logger] [info] Configuration file 'AddonManager.xml' is loaded.
[2025-08-22 12:49:36.273] [init-stage-logger] [info] Custom validating 'AddonManager'..
[2025-08-22 12:49:36.273] [init-stage-logger] [info] Custom validated 'AddonManager'.
[2025-08-22 12:49:36.273] [init-stage-logger] [info] Applying 'AddonManager'..
[2025-08-22 12:49:36.273] [init-stage-logger] [info] Applied 'AddonManager'.
[2025-08-22 12:49:36.273] [init-stage-logger] [info] Getting next configuration schema...
[2025-08-22 12:49:36.273] [init-stage-logger] [info] Got schema for: ExtensionProvider
[2025-08-22 12:49:36.273] [init-stage-logger] [info] Loading configuration file 'ExtensionProvider.xml'..
[2025-08-22 12:49:36.273] [init-stage-logger] [info] Configuration file 'ExtensionProvider.xml' is loaded.
[2025-08-22 12:49:36.273] [init-stage-logger] [info] Custom validating 'ExtensionProvider'..
[2025-08-22 12:49:36.273] [init-stage-logger] [info] Custom validated 'ExtensionProvider'.
[2025-08-22 12:49:36.273] [init-stage-logger] [info] Applying 'ExtensionProvider'..
[2025-08-22 12:49:36.300] [init-stage-logger] [info] Applied 'ExtensionProvider'.
[2025-08-22 12:49:36.300] [init-stage-logger] [info] Initializing robot selector
[2025-08-22 12:49:36.301] [init-stage-logger] [info] Getting next configuration schema...
[2025-08-22 12:49:36.301] [init-stage-logger] [info] Got schema for: RobotSelector
[2025-08-22 12:49:36.301] [init-stage-logger] [info] Loading configuration file 'RobotSelector.xml'..
[2025-08-22 12:49:36.301] [init-stage-logger] [info] Configuration file 'RobotSelector.xml' is loaded.
[2025-08-22 12:49:36.301] [init-stage-logger] [info] Custom validating 'RobotSelector'..
[2025-08-22 12:49:36.301] [init-stage-logger] [info] Custom validated 'RobotSelector'.
[2025-08-22 12:49:36.301] [init-stage-logger] [info] Applying 'RobotSelector'..
[2025-08-22 12:49:36.301] [init-stage-logger] [info] Applied 'RobotSelector'.
[2025-08-22 12:49:36.301] [init-stage-logger] [info] Creating Robot object
[2025-08-22 12:49:36.310] [init-stage-logger] [info] Creating Server socket
[2025-08-22 12:49:36.310] [init-stage-logger] [info] Configuring Server socket
[2025-08-22 12:49:36.310] [init-stage-logger] [info] Getting next configuration schema...
[2025-08-22 12:49:36.310] [init-stage-logger] [info] Got schema for: NetworkLogger
[2025-08-22 12:49:36.310] [init-stage-logger] [info] Loading configuration file 'NetworkLogger.xml'..
[2025-08-22 12:49:36.310] [init-stage-logger] [info] Configuration file 'NetworkLogger.xml' is loaded.
[2025-08-22 12:49:36.310] [init-stage-logger] [info] Custom validating 'NetworkLogger'..
[2025-08-22 12:49:36.310] [init-stage-logger] [info] Custom validated 'NetworkLogger'.
[2025-08-22 12:49:36.310] [init-stage-logger] [info] Applying 'NetworkLogger'..
[2025-08-22 12:49:36.310] [init-stage-logger] [info] Applied 'NetworkLogger'.
[2025-08-22 12:49:36.311] [init-stage-logger] [info] Getting next configuration schema...
[2025-08-22 12:49:36.311] [init-stage-logger] [info] Got schema for: AccessManager
[2025-08-22 12:49:36.311] [init-stage-logger] [info] Loading configuration file 'AccessManager.xml'..
[2025-08-22 12:49:36.311] [init-stage-logger] [info] Configuration file 'AccessManager.xml' is loaded.
[2025-08-22 12:49:36.311] [init-stage-logger] [info] Custom validating 'AccessManager'..
[2025-08-22 12:49:36.311] [init-stage-logger] [info] Custom validated 'AccessManager'.
[2025-08-22 12:49:36.311] [init-stage-logger] [info] Applying 'AccessManager'..
[2025-08-22 12:49:36.311] [init-stage-logger] [info] Applied 'AccessManager'.
[2025-08-22 12:49:36.312] [init-stage-logger] [info] Getting next configuration schema...
[2025-08-22 12:49:36.312] [init-stage-logger] [info] Got schema for: MessageCollector
[2025-08-22 12:49:36.312] [init-stage-logger] [info] Loading configuration file 'MessageCollector.xml'..
[2025-08-22 12:49:36.312] [init-stage-logger] [info] Configuration file 'MessageCollector.xml' is loaded.
[2025-08-22 12:49:36.312] [init-stage-logger] [info] Custom validating 'MessageCollector'..
[2025-08-22 12:49:36.312] [init-stage-logger] [info] Custom validated 'MessageCollector'.
[2025-08-22 12:49:36.312] [init-stage-logger] [info] Applying 'MessageCollector'..
[2025-08-22 12:49:36.312] [init-stage-logger] [info] Applied 'MessageCollector'.
[2025-08-22 12:49:36.312] [init-stage-logger] [info] Getting next configuration schema...
[2025-08-22 12:49:36.312] [init-stage-logger] [info] Got schema for: RareData
[2025-08-22 12:49:36.312] [init-stage-logger] [info] Loading configuration file 'RareData.xml'..
[2025-08-22 12:49:36.312] [init-stage-logger] [info] Configuration file 'RareData.xml' is loaded.
[2025-08-22 12:49:36.312] [init-stage-logger] [info] Custom validating 'RareData'..
[2025-08-22 12:49:36.312] [init-stage-logger] [info] Custom validated 'RareData'.
[2025-08-22 12:49:36.312] [init-stage-logger] [info] Applying 'RareData'..
[2025-08-22 12:49:36.312] [init-stage-logger] [info] Applied 'RareData'.
[2025-08-22 12:49:36.312] [init-stage-logger] [info] Getting next configuration schema...
[2025-08-22 12:49:36.312] [init-stage-logger] [info] Got schema for: SoftwareSafetyState
[2025-08-22 12:49:36.312] [init-stage-logger] [info] Loading configuration file 'SoftwareSafetyState.xml'..
[2025-08-22 12:49:36.312] [init-stage-logger] [info] Configuration file 'SoftwareSafetyState.xml' is loaded.
[2025-08-22 12:49:36.312] [init-stage-logger] [info] Custom validating 'SoftwareSafetyState'..
[2025-08-22 12:49:36.312] [init-stage-logger] [info] Custom validated 'SoftwareSafetyState'.
[2025-08-22 12:49:36.312] [init-stage-logger] [info] Applying 'SoftwareSafetyState'..
[2025-08-22 12:49:36.312] [init-stage-logger] [info] Applied 'SoftwareSafetyState'.
[2025-08-22 12:49:36.313] [init-stage-logger] [info] Getting next configuration schema...
[2025-08-22 12:49:36.313] [init-stage-logger] [info] Got schema for: ParametricBaseProvider
[2025-08-22 12:49:36.313] [init-stage-logger] [info] Loading configuration file 'ParametricBaseProvider.xml'..
[2025-08-22 12:49:36.313] [init-stage-logger] [info] Configuration file 'ParametricBaseProvider.xml' is loaded.
[2025-08-22 12:49:36.313] [init-stage-logger] [info] Custom validating 'ParametricBaseProvider'..
[2025-08-22 12:49:36.313] [init-stage-logger] [info] Custom validated 'ParametricBaseProvider'.
[2025-08-22 12:49:36.313] [init-stage-logger] [info] Applying 'ParametricBaseProvider'..
[2025-08-22 12:49:36.313] [init-stage-logger] [info] Applied 'ParametricBaseProvider'.
[2025-08-22 12:49:36.313] [init-stage-logger] [info] Getting next configuration schema...
[2025-08-22 12:49:36.313] [init-stage-logger] [info] Got schema for: LogManager
[2025-08-22 12:49:36.313] [init-stage-logger] [info] Loading configuration file 'LogManager.xml'..
[2025-08-22 12:49:36.313] [init-stage-logger] [info] Configuration file 'LogManager.xml' is loaded.
[2025-08-22 12:49:36.313] [init-stage-logger] [info] Custom validating 'LogManager'..
[2025-08-22 12:49:36.313] [init-stage-logger] [info] Custom validated 'LogManager'.
[2025-08-22 12:49:36.313] [init-stage-logger] [info] Applying 'LogManager'..
[2025-08-22 12:49:36.313] [init-stage-logger] [info] Applied 'LogManager'.
[2025-08-22 12:49:36.313] [init-stage-logger] [info] Getting next configuration schema...
[2025-08-22 12:49:36.313] [init-stage-logger] [info] Got schema for: GuidedModeController
[2025-08-22 12:49:36.313] [init-stage-logger] [info] Loading configuration file 'GuidedModeController.xml'..
[2025-08-22 12:49:36.313] [init-stage-logger] [info] Configuration file 'GuidedModeController.xml' is loaded.
[2025-08-22 12:49:36.313] [init-stage-logger] [info] Custom validating 'GuidedModeController'..
[2025-08-22 12:49:36.313] [init-stage-logger] [info] Custom validated 'GuidedModeController'.
[2025-08-22 12:49:36.313] [init-stage-logger] [info] Applying 'GuidedModeController'..
[2025-08-22 12:49:36.313] [init-stage-logger] [info] Applied 'GuidedModeController'.
[2025-08-22 12:49:36.313] [init-stage-logger] [info] Getting next configuration schema...
[2025-08-22 12:49:36.314] [init-stage-logger] [info] Got schema for: ShutDownRestart
[2025-08-22 12:49:36.314] [init-stage-logger] [info] Loading configuration file 'ShutDownRestart.xml'..
[2025-08-22 12:49:36.314] [init-stage-logger] [info] Configuration file 'ShutDownRestart.xml' is loaded.
[2025-08-22 12:49:36.314] [init-stage-logger] [info] Custom validating 'ShutDownRestart'..
[2025-08-22 12:49:36.314] [init-stage-logger] [info] Custom validated 'ShutDownRestart'.
[2025-08-22 12:49:36.314] [init-stage-logger] [info] Applying 'ShutDownRestart'..
[2025-08-22 12:49:36.314] [init-stage-logger] [info] Applied 'ShutDownRestart'.
[2025-08-22 12:49:36.314] [init-stage-logger] [info] Getting next configuration schema...
[2025-08-22 12:49:36.314] [init-stage-logger] [info] Got schema for: AutorunController
[2025-08-22 12:49:36.314] [init-stage-logger] [info] Loading configuration file 'AutorunController.xml'..
[2025-08-22 12:49:36.314] [init-stage-logger] [info] Configuration file 'AutorunController.xml' is loaded.
[2025-08-22 12:49:36.314] [init-stage-logger] [info] Custom validating 'AutorunController'..
[2025-08-22 12:49:36.314] [init-stage-logger] [info] Custom validated 'AutorunController'.
[2025-08-22 12:49:36.314] [init-stage-logger] [info] Applying 'AutorunController'..
[2025-08-22 12:49:36.314] [init-stage-logger] [info] Applied 'AutorunController'.
[2025-08-22 12:49:36.314] [init-stage-logger] [info] Getting next configuration schema...
[2025-08-22 12:49:36.314] [init-stage-logger] [info] Got schema for: DatagramTransceiver
[2025-08-22 12:49:36.314] [init-stage-logger] [info] Loading configuration file 'DatagramTransceiver.xml'..
[2025-08-22 12:49:36.314] [init-stage-logger] [info] Configuration file 'DatagramTransceiver.xml' is loaded.
[2025-08-22 12:49:36.314] [init-stage-logger] [info] Custom validating 'DatagramTransceiver'..
[2025-08-22 12:49:36.314] [init-stage-logger] [info] Custom validated 'DatagramTransceiver'.
[2025-08-22 12:49:36.314] [init-stage-logger] [info] Applying 'DatagramTransceiver'..
[2025-08-22 12:49:36.314] [init-stage-logger] [info] Applied 'DatagramTransceiver'.
[2025-08-22 12:49:36.314] [init-stage-logger] [info] Getting next configuration schema...
[2025-08-22 12:49:36.314] [init-stage-logger] [info] Got schema for: IntermachineTasksController
[2025-08-22 12:49:36.314] [init-stage-logger] [info] Loading configuration file 'IntermachineTasksController.xml'..
[2025-08-22 12:49:36.314] [init-stage-logger] [info] Configuration file 'IntermachineTasksController.xml' is loaded.
[2025-08-22 12:49:36.314] [init-stage-logger] [info] Custom validating 'IntermachineTasksController'..
[2025-08-22 12:49:36.314] [init-stage-logger] [info] Custom validated 'IntermachineTasksController'.
[2025-08-22 12:49:36.314] [init-stage-logger] [info] Applying 'IntermachineTasksController'..
[2025-08-22 12:49:36.314] [init-stage-logger] [info] Applied 'IntermachineTasksController'.
[2025-08-22 12:49:36.314] [init-stage-logger] [info] Getting next configuration schema...
[2025-08-22 12:49:36.314] [init-stage-logger] [info] Got schema for: UserAlarmsHandler
[2025-08-22 12:49:36.314] [init-stage-logger] [info] Loading configuration file 'UserAlarmsHandler.xml'..
[2025-08-22 12:49:36.314] [init-stage-logger] [info] Configuration file 'UserAlarmsHandler.xml' is loaded.
[2025-08-22 12:49:36.314] [init-stage-logger] [info] Custom validating 'UserAlarmsHandler'..
[2025-08-22 12:49:36.314] [init-stage-logger] [info] Custom validated 'UserAlarmsHandler'.
[2025-08-22 12:49:36.314] [init-stage-logger] [info] Applying 'UserAlarmsHandler'..
[2025-08-22 12:49:36.314] [init-stage-logger] [info] Applied 'UserAlarmsHandler'.
[2025-08-22 12:49:36.314] [init-stage-logger] [info] Getting next configuration schema...
[2025-08-22 12:49:36.315] [init-stage-logger] [info] Got schema for: UserConfigurationManager
[2025-08-22 12:49:36.315] [init-stage-logger] [info] Loading configuration file 'UserConfigurationManager.xml'..
[2025-08-22 12:49:36.315] [init-stage-logger] [info] Configuration file 'UserConfigurationManager.xml' is loaded.
[2025-08-22 12:49:36.315] [init-stage-logger] [info] Custom validating 'UserConfigurationManager'..
[2025-08-22 12:49:36.315] [init-stage-logger] [info] Custom validated 'UserConfigurationManager'.
[2025-08-22 12:49:36.315] [init-stage-logger] [info] Applying 'UserConfigurationManager'..
[2025-08-22 12:49:36.315] [init-stage-logger] [info] Applied 'UserConfigurationManager'.
[2025-08-22 12:49:36.315] [init-stage-logger] [info] Getting next configuration schema...
[2025-08-22 12:49:36.315] [init-stage-logger] [info] Got schema for: JogMotion
[2025-08-22 12:49:36.315] [init-stage-logger] [info] Loading configuration file 'JogMotion.xml'..
[2025-08-22 12:49:36.315] [init-stage-logger] [info] Configuration file 'JogMotion.xml' is loaded.
[2025-08-22 12:49:36.315] [init-stage-logger] [info] Custom validating 'JogMotion'..
[2025-08-22 12:49:36.315] [init-stage-logger] [info] Custom validated 'JogMotion'.
[2025-08-22 12:49:36.315] [init-stage-logger] [info] Applying 'JogMotion'..
[2025-08-22 12:49:36.315] [init-stage-logger] [info] Applied 'JogMotion'.
[2025-08-22 12:49:36.315] [init-stage-logger] [info] Getting next configuration schema...
[2025-08-22 12:49:36.315] [init-stage-logger] [info] Got schema for: Signals
[2025-08-22 12:49:36.315] [init-stage-logger] [info] Loading configuration file 'Signals.xml'..
[2025-08-22 12:49:36.315] [init-stage-logger] [info] Configuration file 'Signals.xml' is loaded.
[2025-08-22 12:49:36.315] [init-stage-logger] [info] Custom validating 'Signals'..
[2025-08-22 12:49:36.315] [init-stage-logger] [info] Custom validated 'Signals'.
[2025-08-22 12:49:36.315] [init-stage-logger] [info] Applying 'Signals'..
[2025-08-22 12:49:36.316] [init-stage-logger] [info] Loading configuration file 'ModbusTCPBusForDevice/weld_source.xml'..
[2025-08-22 12:49:36.316] [init-stage-logger] [info] Configuration file 'ModbusTCPBusForDevice/weld_source.xml' is loaded.
[2025-08-22 12:49:36.316] [init-stage-logger] [info] Custom validating 'ModbusTCPBusForDevice'..
[2025-08-22 12:49:36.316] [init-stage-logger] [info] Custom validated 'ModbusTCPBusForDevice'.
[2025-08-22 12:49:36.316] [init-stage-logger] [info] Applying 'ModbusTCPBusForDevice'..
[2025-08-22 12:49:36.316] [init-stage-logger] [info] Applied 'ModbusTCPBusForDevice'.
[2025-08-22 12:49:36.316] [init-stage-logger] [info] Applied 'Signals'.
[2025-08-22 12:49:36.316] [init-stage-logger] [info] Getting next configuration schema...
[2025-08-22 12:49:36.316] [init-stage-logger] [info] Got schema for: DrivesControllerV2
[2025-08-22 12:49:36.316] [init-stage-logger] [info] Loading configuration file 'DrivesControllerV2.xml'..
[2025-08-22 12:49:36.316] [init-stage-logger] [info] Configuration file 'DrivesControllerV2.xml' is loaded.
[2025-08-22 12:49:36.316] [init-stage-logger] [info] Custom validating 'DrivesControllerV2'..
[2025-08-22 12:49:36.316] [init-stage-logger] [info] Custom validated 'DrivesControllerV2'.
[2025-08-22 12:49:36.316] [init-stage-logger] [info] Applying 'DrivesControllerV2'..
[2025-08-22 12:49:36.418] [init-stage-logger] [info] Applied 'DrivesControllerV2'.
[2025-08-22 12:49:36.418] [init-stage-logger] [info] Getting next configuration schema...
[2025-08-22 12:49:36.418] [init-stage-logger] [info] Got schema for: SplinePathGeneratorInfo
[2025-08-22 12:49:36.418] [init-stage-logger] [info] Loading configuration file 'SplinePathGeneratorInfo.xml'..
[2025-08-22 12:49:36.419] [init-stage-logger] [info] Configuration file 'SplinePathGeneratorInfo.xml' is loaded.
[2025-08-22 12:49:36.419] [init-stage-logger] [info] Custom validating 'SplinePathGeneratorInfo'..
[2025-08-22 12:49:36.419] [init-stage-logger] [info] Custom validated 'SplinePathGeneratorInfo'.
[2025-08-22 12:49:36.419] [init-stage-logger] [info] Applying 'SplinePathGeneratorInfo'..
[2025-08-22 12:49:36.419] [init-stage-logger] [info] Applied 'SplinePathGeneratorInfo'.
[2025-08-22 12:49:36.419] [init-stage-logger] [info] Getting next configuration schema...
[2025-08-22 12:49:36.419] [init-stage-logger] [info] Got schema for: TargetAtTimeExecutor
[2025-08-22 12:49:36.419] [init-stage-logger] [info] Loading configuration file 'TargetAtTimeExecutor.xml'..
[2025-08-22 12:49:36.420] [init-stage-logger] [info] Configuration file 'TargetAtTimeExecutor.xml' is loaded.
[2025-08-22 12:49:36.420] [init-stage-logger] [info] Custom validating 'TargetAtTimeExecutor'..
[2025-08-22 12:49:36.420] [init-stage-logger] [info] Custom validated 'TargetAtTimeExecutor'.
[2025-08-22 12:49:36.420] [init-stage-logger] [info] Applying 'TargetAtTimeExecutor'..
[2025-08-22 12:49:36.420] [init-stage-logger] [info] Applied 'TargetAtTimeExecutor'.
[2025-08-22 12:49:36.420] [init-stage-logger] [info] Getting next configuration schema...
[2025-08-22 12:49:36.420] [init-stage-logger] [info] Got schema for: SdcLog
[2025-08-22 12:49:36.420] [init-stage-logger] [info] Loading configuration file 'SdcLog.xml'..
[2025-08-22 12:49:36.420] [init-stage-logger] [info] Configuration file 'SdcLog.xml' is loaded.
[2025-08-22 12:49:36.420] [init-stage-logger] [info] Custom validating 'SdcLog'..
[2025-08-22 12:49:36.420] [init-stage-logger] [info] Custom validated 'SdcLog'.
[2025-08-22 12:49:36.420] [init-stage-logger] [info] Applying 'SdcLog'..
[2025-08-22 12:49:36.420] [init-stage-logger] [info] Applied 'SdcLog'.
[2025-08-22 12:49:36.420] [init-stage-logger] [info] Getting next configuration schema...
[2025-08-22 12:49:36.420] [init-stage-logger] [info] Got schema for: RawMotionQueueControllerLog
[2025-08-22 12:49:36.420] [init-stage-logger] [info] Loading configuration file 'RawMotionQueueControllerLog.xml'..
[2025-08-22 12:49:36.420] [init-stage-logger] [info] Configuration file 'RawMotionQueueControllerLog.xml' is loaded.
[2025-08-22 12:49:36.420] [init-stage-logger] [info] Custom validating 'RawMotionQueueControllerLog'..
[2025-08-22 12:49:36.420] [init-stage-logger] [info] Custom validated 'RawMotionQueueControllerLog'.
[2025-08-22 12:49:36.420] [init-stage-logger] [info] Applying 'RawMotionQueueControllerLog'..
[2025-08-22 12:49:36.420] [init-stage-logger] [info] Applied 'RawMotionQueueControllerLog'.
[2025-08-22 12:49:36.421] [init-stage-logger] [info] Getting next configuration schema...
[2025-08-22 12:49:36.421] [init-stage-logger] [info] Got schema for: ExecutionControllerLog
[2025-08-22 12:49:36.421] [init-stage-logger] [info] Loading configuration file 'ExecutionControllerLog.xml'..
[2025-08-22 12:49:36.421] [init-stage-logger] [info] Configuration file 'ExecutionControllerLog.xml' is loaded.
[2025-08-22 12:49:36.421] [init-stage-logger] [info] Custom validating 'ExecutionControllerLog'..
[2025-08-22 12:49:36.421] [init-stage-logger] [info] Custom validated 'ExecutionControllerLog'.
[2025-08-22 12:49:36.421] [init-stage-logger] [info] Applying 'ExecutionControllerLog'..
[2025-08-22 12:49:36.421] [init-stage-logger] [info] Applied 'ExecutionControllerLog'.
[2025-08-22 12:49:36.421] [init-stage-logger] [info] Getting next configuration schema...
[2025-08-22 12:49:36.421] [init-stage-logger] [info] Got schema for: TargetAtTimeMotionExecutorLog
[2025-08-22 12:49:36.421] [init-stage-logger] [info] Loading configuration file 'TargetAtTimeMotionExecutorLog.xml'..
[2025-08-22 12:49:36.421] [init-stage-logger] [info] Configuration file 'TargetAtTimeMotionExecutorLog.xml' is loaded.
[2025-08-22 12:49:36.421] [init-stage-logger] [info] Custom validating 'TargetAtTimeMotionExecutorLog'..
[2025-08-22 12:49:36.421] [init-stage-logger] [info] Custom validated 'TargetAtTimeMotionExecutorLog'.
[2025-08-22 12:49:36.421] [init-stage-logger] [info] Applying 'TargetAtTimeMotionExecutorLog'..
[2025-08-22 12:49:36.421] [init-stage-logger] [info] Applied 'TargetAtTimeMotionExecutorLog'.
[2025-08-22 12:49:36.422] [init-stage-logger] [info] Getting next configuration schema...
[2025-08-22 12:49:36.422] [init-stage-logger] [info] Got schema for: ScalableBufferSplineLog
[2025-08-22 12:49:36.422] [init-stage-logger] [info] Loading configuration file 'ScalableBufferSplineLog.xml'..
[2025-08-22 12:49:36.422] [init-stage-logger] [info] Configuration file 'ScalableBufferSplineLog.xml' is loaded.
[2025-08-22 12:49:36.422] [init-stage-logger] [info] Custom validating 'ScalableBufferSplineLog'..
[2025-08-22 12:49:36.422] [init-stage-logger] [info] Custom validated 'ScalableBufferSplineLog'.
[2025-08-22 12:49:36.422] [init-stage-logger] [info] Applying 'ScalableBufferSplineLog'..
[2025-08-22 12:49:36.422] [init-stage-logger] [info] Applied 'ScalableBufferSplineLog'.
[2025-08-22 12:49:36.422] [init-stage-logger] [info] Configuring DataProvider
[2025-08-22 12:49:36.422] [init-stage-logger] [info] Getting next configuration schema...
[2025-08-22 12:49:36.422] [init-stage-logger] [info] Got schema for: RcpDataProvider
[2025-08-22 12:49:36.422] [init-stage-logger] [info] Loading configuration file 'RcpDataProvider.xml'..
[2025-08-22 12:49:36.422] [init-stage-logger] [info] Configuration file 'RcpDataProvider.xml' is loaded.
[2025-08-22 12:49:36.422] [init-stage-logger] [info] Custom validating 'RcpDataProvider'..
[2025-08-22 12:49:36.423] [init-stage-logger] [info] Custom validated 'RcpDataProvider'.
[2025-08-22 12:49:36.423] [init-stage-logger] [info] Applying 'RcpDataProvider'..
[2025-08-22 12:49:36.423] [init-stage-logger] [info] Applied 'RcpDataProvider'.
[2025-08-22 12:49:36.424] [init-stage-logger] [info] Configuring RcRepository
[2025-08-22 12:49:36.424] [init-stage-logger] [info] Getting next configuration schema...
[2025-08-22 12:49:36.424] [init-stage-logger] [info] Got schema for: RcpRepositoryInfo
[2025-08-22 12:49:36.424] [init-stage-logger] [info] Loading configuration file 'RcpRepositoryInfo.xml'..
[2025-08-22 12:49:36.424] [init-stage-logger] [info] Configuration file 'RcpRepositoryInfo.xml' is loaded.
[2025-08-22 12:49:36.424] [init-stage-logger] [info] Custom validating 'RcpRepositoryInfo'..
[2025-08-22 12:49:36.424] [init-stage-logger] [info] Custom validated 'RcpRepositoryInfo'.
[2025-08-22 12:49:36.424] [init-stage-logger] [info] Applying 'RcpRepositoryInfo'..
[2025-08-22 12:49:36.424] [init-stage-logger] [info] Applied 'RcpRepositoryInfo'.
[2025-08-22 12:49:36.424] [init-stage-logger] [info] Configuring ProgramIntepreter
[2025-08-22 12:49:36.424] [init-stage-logger] [info] Getting next configuration schema...
[2025-08-22 12:49:36.424] [init-stage-logger] [info] Got schema for: RcProgramInterpreter
[2025-08-22 12:49:36.424] [init-stage-logger] [info] Loading configuration file 'RcProgramInterpreter.xml'..
[2025-08-22 12:49:36.425] [init-stage-logger] [info] Configuration file 'RcProgramInterpreter.xml' is loaded.
[2025-08-22 12:49:36.425] [init-stage-logger] [info] Custom validating 'RcProgramInterpreter'..
[2025-08-22 12:49:36.425] [init-stage-logger] [info] Custom validated 'RcProgramInterpreter'.
[2025-08-22 12:49:36.425] [init-stage-logger] [info] Applying 'RcProgramInterpreter'..
[2025-08-22 12:49:36.425] [init-stage-logger] [info] Applied 'RcProgramInterpreter'.
[2025-08-22 12:49:36.428] [init-stage-logger] [info] Getting next configuration schema...
[2025-08-22 12:49:36.428] [init-stage-logger] [info] Got schema for: gcode_logger
[2025-08-22 12:49:36.428] [init-stage-logger] [info] Loading configuration file 'gcode_logger.xml'..
[2025-08-22 12:49:36.428] [init-stage-logger] [info] Configuration file 'gcode_logger.xml' is loaded.
[2025-08-22 12:49:36.428] [init-stage-logger] [info] Custom validating 'gcode_logger'..
[2025-08-22 12:49:36.428] [init-stage-logger] [info] Custom validated 'gcode_logger'.
[2025-08-22 12:49:36.428] [init-stage-logger] [info] Applying 'gcode_logger'..
[2025-08-22 12:49:36.428] [init-stage-logger] [info] Applied 'gcode_logger'.
[2025-08-22 12:49:36.431] [init-stage-logger] [info] Getting next configuration schema...
[2025-08-22 12:49:36.431] [init-stage-logger] [info] Got schema for: ApiServerData
[2025-08-22 12:49:36.431] [init-stage-logger] [info] Loading configuration file 'ApiServerData.xml'..
[2025-08-22 12:49:36.432] [init-stage-logger] [info] Configuration file 'ApiServerData.xml' is loaded.
[2025-08-22 12:49:36.432] [init-stage-logger] [info] Custom validating 'ApiServerData'..
[2025-08-22 12:49:36.432] [init-stage-logger] [info] Custom validated 'ApiServerData'.
[2025-08-22 12:49:36.432] [init-stage-logger] [info] Applying 'ApiServerData'..
[2025-08-22 12:49:36.432] [init-stage-logger] [info] Applied 'ApiServerData'.
[2025-08-22 12:49:36.432] [init-stage-logger] [info] Getting next configuration schema...
[2025-08-22 12:49:36.432] [init-stage-logger] [info] Got schema for: WidgetHandler
[2025-08-22 12:49:36.432] [init-stage-logger] [info] Loading configuration file 'WidgetHandler.xml'..
[2025-08-22 12:49:36.432] [init-stage-logger] [info] Configuration file 'WidgetHandler.xml' is loaded.
[2025-08-22 12:49:36.432] [init-stage-logger] [info] Custom validating 'WidgetHandler'..
[2025-08-22 12:49:36.432] [init-stage-logger] [info] Custom validated 'WidgetHandler'.
[2025-08-22 12:49:36.432] [init-stage-logger] [info] Applying 'WidgetHandler'..
[2025-08-22 12:49:36.432] [init-stage-logger] [info] Applied 'WidgetHandler'.
[2025-08-22 12:49:36.432] [init-stage-logger] [info] Getting next configuration schema...
[2025-08-22 12:49:36.432] [init-stage-logger] [info] Got schema for: RcProgramRunHandler
[2025-08-22 12:49:36.432] [init-stage-logger] [info] Loading configuration file 'RcProgramRunHandler.xml'..
[2025-08-22 12:49:36.432] [init-stage-logger] [info] Configuration file 'RcProgramRunHandler.xml' is loaded.
[2025-08-22 12:49:36.432] [init-stage-logger] [info] Custom validating 'RcProgramRunHandler'..
[2025-08-22 12:49:36.432] [init-stage-logger] [info] Custom validated 'RcProgramRunHandler'.
[2025-08-22 12:49:36.432] [init-stage-logger] [info] Applying 'RcProgramRunHandler'..
[2025-08-22 12:49:36.432] [init-stage-logger] [info] Applied 'RcProgramRunHandler'.
[2025-08-22 12:49:36.432] [init-stage-logger] [info] Getting next configuration schema...
[2025-08-22 12:49:36.432] [init-stage-logger] [info] Got schema for: ToolsAndFramesCalibration
[2025-08-22 12:49:36.432] [init-stage-logger] [info] Loading configuration file 'ToolsAndFramesCalibration.xml'..
[2025-08-22 12:49:36.432] [init-stage-logger] [info] Configuration file 'ToolsAndFramesCalibration.xml' is loaded.
[2025-08-22 12:49:36.432] [init-stage-logger] [info] Custom validating 'ToolsAndFramesCalibration'..
[2025-08-22 12:49:36.432] [init-stage-logger] [info] Custom validated 'ToolsAndFramesCalibration'.
[2025-08-22 12:49:36.432] [init-stage-logger] [info] Applying 'ToolsAndFramesCalibration'..
[2025-08-22 12:49:36.432] [init-stage-logger] [info] Applied 'ToolsAndFramesCalibration'.
[2025-08-22 12:49:36.432] [init-stage-logger] [info] loading addons
[2025-08-22 12:49:36.432] [init-stage-logger] [info] finished init, now running
[2025-08-22 12:49:36.476] [init-stage-logger] [info] Getting next configuration schema...
[2025-08-22 12:49:36.476] [init-stage-logger] [info] Got schema for: RcsGCodeInterpreter
[2025-08-22 12:49:36.476] [init-stage-logger] [info] Loading configuration file 'RcsGCodeInterpreter.xml'..
[2025-08-22 12:49:36.477] [init-stage-logger] [info] Configuration file 'RcsGCodeInterpreter.xml' is loaded.
[2025-08-22 12:49:36.477] [init-stage-logger] [info] Custom validating 'RcsGCodeInterpreter'..
[2025-08-22 12:49:36.477] [init-stage-logger] [info] Custom validated 'RcsGCodeInterpreter'.
[2025-08-22 12:49:36.477] [init-stage-logger] [info] Applying 'RcsGCodeInterpreter'..
[2025-08-22 12:49:36.478] [init-stage-logger] [info] Applied 'RcsGCodeInterpreter'.
[2025-08-22 12:49:36.478] [init-stage-logger] [info] Getting next configuration schema...
[2025-08-22 12:49:36.478] [init-stage-logger] [info] Got schema for: OpcUa
[2025-08-22 12:49:36.478] [init-stage-logger] [info] Loading configuration file 'OpcUa.xml'..
[2025-08-22 12:49:36.479] [init-stage-logger] [info] Configuration file 'OpcUa.xml' is loaded.
[2025-08-22 12:49:36.479] [init-stage-logger] [info] Custom validating 'OpcUa'..
[2025-08-22 12:49:36.479] [init-stage-logger] [info] Custom validated 'OpcUa'.
[2025-08-22 12:49:36.479] [init-stage-logger] [info] Applying 'OpcUa'..
[2025-08-22 12:49:36.479] [init-stage-logger] [info] Applied 'OpcUa'.
[2025-08-22 12:49:36.479] [init-stage-logger] [info] Getting next configuration schema...
[2025-08-22 12:49:36.479] [init-stage-logger] [info] Got schema for: OpcUaServer
[2025-08-22 12:49:36.479] [init-stage-logger] [info] Loading configuration file 'OpcUaServer.xml'..
[2025-08-22 12:49:36.479] [init-stage-logger] [info] Configuration file 'OpcUaServer.xml' is loaded.
[2025-08-22 12:49:36.479] [init-stage-logger] [info] Custom validating 'OpcUaServer'..
[2025-08-22 12:49:36.479] [init-stage-logger] [info] Custom validated 'OpcUaServer'.
[2025-08-22 12:49:36.479] [init-stage-logger] [info] Applying 'OpcUaServer'..
[2025-08-22 12:49:36.520] [init-stage-logger] [info] Applied 'OpcUaServer'.
[2025-08-22 12:49:51.465] [init-stage-logger] [info] Static logger was initialized
[2025-08-22 12:49:51.467] [init-stage-logger] [info] Getting next configuration schema...
[2025-08-22 12:49:51.467] [init-stage-logger] [info] Got schema for: FilesystemEventsLogger
[2025-08-22 12:49:51.467] [init-stage-logger] [info] Loading configuration file 'FilesystemEventsLogger.xml'..
[2025-08-22 12:49:51.467] [init-stage-logger] [info] Configuration file 'FilesystemEventsLogger.xml' is loaded.
[2025-08-22 12:49:51.467] [init-stage-logger] [info] Custom validating 'FilesystemEventsLogger'..
[2025-08-22 12:49:51.468] [init-stage-logger] [info] Custom validated 'FilesystemEventsLogger'.
[2025-08-22 12:49:51.468] [init-stage-logger] [info] Applying 'FilesystemEventsLogger'..
[2025-08-22 12:49:51.468] [init-stage-logger] [info] Applied 'FilesystemEventsLogger'.
[2025-08-22 12:49:51.468] [init-stage-logger] [info] Creating extension provider
[2025-08-22 12:49:51.468] [init-stage-logger] [info] Getting next configuration schema...
[2025-08-22 12:49:51.468] [init-stage-logger] [info] Got schema for: AddonManager
[2025-08-22 12:49:51.468] [init-stage-logger] [info] Loading configuration file 'AddonManager.xml'..
[2025-08-22 12:49:51.468] [init-stage-logger] [info] Configuration file 'AddonManager.xml' is loaded.
[2025-08-22 12:49:51.468] [init-stage-logger] [info] Custom validating 'AddonManager'..
[2025-08-22 12:49:51.468] [init-stage-logger] [info] Custom validated 'AddonManager'.
[2025-08-22 12:49:51.468] [init-stage-logger] [info] Applying 'AddonManager'..
[2025-08-22 12:49:51.468] [init-stage-logger] [info] Applied 'AddonManager'.
[2025-08-22 12:49:51.468] [init-stage-logger] [info] Getting next configuration schema...
[2025-08-22 12:49:51.468] [init-stage-logger] [info] Got schema for: ExtensionProvider
[2025-08-22 12:49:51.468] [init-stage-logger] [info] Loading configuration file 'ExtensionProvider.xml'..
[2025-08-22 12:49:51.468] [init-stage-logger] [info] Configuration file 'ExtensionProvider.xml' is loaded.
[2025-08-22 12:49:51.468] [init-stage-logger] [info] Custom validating 'ExtensionProvider'..
[2025-08-22 12:49:51.468] [init-stage-logger] [info] Custom validated 'ExtensionProvider'.
[2025-08-22 12:49:51.468] [init-stage-logger] [info] Applying 'ExtensionProvider'..
[2025-08-22 12:49:51.480] [init-stage-logger] [info] Applied 'ExtensionProvider'.
[2025-08-22 12:49:51.480] [init-stage-logger] [info] Initializing robot selector
[2025-08-22 12:49:51.480] [init-stage-logger] [info] Getting next configuration schema...
[2025-08-22 12:49:51.480] [init-stage-logger] [info] Got schema for: RobotSelector
[2025-08-22 12:49:51.480] [init-stage-logger] [info] Loading configuration file 'RobotSelector.xml'..
[2025-08-22 12:49:51.481] [init-stage-logger] [info] Configuration file 'RobotSelector.xml' is loaded.
[2025-08-22 12:49:51.481] [init-stage-logger] [info] Custom validating 'RobotSelector'..
[2025-08-22 12:49:51.481] [init-stage-logger] [info] Custom validated 'RobotSelector'.
[2025-08-22 12:49:51.481] [init-stage-logger] [info] Applying 'RobotSelector'..
[2025-08-22 12:49:51.481] [init-stage-logger] [info] Applied 'RobotSelector'.
[2025-08-22 12:49:51.481] [init-stage-logger] [info] Creating Robot object
[2025-08-22 12:49:51.482] [init-stage-logger] [info] Creating Server socket
[2025-08-22 12:49:51.482] [init-stage-logger] [info] Configuring Server socket
[2025-08-22 12:49:51.482] [init-stage-logger] [info] Getting next configuration schema...
[2025-08-22 12:49:51.482] [init-stage-logger] [info] Got schema for: NetworkLogger
[2025-08-22 12:49:51.482] [init-stage-logger] [info] Loading configuration file 'NetworkLogger.xml'..
[2025-08-22 12:49:51.482] [init-stage-logger] [info] Configuration file 'NetworkLogger.xml' is loaded.
[2025-08-22 12:49:51.482] [init-stage-logger] [info] Custom validating 'NetworkLogger'..
[2025-08-22 12:49:51.482] [init-stage-logger] [info] Custom validated 'NetworkLogger'.
[2025-08-22 12:49:51.482] [init-stage-logger] [info] Applying 'NetworkLogger'..
[2025-08-22 12:49:51.482] [init-stage-logger] [info] Applied 'NetworkLogger'.
[2025-08-22 12:49:51.483] [init-stage-logger] [info] Getting next configuration schema...
[2025-08-22 12:49:51.483] [init-stage-logger] [info] Got schema for: AccessManager
[2025-08-22 12:49:51.483] [init-stage-logger] [info] Loading configuration file 'AccessManager.xml'..
[2025-08-22 12:49:51.483] [init-stage-logger] [info] Configuration file 'AccessManager.xml' is loaded.
[2025-08-22 12:49:51.483] [init-stage-logger] [info] Custom validating 'AccessManager'..
[2025-08-22 12:49:51.483] [init-stage-logger] [info] Custom validated 'AccessManager'.
[2025-08-22 12:49:51.483] [init-stage-logger] [info] Applying 'AccessManager'..
[2025-08-22 12:49:51.483] [init-stage-logger] [info] Applied 'AccessManager'.
[2025-08-22 12:49:51.483] [init-stage-logger] [info] Getting next configuration schema...
[2025-08-22 12:49:51.483] [init-stage-logger] [info] Got schema for: MessageCollector
[2025-08-22 12:49:51.483] [init-stage-logger] [info] Loading configuration file 'MessageCollector.xml'..
[2025-08-22 12:49:51.483] [init-stage-logger] [info] Configuration file 'MessageCollector.xml' is loaded.
[2025-08-22 12:49:51.483] [init-stage-logger] [info] Custom validating 'MessageCollector'..
[2025-08-22 12:49:51.483] [init-stage-logger] [info] Custom validated 'MessageCollector'.
[2025-08-22 12:49:51.483] [init-stage-logger] [info] Applying 'MessageCollector'..
[2025-08-22 12:49:51.483] [init-stage-logger] [info] Applied 'MessageCollector'.
[2025-08-22 12:49:51.483] [init-stage-logger] [info] Getting next configuration schema...
[2025-08-22 12:49:51.483] [init-stage-logger] [info] Got schema for: RareData
[2025-08-22 12:49:51.483] [init-stage-logger] [info] Loading configuration file 'RareData.xml'..
[2025-08-22 12:49:51.483] [init-stage-logger] [info] Configuration file 'RareData.xml' is loaded.
[2025-08-22 12:49:51.483] [init-stage-logger] [info] Custom validating 'RareData'..
[2025-08-22 12:49:51.483] [init-stage-logger] [info] Custom validated 'RareData'.
[2025-08-22 12:49:51.483] [init-stage-logger] [info] Applying 'RareData'..
[2025-08-22 12:49:51.483] [init-stage-logger] [info] Applied 'RareData'.
[2025-08-22 12:49:51.483] [init-stage-logger] [info] Getting next configuration schema...
[2025-08-22 12:49:51.484] [init-stage-logger] [info] Got schema for: SoftwareSafetyState
[2025-08-22 12:49:51.484] [init-stage-logger] [info] Loading configuration file 'SoftwareSafetyState.xml'..
[2025-08-22 12:49:51.484] [init-stage-logger] [info] Configuration file 'SoftwareSafetyState.xml' is loaded.
[2025-08-22 12:49:51.484] [init-stage-logger] [info] Custom validating 'SoftwareSafetyState'..
[2025-08-22 12:49:51.484] [init-stage-logger] [info] Custom validated 'SoftwareSafetyState'.
[2025-08-22 12:49:51.484] [init-stage-logger] [info] Applying 'SoftwareSafetyState'..
[2025-08-22 12:49:51.484] [init-stage-logger] [info] Applied 'SoftwareSafetyState'.
[2025-08-22 12:49:51.484] [init-stage-logger] [info] Getting next configuration schema...
[2025-08-22 12:49:51.484] [init-stage-logger] [info] Got schema for: ParametricBaseProvider
[2025-08-22 12:49:51.484] [init-stage-logger] [info] Loading configuration file 'ParametricBaseProvider.xml'..
[2025-08-22 12:49:51.484] [init-stage-logger] [info] Configuration file 'ParametricBaseProvider.xml' is loaded.
[2025-08-22 12:49:51.484] [init-stage-logger] [info] Custom validating 'ParametricBaseProvider'..
[2025-08-22 12:49:51.484] [init-stage-logger] [info] Custom validated 'ParametricBaseProvider'.
[2025-08-22 12:49:51.484] [init-stage-logger] [info] Applying 'ParametricBaseProvider'..
[2025-08-22 12:49:51.484] [init-stage-logger] [info] Applied 'ParametricBaseProvider'.
[2025-08-22 12:49:51.484] [init-stage-logger] [info] Getting next configuration schema...
[2025-08-22 12:49:51.484] [init-stage-logger] [info] Got schema for: LogManager
[2025-08-22 12:49:51.484] [init-stage-logger] [info] Loading configuration file 'LogManager.xml'..
[2025-08-22 12:49:51.484] [init-stage-logger] [info] Configuration file 'LogManager.xml' is loaded.
[2025-08-22 12:49:51.484] [init-stage-logger] [info] Custom validating 'LogManager'..
[2025-08-22 12:49:51.484] [init-stage-logger] [info] Custom validated 'LogManager'.
[2025-08-22 12:49:51.484] [init-stage-logger] [info] Applying 'LogManager'..
[2025-08-22 12:49:51.484] [init-stage-logger] [info] Applied 'LogManager'.
[2025-08-22 12:49:51.484] [init-stage-logger] [info] Getting next configuration schema...
[2025-08-22 12:49:51.484] [init-stage-logger] [info] Got schema for: GuidedModeController
[2025-08-22 12:49:51.484] [init-stage-logger] [info] Loading configuration file 'GuidedModeController.xml'..
[2025-08-22 12:49:51.484] [init-stage-logger] [info] Configuration file 'GuidedModeController.xml' is loaded.
[2025-08-22 12:49:51.484] [init-stage-logger] [info] Custom validating 'GuidedModeController'..
[2025-08-22 12:49:51.484] [init-stage-logger] [info] Custom validated 'GuidedModeController'.
[2025-08-22 12:49:51.484] [init-stage-logger] [info] Applying 'GuidedModeController'..
[2025-08-22 12:49:51.484] [init-stage-logger] [info] Applied 'GuidedModeController'.
[2025-08-22 12:49:51.484] [init-stage-logger] [info] Getting next configuration schema...
[2025-08-22 12:49:51.484] [init-stage-logger] [info] Got schema for: ShutDownRestart
[2025-08-22 12:49:51.484] [init-stage-logger] [info] Loading configuration file 'ShutDownRestart.xml'..
[2025-08-22 12:49:51.485] [init-stage-logger] [info] Configuration file 'ShutDownRestart.xml' is loaded.
[2025-08-22 12:49:51.485] [init-stage-logger] [info] Custom validating 'ShutDownRestart'..
[2025-08-22 12:49:51.485] [init-stage-logger] [info] Custom validated 'ShutDownRestart'.
[2025-08-22 12:49:51.485] [init-stage-logger] [info] Applying 'ShutDownRestart'..
[2025-08-22 12:49:51.485] [init-stage-logger] [info] Applied 'ShutDownRestart'.
[2025-08-22 12:49:51.485] [init-stage-logger] [info] Getting next configuration schema...
[2025-08-22 12:49:51.485] [init-stage-logger] [info] Got schema for: AutorunController
[2025-08-22 12:49:51.485] [init-stage-logger] [info] Loading configuration file 'AutorunController.xml'..
[2025-08-22 12:49:51.485] [init-stage-logger] [info] Configuration file 'AutorunController.xml' is loaded.
[2025-08-22 12:49:51.485] [init-stage-logger] [info] Custom validating 'AutorunController'..
[2025-08-22 12:49:51.485] [init-stage-logger] [info] Custom validated 'AutorunController'.
[2025-08-22 12:49:51.485] [init-stage-logger] [info] Applying 'AutorunController'..
[2025-08-22 12:49:51.485] [init-stage-logger] [info] Applied 'AutorunController'.
[2025-08-22 12:49:51.485] [init-stage-logger] [info] Getting next configuration schema...
[2025-08-22 12:49:51.485] [init-stage-logger] [info] Got schema for: DatagramTransceiver
[2025-08-22 12:49:51.485] [init-stage-logger] [info] Loading configuration file 'DatagramTransceiver.xml'..
[2025-08-22 12:49:51.485] [init-stage-logger] [info] Configuration file 'DatagramTransceiver.xml' is loaded.
[2025-08-22 12:49:51.485] [init-stage-logger] [info] Custom validating 'DatagramTransceiver'..
[2025-08-22 12:49:51.485] [init-stage-logger] [info] Custom validated 'DatagramTransceiver'.
[2025-08-22 12:49:51.485] [init-stage-logger] [info] Applying 'DatagramTransceiver'..
[2025-08-22 12:49:51.485] [init-stage-logger] [info] Applied 'DatagramTransceiver'.
[2025-08-22 12:49:51.485] [init-stage-logger] [info] Getting next configuration schema...
[2025-08-22 12:49:51.485] [init-stage-logger] [info] Got schema for: IntermachineTasksController
[2025-08-22 12:49:51.485] [init-stage-logger] [info] Loading configuration file 'IntermachineTasksController.xml'..
[2025-08-22 12:49:51.485] [init-stage-logger] [info] Configuration file 'IntermachineTasksController.xml' is loaded.
[2025-08-22 12:49:51.485] [init-stage-logger] [info] Custom validating 'IntermachineTasksController'..
[2025-08-22 12:49:51.485] [init-stage-logger] [info] Custom validated 'IntermachineTasksController'.
[2025-08-22 12:49:51.485] [init-stage-logger] [info] Applying 'IntermachineTasksController'..
[2025-08-22 12:49:51.485] [init-stage-logger] [info] Applied 'IntermachineTasksController'.
[2025-08-22 12:49:51.485] [init-stage-logger] [info] Getting next configuration schema...
[2025-08-22 12:49:51.485] [init-stage-logger] [info] Got schema for: UserAlarmsHandler
[2025-08-22 12:49:51.485] [init-stage-logger] [info] Loading configuration file 'UserAlarmsHandler.xml'..
[2025-08-22 12:49:51.485] [init-stage-logger] [info] Configuration file 'UserAlarmsHandler.xml' is loaded.
[2025-08-22 12:49:51.485] [init-stage-logger] [info] Custom validating 'UserAlarmsHandler'..
[2025-08-22 12:49:51.485] [init-stage-logger] [info] Custom validated 'UserAlarmsHandler'.
[2025-08-22 12:49:51.485] [init-stage-logger] [info] Applying 'UserAlarmsHandler'..
[2025-08-22 12:49:51.485] [init-stage-logger] [info] Applied 'UserAlarmsHandler'.
[2025-08-22 12:49:51.485] [init-stage-logger] [info] Getting next configuration schema...
[2025-08-22 12:49:51.485] [init-stage-logger] [info] Got schema for: UserConfigurationManager
[2025-08-22 12:49:51.485] [init-stage-logger] [info] Loading configuration file 'UserConfigurationManager.xml'..
[2025-08-22 12:49:51.485] [init-stage-logger] [info] Configuration file 'UserConfigurationManager.xml' is loaded.
[2025-08-22 12:49:51.485] [init-stage-logger] [info] Custom validating 'UserConfigurationManager'..
[2025-08-22 12:49:51.485] [init-stage-logger] [info] Custom validated 'UserConfigurationManager'.
[2025-08-22 12:49:51.485] [init-stage-logger] [info] Applying 'UserConfigurationManager'..
[2025-08-22 12:49:51.485] [init-stage-logger] [info] Applied 'UserConfigurationManager'.
[2025-08-22 12:49:51.485] [init-stage-logger] [info] Getting next configuration schema...
[2025-08-22 12:49:51.485] [init-stage-logger] [info] Got schema for: JogMotion
[2025-08-22 12:49:51.485] [init-stage-logger] [info] Loading configuration file 'JogMotion.xml'..
[2025-08-22 12:49:51.485] [init-stage-logger] [info] Configuration file 'JogMotion.xml' is loaded.
[2025-08-22 12:49:51.485] [init-stage-logger] [info] Custom validating 'JogMotion'..
[2025-08-22 12:49:51.485] [init-stage-logger] [info] Custom validated 'JogMotion'.
[2025-08-22 12:49:51.485] [init-stage-logger] [info] Applying 'JogMotion'..
[2025-08-22 12:49:51.485] [init-stage-logger] [info] Applied 'JogMotion'.
[2025-08-22 12:49:51.485] [init-stage-logger] [info] Getting next configuration schema...
[2025-08-22 12:49:51.486] [init-stage-logger] [info] Got schema for: Signals
[2025-08-22 12:49:51.486] [init-stage-logger] [info] Loading configuration file 'Signals.xml'..
[2025-08-22 12:49:51.486] [init-stage-logger] [info] Configuration file 'Signals.xml' is loaded.
[2025-08-22 12:49:51.486] [init-stage-logger] [info] Custom validating 'Signals'..
[2025-08-22 12:49:51.486] [init-stage-logger] [info] Custom validated 'Signals'.
[2025-08-22 12:49:51.486] [init-stage-logger] [info] Applying 'Signals'..
[2025-08-22 12:49:51.486] [init-stage-logger] [info] Loading configuration file 'ModbusTCPBusForDevice/weld_source.xml'..
[2025-08-22 12:49:51.486] [init-stage-logger] [info] Configuration file 'ModbusTCPBusForDevice/weld_source.xml' is loaded.
[2025-08-22 12:49:51.486] [init-stage-logger] [info] Custom validating 'ModbusTCPBusForDevice'..
[2025-08-22 12:49:51.486] [init-stage-logger] [info] Custom validated 'ModbusTCPBusForDevice'.
[2025-08-22 12:49:51.486] [init-stage-logger] [info] Applying 'ModbusTCPBusForDevice'..
[2025-08-22 12:49:51.486] [init-stage-logger] [info] Applied 'ModbusTCPBusForDevice'.
[2025-08-22 12:49:51.486] [init-stage-logger] [info] Applied 'Signals'.
[2025-08-22 12:49:51.486] [init-stage-logger] [info] Getting next configuration schema...
[2025-08-22 12:49:51.486] [init-stage-logger] [info] Got schema for: DrivesControllerV2
[2025-08-22 12:49:51.486] [init-stage-logger] [info] Loading configuration file 'DrivesControllerV2.xml'..
[2025-08-22 12:49:51.486] [init-stage-logger] [info] Configuration file 'DrivesControllerV2.xml' is loaded.
[2025-08-22 12:49:51.486] [init-stage-logger] [info] Custom validating 'DrivesControllerV2'..
[2025-08-22 12:49:51.486] [init-stage-logger] [info] Custom validated 'DrivesControllerV2'.
[2025-08-22 12:49:51.486] [init-stage-logger] [info] Applying 'DrivesControllerV2'..
[2025-08-22 12:49:51.586] [init-stage-logger] [info] Applied 'DrivesControllerV2'.
[2025-08-22 12:49:51.586] [init-stage-logger] [info] Getting next configuration schema...
[2025-08-22 12:49:51.586] [init-stage-logger] [info] Got schema for: SplinePathGeneratorInfo
[2025-08-22 12:49:51.586] [init-stage-logger] [info] Loading configuration file 'SplinePathGeneratorInfo.xml'..
[2025-08-22 12:49:51.587] [init-stage-logger] [info] Configuration file 'SplinePathGeneratorInfo.xml' is loaded.
[2025-08-22 12:49:51.587] [init-stage-logger] [info] Custom validating 'SplinePathGeneratorInfo'..
[2025-08-22 12:49:51.587] [init-stage-logger] [info] Custom validated 'SplinePathGeneratorInfo'.
[2025-08-22 12:49:51.587] [init-stage-logger] [info] Applying 'SplinePathGeneratorInfo'..
[2025-08-22 12:49:51.587] [init-stage-logger] [info] Applied 'SplinePathGeneratorInfo'.
[2025-08-22 12:49:51.587] [init-stage-logger] [info] Getting next configuration schema...
[2025-08-22 12:49:51.587] [init-stage-logger] [info] Got schema for: TargetAtTimeExecutor
[2025-08-22 12:49:51.587] [init-stage-logger] [info] Loading configuration file 'TargetAtTimeExecutor.xml'..
[2025-08-22 12:49:51.587] [init-stage-logger] [info] Configuration file 'TargetAtTimeExecutor.xml' is loaded.
[2025-08-22 12:49:51.587] [init-stage-logger] [info] Custom validating 'TargetAtTimeExecutor'..
[2025-08-22 12:49:51.587] [init-stage-logger] [info] Custom validated 'TargetAtTimeExecutor'.
[2025-08-22 12:49:51.587] [init-stage-logger] [info] Applying 'TargetAtTimeExecutor'..
[2025-08-22 12:49:51.587] [init-stage-logger] [info] Applied 'TargetAtTimeExecutor'.
[2025-08-22 12:49:51.587] [init-stage-logger] [info] Getting next configuration schema...
[2025-08-22 12:49:51.587] [init-stage-logger] [info] Got schema for: SdcLog
[2025-08-22 12:49:51.587] [init-stage-logger] [info] Loading configuration file 'SdcLog.xml'..
[2025-08-22 12:49:51.587] [init-stage-logger] [info] Configuration file 'SdcLog.xml' is loaded.
[2025-08-22 12:49:51.587] [init-stage-logger] [info] Custom validating 'SdcLog'..
[2025-08-22 12:49:51.587] [init-stage-logger] [info] Custom validated 'SdcLog'.
[2025-08-22 12:49:51.587] [init-stage-logger] [info] Applying 'SdcLog'..
[2025-08-22 12:49:51.587] [init-stage-logger] [info] Applied 'SdcLog'.
[2025-08-22 12:49:51.588] [init-stage-logger] [info] Getting next configuration schema...
[2025-08-22 12:49:51.588] [init-stage-logger] [info] Got schema for: RawMotionQueueControllerLog
[2025-08-22 12:49:51.588] [init-stage-logger] [info] Loading configuration file 'RawMotionQueueControllerLog.xml'..
[2025-08-22 12:49:51.588] [init-stage-logger] [info] Configuration file 'RawMotionQueueControllerLog.xml' is loaded.
[2025-08-22 12:49:51.588] [init-stage-logger] [info] Custom validating 'RawMotionQueueControllerLog'..
[2025-08-22 12:49:51.588] [init-stage-logger] [info] Custom validated 'RawMotionQueueControllerLog'.
[2025-08-22 12:49:51.588] [init-stage-logger] [info] Applying 'RawMotionQueueControllerLog'..
[2025-08-22 12:49:51.588] [init-stage-logger] [info] Applied 'RawMotionQueueControllerLog'.
[2025-08-22 12:49:51.588] [init-stage-logger] [info] Getting next configuration schema...
[2025-08-22 12:49:51.588] [init-stage-logger] [info] Got schema for: ExecutionControllerLog
[2025-08-22 12:49:51.588] [init-stage-logger] [info] Loading configuration file 'ExecutionControllerLog.xml'..
[2025-08-22 12:49:51.588] [init-stage-logger] [info] Configuration file 'ExecutionControllerLog.xml' is loaded.
[2025-08-22 12:49:51.588] [init-stage-logger] [info] Custom validating 'ExecutionControllerLog'..
[2025-08-22 12:49:51.588] [init-stage-logger] [info] Custom validated 'ExecutionControllerLog'.
[2025-08-22 12:49:51.588] [init-stage-logger] [info] Applying 'ExecutionControllerLog'..
[2025-08-22 12:49:51.588] [init-stage-logger] [info] Applied 'ExecutionControllerLog'.
[2025-08-22 12:49:51.589] [init-stage-logger] [info] Getting next configuration schema...
[2025-08-22 12:49:51.589] [init-stage-logger] [info] Got schema for: TargetAtTimeMotionExecutorLog
[2025-08-22 12:49:51.589] [init-stage-logger] [info] Loading configuration file 'TargetAtTimeMotionExecutorLog.xml'..
[2025-08-22 12:49:51.589] [init-stage-logger] [info] Configuration file 'TargetAtTimeMotionExecutorLog.xml' is loaded.
[2025-08-22 12:49:51.589] [init-stage-logger] [info] Custom validating 'TargetAtTimeMotionExecutorLog'..
[2025-08-22 12:49:51.589] [init-stage-logger] [info] Custom validated 'TargetAtTimeMotionExecutorLog'.
[2025-08-22 12:49:51.589] [init-stage-logger] [info] Applying 'TargetAtTimeMotionExecutorLog'..
[2025-08-22 12:49:51.589] [init-stage-logger] [info] Applied 'TargetAtTimeMotionExecutorLog'.
[2025-08-22 12:49:51.589] [init-stage-logger] [info] Getting next configuration schema...
[2025-08-22 12:49:51.589] [init-stage-logger] [info] Got schema for: ScalableBufferSplineLog
[2025-08-22 12:49:51.589] [init-stage-logger] [info] Loading configuration file 'ScalableBufferSplineLog.xml'..
[2025-08-22 12:49:51.589] [init-stage-logger] [info] Configuration file 'ScalableBufferSplineLog.xml' is loaded.
[2025-08-22 12:49:51.589] [init-stage-logger] [info] Custom validating 'ScalableBufferSplineLog'..
[2025-08-22 12:49:51.589] [init-stage-logger] [info] Custom validated 'ScalableBufferSplineLog'.
[2025-08-22 12:49:51.589] [init-stage-logger] [info] Applying 'ScalableBufferSplineLog'..
[2025-08-22 12:49:51.589] [init-stage-logger] [info] Applied 'ScalableBufferSplineLog'.
[2025-08-22 12:49:51.589] [init-stage-logger] [info] Configuring DataProvider
[2025-08-22 12:49:51.589] [init-stage-logger] [info] Getting next configuration schema...
[2025-08-22 12:49:51.589] [init-stage-logger] [info] Got schema for: RcpDataProvider
[2025-08-22 12:49:51.589] [init-stage-logger] [info] Loading configuration file 'RcpDataProvider.xml'..
[2025-08-22 12:49:51.589] [init-stage-logger] [info] Configuration file 'RcpDataProvider.xml' is loaded.
[2025-08-22 12:49:51.589] [init-stage-logger] [info] Custom validating 'RcpDataProvider'..
[2025-08-22 12:49:51.589] [init-stage-logger] [info] Custom validated 'RcpDataProvider'.
[2025-08-22 12:49:51.589] [init-stage-logger] [info] Applying 'RcpDataProvider'..
[2025-08-22 12:49:51.590] [init-stage-logger] [info] Applied 'RcpDataProvider'.
[2025-08-22 12:49:51.590] [init-stage-logger] [info] Configuring RcRepository
[2025-08-22 12:49:51.590] [init-stage-logger] [info] Getting next configuration schema...
[2025-08-22 12:49:51.590] [init-stage-logger] [info] Got schema for: RcpRepositoryInfo
[2025-08-22 12:49:51.590] [init-stage-logger] [info] Loading configuration file 'RcpRepositoryInfo.xml'..
[2025-08-22 12:49:51.590] [init-stage-logger] [info] Configuration file 'RcpRepositoryInfo.xml' is loaded.
[2025-08-22 12:49:51.590] [init-stage-logger] [info] Custom validating 'RcpRepositoryInfo'..
[2025-08-22 12:49:51.590] [init-stage-logger] [info] Custom validated 'RcpRepositoryInfo'.
[2025-08-22 12:49:51.590] [init-stage-logger] [info] Applying 'RcpRepositoryInfo'..
[2025-08-22 12:49:51.591] [init-stage-logger] [info] Applied 'RcpRepositoryInfo'.
[2025-08-22 12:49:51.591] [init-stage-logger] [info] Configuring ProgramIntepreter
[2025-08-22 12:49:51.591] [init-stage-logger] [info] Getting next configuration schema...
[2025-08-22 12:49:51.591] [init-stage-logger] [info] Got schema for: RcProgramInterpreter
[2025-08-22 12:49:51.591] [init-stage-logger] [info] Loading configuration file 'RcProgramInterpreter.xml'..
[2025-08-22 12:49:51.591] [init-stage-logger] [info] Configuration file 'RcProgramInterpreter.xml' is loaded.
[2025-08-22 12:49:51.591] [init-stage-logger] [info] Custom validating 'RcProgramInterpreter'..
[2025-08-22 12:49:51.591] [init-stage-logger] [info] Custom validated 'RcProgramInterpreter'.
[2025-08-22 12:49:51.591] [init-stage-logger] [info] Applying 'RcProgramInterpreter'..
[2025-08-22 12:49:51.591] [init-stage-logger] [info] Applied 'RcProgramInterpreter'.
[2025-08-22 12:49:51.592] [init-stage-logger] [info] Getting next configuration schema...
[2025-08-22 12:49:51.592] [init-stage-logger] [info] Got schema for: gcode_logger
[2025-08-22 12:49:51.592] [init-stage-logger] [info] Loading configuration file 'gcode_logger.xml'..
[2025-08-22 12:49:51.592] [init-stage-logger] [info] Configuration file 'gcode_logger.xml' is loaded.
[2025-08-22 12:49:51.592] [init-stage-logger] [info] Custom validating 'gcode_logger'..
[2025-08-22 12:49:51.592] [init-stage-logger] [info] Custom validated 'gcode_logger'.
[2025-08-22 12:49:51.592] [init-stage-logger] [info] Applying 'gcode_logger'..
[2025-08-22 12:49:51.592] [init-stage-logger] [info] Applied 'gcode_logger'.
[2025-08-22 12:49:51.593] [init-stage-logger] [info] Getting next configuration schema...
[2025-08-22 12:49:51.593] [init-stage-logger] [info] Got schema for: ApiServerData
[2025-08-22 12:49:51.593] [init-stage-logger] [info] Loading configuration file 'ApiServerData.xml'..
[2025-08-22 12:49:51.593] [init-stage-logger] [info] Configuration file 'ApiServerData.xml' is loaded.
[2025-08-22 12:49:51.593] [init-stage-logger] [info] Custom validating 'ApiServerData'..
[2025-08-22 12:49:51.593] [init-stage-logger] [info] Custom validated 'ApiServerData'.
[2025-08-22 12:49:51.593] [init-stage-logger] [info] Applying 'ApiServerData'..
[2025-08-22 12:49:51.593] [init-stage-logger] [info] Applied 'ApiServerData'.
[2025-08-22 12:49:51.593] [init-stage-logger] [info] Getting next configuration schema...
[2025-08-22 12:49:51.593] [init-stage-logger] [info] Got schema for: WidgetHandler
[2025-08-22 12:49:51.593] [init-stage-logger] [info] Loading configuration file 'WidgetHandler.xml'..
[2025-08-22 12:49:51.593] [init-stage-logger] [info] Configuration file 'WidgetHandler.xml' is loaded.
[2025-08-22 12:49:51.593] [init-stage-logger] [info] Custom validating 'WidgetHandler'..
[2025-08-22 12:49:51.593] [init-stage-logger] [info] Custom validated 'WidgetHandler'.
[2025-08-22 12:49:51.593] [init-stage-logger] [info] Applying 'WidgetHandler'..
[2025-08-22 12:49:51.593] [init-stage-logger] [info] Applied 'WidgetHandler'.
[2025-08-22 12:49:51.593] [init-stage-logger] [info] Getting next configuration schema...
[2025-08-22 12:49:51.593] [init-stage-logger] [info] Got schema for: RcProgramRunHandler
[2025-08-22 12:49:51.593] [init-stage-logger] [info] Loading configuration file 'RcProgramRunHandler.xml'..
[2025-08-22 12:49:51.593] [init-stage-logger] [info] Configuration file 'RcProgramRunHandler.xml' is loaded.
[2025-08-22 12:49:51.593] [init-stage-logger] [info] Custom validating 'RcProgramRunHandler'..
[2025-08-22 12:49:51.593] [init-stage-logger] [info] Custom validated 'RcProgramRunHandler'.
[2025-08-22 12:49:51.593] [init-stage-logger] [info] Applying 'RcProgramRunHandler'..
[2025-08-22 12:49:51.593] [init-stage-logger] [info] Applied 'RcProgramRunHandler'.
[2025-08-22 12:49:51.593] [init-stage-logger] [info] Getting next configuration schema...
[2025-08-22 12:49:51.593] [init-stage-logger] [info] Got schema for: ToolsAndFramesCalibration
[2025-08-22 12:49:51.593] [init-stage-logger] [info] Loading configuration file 'ToolsAndFramesCalibration.xml'..
[2025-08-22 12:49:51.593] [init-stage-logger] [info] Configuration file 'ToolsAndFramesCalibration.xml' is loaded.
[2025-08-22 12:49:51.593] [init-stage-logger] [info] Custom validating 'ToolsAndFramesCalibration'..
[2025-08-22 12:49:51.593] [init-stage-logger] [info] Custom validated 'ToolsAndFramesCalibration'.
[2025-08-22 12:49:51.593] [init-stage-logger] [info] Applying 'ToolsAndFramesCalibration'..
[2025-08-22 12:49:51.593] [init-stage-logger] [info] Applied 'ToolsAndFramesCalibration'.
[2025-08-22 12:49:51.593] [init-stage-logger] [info] loading addons
[2025-08-22 12:49:51.593] [init-stage-logger] [info] finished init, now running
[2025-08-22 12:49:51.634] [init-stage-logger] [info] Getting next configuration schema...
[2025-08-22 12:49:51.634] [init-stage-logger] [info] Got schema for: RcsGCodeInterpreter
[2025-08-22 12:49:51.634] [init-stage-logger] [info] Loading configuration file 'RcsGCodeInterpreter.xml'..
[2025-08-22 12:49:51.634] [init-stage-logger] [info] Configuration file 'RcsGCodeInterpreter.xml' is loaded.
[2025-08-22 12:49:51.634] [init-stage-logger] [info] Custom validating 'RcsGCodeInterpreter'..
[2025-08-22 12:49:51.634] [init-stage-logger] [info] Custom validated 'RcsGCodeInterpreter'.
[2025-08-22 12:49:51.634] [init-stage-logger] [info] Applying 'RcsGCodeInterpreter'..
[2025-08-22 12:49:51.635] [init-stage-logger] [info] Applied 'RcsGCodeInterpreter'.
[2025-08-22 12:49:51.635] [init-stage-logger] [info] Getting next configuration schema...
[2025-08-22 12:49:51.635] [init-stage-logger] [info] Got schema for: OpcUa
[2025-08-22 12:49:51.635] [init-stage-logger] [info] Loading configuration file 'OpcUa.xml'..
[2025-08-22 12:49:51.635] [init-stage-logger] [info] Configuration file 'OpcUa.xml' is loaded.
[2025-08-22 12:49:51.635] [init-stage-logger] [info] Custom validating 'OpcUa'..
[2025-08-22 12:49:51.635] [init-stage-logger] [info] Custom validated 'OpcUa'.
[2025-08-22 12:49:51.635] [init-stage-logger] [info] Applying 'OpcUa'..
[2025-08-22 12:49:51.635] [init-stage-logger] [info] Applied 'OpcUa'.
[2025-08-22 12:49:51.636] [init-stage-logger] [info] Getting next configuration schema...
[2025-08-22 12:49:51.636] [init-stage-logger] [info] Got schema for: OpcUaServer
[2025-08-22 12:49:51.636] [init-stage-logger] [info] Loading configuration file 'OpcUaServer.xml'..
[2025-08-22 12:49:51.636] [init-stage-logger] [info] Configuration file 'OpcUaServer.xml' is loaded.
[2025-08-22 12:49:51.636] [init-stage-logger] [info] Custom validating 'OpcUaServer'..
[2025-08-22 12:49:51.636] [init-stage-logger] [info] Custom validated 'OpcUaServer'.
[2025-08-22 12:49:51.636] [init-stage-logger] [info] Applying 'OpcUaServer'..
[2025-08-22 12:49:51.660] [init-stage-logger] [info] Applied 'OpcUaServer'.
[2025-08-24 08:22:14.792] [init-stage-logger] [info] Static logger was initialized
[2025-08-24 08:22:14.796] [init-stage-logger] [info] Getting next configuration schema...
[2025-08-24 08:22:14.799] [init-stage-logger] [info] Got schema for: FilesystemEventsLogger
[2025-08-24 08:22:14.799] [init-stage-logger] [info] Loading configuration file 'FilesystemEventsLogger.xml'..
[2025-08-24 08:22:14.799] [init-stage-logger] [info] Configuration file 'FilesystemEventsLogger.xml' is loaded.
[2025-08-24 08:22:14.799] [init-stage-logger] [info] Custom validating 'FilesystemEventsLogger'..
[2025-08-24 08:22:14.799] [init-stage-logger] [info] Custom validated 'FilesystemEventsLogger'.
[2025-08-24 08:22:14.799] [init-stage-logger] [info] Applying 'FilesystemEventsLogger'..
[2025-08-24 08:22:14.799] [init-stage-logger] [info] Applied 'FilesystemEventsLogger'.
[2025-08-24 08:22:14.799] [init-stage-logger] [info] Creating extension provider
[2025-08-24 08:22:14.799] [init-stage-logger] [info] Getting next configuration schema...
[2025-08-24 08:22:14.800] [init-stage-logger] [info] Got schema for: AddonManager
[2025-08-24 08:22:14.800] [init-stage-logger] [info] Loading configuration file 'AddonManager.xml'..
[2025-08-24 08:22:14.800] [init-stage-logger] [info] Configuration file 'AddonManager.xml' is loaded.
[2025-08-24 08:22:14.800] [init-stage-logger] [info] Custom validating 'AddonManager'..
[2025-08-24 08:22:14.800] [init-stage-logger] [info] Custom validated 'AddonManager'.
[2025-08-24 08:22:14.800] [init-stage-logger] [info] Applying 'AddonManager'..
[2025-08-24 08:22:14.800] [init-stage-logger] [info] Applied 'AddonManager'.
[2025-08-24 08:22:14.800] [init-stage-logger] [info] Getting next configuration schema...
[2025-08-24 08:22:14.800] [init-stage-logger] [info] Got schema for: ExtensionProvider
[2025-08-24 08:22:14.800] [init-stage-logger] [info] Loading configuration file 'ExtensionProvider.xml'..
[2025-08-24 08:22:14.801] [init-stage-logger] [info] Configuration file 'ExtensionProvider.xml' is loaded.
[2025-08-24 08:22:14.801] [init-stage-logger] [info] Custom validating 'ExtensionProvider'..
[2025-08-24 08:22:14.801] [init-stage-logger] [info] Custom validated 'ExtensionProvider'.
[2025-08-24 08:22:14.801] [init-stage-logger] [info] Applying 'ExtensionProvider'..
[2025-08-24 08:22:14.835] [init-stage-logger] [info] Applied 'ExtensionProvider'.
[2025-08-24 08:22:14.835] [init-stage-logger] [info] Initializing robot selector
[2025-08-24 08:22:14.836] [init-stage-logger] [info] Getting next configuration schema...
[2025-08-24 08:22:14.836] [init-stage-logger] [info] Got schema for: RobotSelector
[2025-08-24 08:22:14.836] [init-stage-logger] [info] Loading configuration file 'RobotSelector.xml'..
[2025-08-24 08:22:14.836] [init-stage-logger] [info] Configuration file 'RobotSelector.xml' is loaded.
[2025-08-24 08:22:14.836] [init-stage-logger] [info] Custom validating 'RobotSelector'..
[2025-08-24 08:22:14.836] [init-stage-logger] [info] Custom validated 'RobotSelector'.
[2025-08-24 08:22:14.836] [init-stage-logger] [info] Applying 'RobotSelector'..
[2025-08-24 08:22:14.837] [init-stage-logger] [info] Applied 'RobotSelector'.
[2025-08-24 08:22:14.837] [init-stage-logger] [info] Creating Robot object
[2025-08-24 08:22:14.849] [init-stage-logger] [info] Creating Server socket
[2025-08-24 08:22:14.849] [init-stage-logger] [info] Configuring Server socket
[2025-08-24 08:22:14.849] [init-stage-logger] [info] Getting next configuration schema...
[2025-08-24 08:22:14.849] [init-stage-logger] [info] Got schema for: NetworkLogger
[2025-08-24 08:22:14.849] [init-stage-logger] [info] Loading configuration file 'NetworkLogger.xml'..
[2025-08-24 08:22:14.850] [init-stage-logger] [info] Configuration file 'NetworkLogger.xml' is loaded.
[2025-08-24 08:22:14.850] [init-stage-logger] [info] Custom validating 'NetworkLogger'..
[2025-08-24 08:22:14.850] [init-stage-logger] [info] Custom validated 'NetworkLogger'.
[2025-08-24 08:22:14.850] [init-stage-logger] [info] Applying 'NetworkLogger'..
[2025-08-24 08:22:14.850] [init-stage-logger] [info] Applied 'NetworkLogger'.
[2025-08-24 08:22:14.851] [init-stage-logger] [info] Getting next configuration schema...
[2025-08-24 08:22:14.851] [init-stage-logger] [info] Got schema for: AccessManager
[2025-08-24 08:22:14.851] [init-stage-logger] [info] Loading configuration file 'AccessManager.xml'..
[2025-08-24 08:22:14.851] [init-stage-logger] [info] Configuration file 'AccessManager.xml' is loaded.
[2025-08-24 08:22:14.851] [init-stage-logger] [info] Custom validating 'AccessManager'..
[2025-08-24 08:22:14.851] [init-stage-logger] [info] Custom validated 'AccessManager'.
[2025-08-24 08:22:14.851] [init-stage-logger] [info] Applying 'AccessManager'..
[2025-08-24 08:22:14.851] [init-stage-logger] [info] Applied 'AccessManager'.
[2025-08-24 08:22:14.852] [init-stage-logger] [info] Getting next configuration schema...
[2025-08-24 08:22:14.852] [init-stage-logger] [info] Got schema for: MessageCollector
[2025-08-24 08:22:14.852] [init-stage-logger] [info] Loading configuration file 'MessageCollector.xml'..
[2025-08-24 08:22:14.852] [init-stage-logger] [info] Configuration file 'MessageCollector.xml' is loaded.
[2025-08-24 08:22:14.852] [init-stage-logger] [info] Custom validating 'MessageCollector'..
[2025-08-24 08:22:14.852] [init-stage-logger] [info] Custom validated 'MessageCollector'.
[2025-08-24 08:22:14.852] [init-stage-logger] [info] Applying 'MessageCollector'..
[2025-08-24 08:22:14.852] [init-stage-logger] [info] Applied 'MessageCollector'.
[2025-08-24 08:22:14.852] [init-stage-logger] [info] Getting next configuration schema...
[2025-08-24 08:22:14.852] [init-stage-logger] [info] Got schema for: RareData
[2025-08-24 08:22:14.852] [init-stage-logger] [info] Loading configuration file 'RareData.xml'..
[2025-08-24 08:22:14.852] [init-stage-logger] [info] Configuration file 'RareData.xml' is loaded.
[2025-08-24 08:22:14.852] [init-stage-logger] [info] Custom validating 'RareData'..
[2025-08-24 08:22:14.852] [init-stage-logger] [info] Custom validated 'RareData'.
[2025-08-24 08:22:14.852] [init-stage-logger] [info] Applying 'RareData'..
[2025-08-24 08:22:14.852] [init-stage-logger] [info] Applied 'RareData'.
[2025-08-24 08:22:14.852] [init-stage-logger] [info] Getting next configuration schema...
[2025-08-24 08:22:14.852] [init-stage-logger] [info] Got schema for: SoftwareSafetyState
[2025-08-24 08:22:14.852] [init-stage-logger] [info] Loading configuration file 'SoftwareSafetyState.xml'..
[2025-08-24 08:22:14.853] [init-stage-logger] [info] Configuration file 'SoftwareSafetyState.xml' is loaded.
[2025-08-24 08:22:14.853] [init-stage-logger] [info] Custom validating 'SoftwareSafetyState'..
[2025-08-24 08:22:14.853] [init-stage-logger] [info] Custom validated 'SoftwareSafetyState'.
[2025-08-24 08:22:14.853] [init-stage-logger] [info] Applying 'SoftwareSafetyState'..
[2025-08-24 08:22:14.853] [init-stage-logger] [info] Applied 'SoftwareSafetyState'.
[2025-08-24 08:22:14.853] [init-stage-logger] [info] Getting next configuration schema...
[2025-08-24 08:22:14.853] [init-stage-logger] [info] Got schema for: ParametricBaseProvider
[2025-08-24 08:22:14.853] [init-stage-logger] [info] Loading configuration file 'ParametricBaseProvider.xml'..
[2025-08-24 08:22:14.853] [init-stage-logger] [info] Configuration file 'ParametricBaseProvider.xml' is loaded.
[2025-08-24 08:22:14.853] [init-stage-logger] [info] Custom validating 'ParametricBaseProvider'..
[2025-08-24 08:22:14.853] [init-stage-logger] [info] Custom validated 'ParametricBaseProvider'.
[2025-08-24 08:22:14.853] [init-stage-logger] [info] Applying 'ParametricBaseProvider'..
[2025-08-24 08:22:14.853] [init-stage-logger] [info] Applied 'ParametricBaseProvider'.
[2025-08-24 08:22:14.853] [init-stage-logger] [info] Getting next configuration schema...
[2025-08-24 08:22:14.853] [init-stage-logger] [info] Got schema for: LogManager
[2025-08-24 08:22:14.853] [init-stage-logger] [info] Loading configuration file 'LogManager.xml'..
[2025-08-24 08:22:14.853] [init-stage-logger] [info] Configuration file 'LogManager.xml' is loaded.
[2025-08-24 08:22:14.853] [init-stage-logger] [info] Custom validating 'LogManager'..
[2025-08-24 08:22:14.853] [init-stage-logger] [info] Custom validated 'LogManager'.
[2025-08-24 08:22:14.853] [init-stage-logger] [info] Applying 'LogManager'..
[2025-08-24 08:22:14.853] [init-stage-logger] [info] Applied 'LogManager'.
[2025-08-24 08:22:14.853] [init-stage-logger] [info] Getting next configuration schema...
[2025-08-24 08:22:14.854] [init-stage-logger] [info] Got schema for: GuidedModeController
[2025-08-24 08:22:14.854] [init-stage-logger] [info] Loading configuration file 'GuidedModeController.xml'..
[2025-08-24 08:22:14.854] [init-stage-logger] [info] Configuration file 'GuidedModeController.xml' is loaded.
[2025-08-24 08:22:14.854] [init-stage-logger] [info] Custom validating 'GuidedModeController'..
[2025-08-24 08:22:14.854] [init-stage-logger] [info] Custom validated 'GuidedModeController'.
[2025-08-24 08:22:14.854] [init-stage-logger] [info] Applying 'GuidedModeController'..
[2025-08-24 08:22:14.854] [init-stage-logger] [info] Applied 'GuidedModeController'.
[2025-08-24 08:22:14.854] [init-stage-logger] [info] Getting next configuration schema...
[2025-08-24 08:22:14.854] [init-stage-logger] [info] Got schema for: ShutDownRestart
[2025-08-24 08:22:14.854] [init-stage-logger] [info] Loading configuration file 'ShutDownRestart.xml'..
[2025-08-24 08:22:14.855] [init-stage-logger] [info] Configuration file 'ShutDownRestart.xml' is loaded.
[2025-08-24 08:22:14.855] [init-stage-logger] [info] Custom validating 'ShutDownRestart'..
[2025-08-24 08:22:14.855] [init-stage-logger] [info] Custom validated 'ShutDownRestart'.
[2025-08-24 08:22:14.855] [init-stage-logger] [info] Applying 'ShutDownRestart'..
[2025-08-24 08:22:14.855] [init-stage-logger] [info] Applied 'ShutDownRestart'.
[2025-08-24 08:22:14.855] [init-stage-logger] [info] Getting next configuration schema...
[2025-08-24 08:22:14.855] [init-stage-logger] [info] Got schema for: AutorunController
[2025-08-24 08:22:14.855] [init-stage-logger] [info] Loading configuration file 'AutorunController.xml'..
[2025-08-24 08:22:14.855] [init-stage-logger] [info] Configuration file 'AutorunController.xml' is loaded.
[2025-08-24 08:22:14.855] [init-stage-logger] [info] Custom validating 'AutorunController'..
[2025-08-24 08:22:14.855] [init-stage-logger] [info] Custom validated 'AutorunController'.
[2025-08-24 08:22:14.855] [init-stage-logger] [info] Applying 'AutorunController'..
[2025-08-24 08:22:14.855] [init-stage-logger] [info] Applied 'AutorunController'.
[2025-08-24 08:22:14.855] [init-stage-logger] [info] Getting next configuration schema...
[2025-08-24 08:22:14.855] [init-stage-logger] [info] Got schema for: DatagramTransceiver
[2025-08-24 08:22:14.855] [init-stage-logger] [info] Loading configuration file 'DatagramTransceiver.xml'..
[2025-08-24 08:22:14.855] [init-stage-logger] [info] Configuration file 'DatagramTransceiver.xml' is loaded.
[2025-08-24 08:22:14.855] [init-stage-logger] [info] Custom validating 'DatagramTransceiver'..
[2025-08-24 08:22:14.855] [init-stage-logger] [info] Custom validated 'DatagramTransceiver'.
[2025-08-24 08:22:14.855] [init-stage-logger] [info] Applying 'DatagramTransceiver'..
[2025-08-24 08:22:14.855] [init-stage-logger] [info] Applied 'DatagramTransceiver'.
[2025-08-24 08:22:14.855] [init-stage-logger] [info] Getting next configuration schema...
[2025-08-24 08:22:14.855] [init-stage-logger] [info] Got schema for: IntermachineTasksController
[2025-08-24 08:22:14.855] [init-stage-logger] [info] Loading configuration file 'IntermachineTasksController.xml'..
[2025-08-24 08:22:14.855] [init-stage-logger] [info] Configuration file 'IntermachineTasksController.xml' is loaded.
[2025-08-24 08:22:14.855] [init-stage-logger] [info] Custom validating 'IntermachineTasksController'..
[2025-08-24 08:22:14.855] [init-stage-logger] [info] Custom validated 'IntermachineTasksController'.
[2025-08-24 08:22:14.855] [init-stage-logger] [info] Applying 'IntermachineTasksController'..
[2025-08-24 08:22:14.855] [init-stage-logger] [info] Applied 'IntermachineTasksController'.
[2025-08-24 08:22:14.855] [init-stage-logger] [info] Getting next configuration schema...
[2025-08-24 08:22:14.855] [init-stage-logger] [info] Got schema for: UserAlarmsHandler
[2025-08-24 08:22:14.855] [init-stage-logger] [info] Loading configuration file 'UserAlarmsHandler.xml'..
[2025-08-24 08:22:14.855] [init-stage-logger] [info] Configuration file 'UserAlarmsHandler.xml' is loaded.
[2025-08-24 08:22:14.855] [init-stage-logger] [info] Custom validating 'UserAlarmsHandler'..
[2025-08-24 08:22:14.855] [init-stage-logger] [info] Custom validated 'UserAlarmsHandler'.
[2025-08-24 08:22:14.855] [init-stage-logger] [info] Applying 'UserAlarmsHandler'..
[2025-08-24 08:22:14.855] [init-stage-logger] [info] Applied 'UserAlarmsHandler'.
[2025-08-24 08:22:14.855] [init-stage-logger] [info] Getting next configuration schema...
[2025-08-24 08:22:14.856] [init-stage-logger] [info] Got schema for: UserConfigurationManager
[2025-08-24 08:22:14.856] [init-stage-logger] [info] Loading configuration file 'UserConfigurationManager.xml'..
[2025-08-24 08:22:14.856] [init-stage-logger] [info] Configuration file 'UserConfigurationManager.xml' is loaded.
[2025-08-24 08:22:14.856] [init-stage-logger] [info] Custom validating 'UserConfigurationManager'..
[2025-08-24 08:22:14.856] [init-stage-logger] [info] Custom validated 'UserConfigurationManager'.
[2025-08-24 08:22:14.856] [init-stage-logger] [info] Applying 'UserConfigurationManager'..
[2025-08-24 08:22:14.856] [init-stage-logger] [info] Applied 'UserConfigurationManager'.
[2025-08-24 08:22:14.856] [init-stage-logger] [info] Getting next configuration schema...
[2025-08-24 08:22:14.857] [init-stage-logger] [info] Got schema for: JogMotion
[2025-08-24 08:22:14.857] [init-stage-logger] [info] Loading configuration file 'JogMotion.xml'..
[2025-08-24 08:22:14.857] [init-stage-logger] [info] Configuration file 'JogMotion.xml' is loaded.
[2025-08-24 08:22:14.857] [init-stage-logger] [info] Custom validating 'JogMotion'..
[2025-08-24 08:22:14.857] [init-stage-logger] [info] Custom validated 'JogMotion'.
[2025-08-24 08:22:14.857] [init-stage-logger] [info] Applying 'JogMotion'..
[2025-08-24 08:22:14.857] [init-stage-logger] [info] Applied 'JogMotion'.
[2025-08-24 08:22:14.857] [init-stage-logger] [info] Getting next configuration schema...
[2025-08-24 08:22:14.857] [init-stage-logger] [info] Got schema for: Signals
[2025-08-24 08:22:14.857] [init-stage-logger] [info] Loading configuration file 'Signals.xml'..
[2025-08-24 08:22:14.857] [init-stage-logger] [info] Configuration file 'Signals.xml' is loaded.
[2025-08-24 08:22:14.857] [init-stage-logger] [info] Custom validating 'Signals'..
[2025-08-24 08:22:14.857] [init-stage-logger] [info] Custom validated 'Signals'.
[2025-08-24 08:22:14.857] [init-stage-logger] [info] Applying 'Signals'..
[2025-08-24 08:22:14.858] [init-stage-logger] [info] Loading configuration file 'ModbusTCPBusForDevice/weld_source.xml'..
[2025-08-24 08:22:14.858] [init-stage-logger] [info] Configuration file 'ModbusTCPBusForDevice/weld_source.xml' is loaded.
[2025-08-24 08:22:14.858] [init-stage-logger] [info] Custom validating 'ModbusTCPBusForDevice'..
[2025-08-24 08:22:14.858] [init-stage-logger] [info] Custom validated 'ModbusTCPBusForDevice'.
[2025-08-24 08:22:14.858] [init-stage-logger] [info] Applying 'ModbusTCPBusForDevice'..
[2025-08-24 08:22:14.858] [init-stage-logger] [info] Applied 'ModbusTCPBusForDevice'.
[2025-08-24 08:22:14.858] [init-stage-logger] [info] Applied 'Signals'.
[2025-08-24 08:22:14.858] [init-stage-logger] [info] Getting next configuration schema...
[2025-08-24 08:22:14.858] [init-stage-logger] [info] Got schema for: DrivesControllerV2
[2025-08-24 08:22:14.858] [init-stage-logger] [info] Loading configuration file 'DrivesControllerV2.xml'..
[2025-08-24 08:22:14.859] [init-stage-logger] [info] Configuration file 'DrivesControllerV2.xml' is loaded.
[2025-08-24 08:22:14.859] [init-stage-logger] [info] Custom validating 'DrivesControllerV2'..
[2025-08-24 08:22:14.859] [init-stage-logger] [info] Custom validated 'DrivesControllerV2'.
[2025-08-24 08:22:14.859] [init-stage-logger] [info] Applying 'DrivesControllerV2'..
[2025-08-24 08:22:14.962] [init-stage-logger] [info] Applied 'DrivesControllerV2'.
[2025-08-24 08:22:14.962] [init-stage-logger] [info] Getting next configuration schema...
[2025-08-24 08:22:14.983] [init-stage-logger] [info] Got schema for: SplinePathGeneratorInfo
[2025-08-24 08:22:14.983] [init-stage-logger] [info] Loading configuration file 'SplinePathGeneratorInfo.xml'..
[2025-08-24 08:22:14.984] [init-stage-logger] [info] Configuration file 'SplinePathGeneratorInfo.xml' is loaded.
[2025-08-24 08:22:14.984] [init-stage-logger] [info] Custom validating 'SplinePathGeneratorInfo'..
[2025-08-24 08:22:14.984] [init-stage-logger] [info] Custom validated 'SplinePathGeneratorInfo'.
[2025-08-24 08:22:14.984] [init-stage-logger] [info] Applying 'SplinePathGeneratorInfo'..
[2025-08-24 08:22:14.985] [init-stage-logger] [info] Applied 'SplinePathGeneratorInfo'.
[2025-08-24 08:22:14.985] [init-stage-logger] [info] Getting next configuration schema...
[2025-08-24 08:22:14.985] [init-stage-logger] [info] Got schema for: TargetAtTimeExecutor
[2025-08-24 08:22:14.985] [init-stage-logger] [info] Loading configuration file 'TargetAtTimeExecutor.xml'..
[2025-08-24 08:22:14.985] [init-stage-logger] [info] Configuration file 'TargetAtTimeExecutor.xml' is loaded.
[2025-08-24 08:22:14.985] [init-stage-logger] [info] Custom validating 'TargetAtTimeExecutor'..
[2025-08-24 08:22:14.985] [init-stage-logger] [info] Custom validated 'TargetAtTimeExecutor'.
[2025-08-24 08:22:14.985] [init-stage-logger] [info] Applying 'TargetAtTimeExecutor'..
[2025-08-24 08:22:14.985] [init-stage-logger] [info] Applied 'TargetAtTimeExecutor'.
[2025-08-24 08:22:14.985] [init-stage-logger] [info] Getting next configuration schema...
[2025-08-24 08:22:14.985] [init-stage-logger] [info] Got schema for: SdcLog
[2025-08-24 08:22:14.985] [init-stage-logger] [info] Loading configuration file 'SdcLog.xml'..
[2025-08-24 08:22:14.986] [init-stage-logger] [info] Configuration file 'SdcLog.xml' is loaded.
[2025-08-24 08:22:14.986] [init-stage-logger] [info] Custom validating 'SdcLog'..
[2025-08-24 08:22:14.986] [init-stage-logger] [info] Custom validated 'SdcLog'.
[2025-08-24 08:22:14.986] [init-stage-logger] [info] Applying 'SdcLog'..
[2025-08-24 08:22:14.986] [init-stage-logger] [info] Applied 'SdcLog'.
[2025-08-24 08:22:14.986] [init-stage-logger] [info] Getting next configuration schema...
[2025-08-24 08:22:14.986] [init-stage-logger] [info] Got schema for: RawMotionQueueControllerLog
[2025-08-24 08:22:14.986] [init-stage-logger] [info] Loading configuration file 'RawMotionQueueControllerLog.xml'..
[2025-08-24 08:22:14.986] [init-stage-logger] [info] Configuration file 'RawMotionQueueControllerLog.xml' is loaded.
[2025-08-24 08:22:14.986] [init-stage-logger] [info] Custom validating 'RawMotionQueueControllerLog'..
[2025-08-24 08:22:14.986] [init-stage-logger] [info] Custom validated 'RawMotionQueueControllerLog'.
[2025-08-24 08:22:14.986] [init-stage-logger] [info] Applying 'RawMotionQueueControllerLog'..
[2025-08-24 08:22:14.986] [init-stage-logger] [info] Applied 'RawMotionQueueControllerLog'.
[2025-08-24 08:22:14.987] [init-stage-logger] [info] Getting next configuration schema...
[2025-08-24 08:22:14.987] [init-stage-logger] [info] Got schema for: ExecutionControllerLog
[2025-08-24 08:22:14.987] [init-stage-logger] [info] Loading configuration file 'ExecutionControllerLog.xml'..
[2025-08-24 08:22:14.987] [init-stage-logger] [info] Configuration file 'ExecutionControllerLog.xml' is loaded.
[2025-08-24 08:22:14.987] [init-stage-logger] [info] Custom validating 'ExecutionControllerLog'..
[2025-08-24 08:22:14.987] [init-stage-logger] [info] Custom validated 'ExecutionControllerLog'.
[2025-08-24 08:22:14.987] [init-stage-logger] [info] Applying 'ExecutionControllerLog'..
[2025-08-24 08:22:14.987] [init-stage-logger] [info] Applied 'ExecutionControllerLog'.
[2025-08-24 08:22:14.988] [init-stage-logger] [info] Getting next configuration schema...
[2025-08-24 08:22:14.988] [init-stage-logger] [info] Got schema for: TargetAtTimeMotionExecutorLog
[2025-08-24 08:22:14.988] [init-stage-logger] [info] Loading configuration file 'TargetAtTimeMotionExecutorLog.xml'..
[2025-08-24 08:22:14.988] [init-stage-logger] [info] Configuration file 'TargetAtTimeMotionExecutorLog.xml' is loaded.
[2025-08-24 08:22:14.988] [init-stage-logger] [info] Custom validating 'TargetAtTimeMotionExecutorLog'..
[2025-08-24 08:22:14.988] [init-stage-logger] [info] Custom validated 'TargetAtTimeMotionExecutorLog'.
[2025-08-24 08:22:14.988] [init-stage-logger] [info] Applying 'TargetAtTimeMotionExecutorLog'..
[2025-08-24 08:22:14.988] [init-stage-logger] [info] Applied 'TargetAtTimeMotionExecutorLog'.
[2025-08-24 08:22:14.988] [init-stage-logger] [info] Getting next configuration schema...
[2025-08-24 08:22:14.988] [init-stage-logger] [info] Got schema for: ScalableBufferSplineLog
[2025-08-24 08:22:14.988] [init-stage-logger] [info] Loading configuration file 'ScalableBufferSplineLog.xml'..
[2025-08-24 08:22:14.989] [init-stage-logger] [info] Configuration file 'ScalableBufferSplineLog.xml' is loaded.
[2025-08-24 08:22:14.989] [init-stage-logger] [info] Custom validating 'ScalableBufferSplineLog'..
[2025-08-24 08:22:14.989] [init-stage-logger] [info] Custom validated 'ScalableBufferSplineLog'.
[2025-08-24 08:22:14.989] [init-stage-logger] [info] Applying 'ScalableBufferSplineLog'..
[2025-08-24 08:22:14.989] [init-stage-logger] [info] Applied 'ScalableBufferSplineLog'.
[2025-08-24 08:22:14.989] [init-stage-logger] [info] Configuring DataProvider
[2025-08-24 08:22:14.989] [init-stage-logger] [info] Getting next configuration schema...
[2025-08-24 08:22:14.989] [init-stage-logger] [info] Got schema for: RcpDataProvider
[2025-08-24 08:22:14.989] [init-stage-logger] [info] Loading configuration file 'RcpDataProvider.xml'..
[2025-08-24 08:22:14.989] [init-stage-logger] [info] Configuration file 'RcpDataProvider.xml' is loaded.
[2025-08-24 08:22:14.989] [init-stage-logger] [info] Custom validating 'RcpDataProvider'..
[2025-08-24 08:22:14.990] [init-stage-logger] [info] Custom validated 'RcpDataProvider'.
[2025-08-24 08:22:14.990] [init-stage-logger] [info] Applying 'RcpDataProvider'..
[2025-08-24 08:22:14.991] [init-stage-logger] [info] Applied 'RcpDataProvider'.
[2025-08-24 08:22:14.991] [init-stage-logger] [info] Configuring RcRepository
[2025-08-24 08:22:14.991] [init-stage-logger] [info] Getting next configuration schema...
[2025-08-24 08:22:14.991] [init-stage-logger] [info] Got schema for: RcpRepositoryInfo
[2025-08-24 08:22:14.991] [init-stage-logger] [info] Loading configuration file 'RcpRepositoryInfo.xml'..
[2025-08-24 08:22:14.991] [init-stage-logger] [info] Configuration file 'RcpRepositoryInfo.xml' is loaded.
[2025-08-24 08:22:14.991] [init-stage-logger] [info] Custom validating 'RcpRepositoryInfo'..
[2025-08-24 08:22:14.991] [init-stage-logger] [info] Custom validated 'RcpRepositoryInfo'.
[2025-08-24 08:22:14.991] [init-stage-logger] [info] Applying 'RcpRepositoryInfo'..
[2025-08-24 08:22:14.992] [init-stage-logger] [info] Applied 'RcpRepositoryInfo'.
[2025-08-24 08:22:14.992] [init-stage-logger] [info] Configuring ProgramIntepreter
[2025-08-24 08:22:14.992] [init-stage-logger] [info] Getting next configuration schema...
[2025-08-24 08:22:14.992] [init-stage-logger] [info] Got schema for: RcProgramInterpreter
[2025-08-24 08:22:14.992] [init-stage-logger] [info] Loading configuration file 'RcProgramInterpreter.xml'..
[2025-08-24 08:22:14.992] [init-stage-logger] [info] Configuration file 'RcProgramInterpreter.xml' is loaded.
[2025-08-24 08:22:14.992] [init-stage-logger] [info] Custom validating 'RcProgramInterpreter'..
[2025-08-24 08:22:14.992] [init-stage-logger] [info] Custom validated 'RcProgramInterpreter'.
[2025-08-24 08:22:14.992] [init-stage-logger] [info] Applying 'RcProgramInterpreter'..
[2025-08-24 08:22:14.992] [init-stage-logger] [info] Applied 'RcProgramInterpreter'.
[2025-08-24 08:22:14.996] [init-stage-logger] [info] Getting next configuration schema...
[2025-08-24 08:22:14.996] [init-stage-logger] [info] Got schema for: gcode_logger
[2025-08-24 08:22:14.996] [init-stage-logger] [info] Loading configuration file 'gcode_logger.xml'..
[2025-08-24 08:22:14.997] [init-stage-logger] [info] Configuration file 'gcode_logger.xml' is loaded.
[2025-08-24 08:22:14.997] [init-stage-logger] [info] Custom validating 'gcode_logger'..
[2025-08-24 08:22:14.997] [init-stage-logger] [info] Custom validated 'gcode_logger'.
[2025-08-24 08:22:14.997] [init-stage-logger] [info] Applying 'gcode_logger'..
[2025-08-24 08:22:14.997] [init-stage-logger] [info] Applied 'gcode_logger'.
[2025-08-24 08:22:15.002] [init-stage-logger] [info] Getting next configuration schema...
[2025-08-24 08:22:15.002] [init-stage-logger] [info] Got schema for: ApiServerData
[2025-08-24 08:22:15.002] [init-stage-logger] [info] Loading configuration file 'ApiServerData.xml'..
[2025-08-24 08:22:15.002] [init-stage-logger] [info] Configuration file 'ApiServerData.xml' is loaded.
[2025-08-24 08:22:15.002] [init-stage-logger] [info] Custom validating 'ApiServerData'..
[2025-08-24 08:22:15.002] [init-stage-logger] [info] Custom validated 'ApiServerData'.
[2025-08-24 08:22:15.002] [init-stage-logger] [info] Applying 'ApiServerData'..
[2025-08-24 08:22:15.002] [init-stage-logger] [info] Applied 'ApiServerData'.
[2025-08-24 08:22:15.002] [init-stage-logger] [info] Getting next configuration schema...
[2025-08-24 08:22:15.002] [init-stage-logger] [info] Got schema for: WidgetHandler
[2025-08-24 08:22:15.002] [init-stage-logger] [info] Loading configuration file 'WidgetHandler.xml'..
[2025-08-24 08:22:15.002] [init-stage-logger] [info] Configuration file 'WidgetHandler.xml' is loaded.
[2025-08-24 08:22:15.002] [init-stage-logger] [info] Custom validating 'WidgetHandler'..
[2025-08-24 08:22:15.002] [init-stage-logger] [info] Custom validated 'WidgetHandler'.
[2025-08-24 08:22:15.002] [init-stage-logger] [info] Applying 'WidgetHandler'..
[2025-08-24 08:22:15.002] [init-stage-logger] [info] Applied 'WidgetHandler'.
[2025-08-24 08:22:15.002] [init-stage-logger] [info] Getting next configuration schema...
[2025-08-24 08:22:15.002] [init-stage-logger] [info] Got schema for: RcProgramRunHandler
[2025-08-24 08:22:15.002] [init-stage-logger] [info] Loading configuration file 'RcProgramRunHandler.xml'..
[2025-08-24 08:22:15.003] [init-stage-logger] [info] Configuration file 'RcProgramRunHandler.xml' is loaded.
[2025-08-24 08:22:15.003] [init-stage-logger] [info] Custom validating 'RcProgramRunHandler'..
[2025-08-24 08:22:15.003] [init-stage-logger] [info] Custom validated 'RcProgramRunHandler'.
[2025-08-24 08:22:15.003] [init-stage-logger] [info] Applying 'RcProgramRunHandler'..
[2025-08-24 08:22:15.003] [init-stage-logger] [info] Applied 'RcProgramRunHandler'.
[2025-08-24 08:22:15.003] [init-stage-logger] [info] Getting next configuration schema...
[2025-08-24 08:22:15.003] [init-stage-logger] [info] Got schema for: ToolsAndFramesCalibration
[2025-08-24 08:22:15.003] [init-stage-logger] [info] Loading configuration file 'ToolsAndFramesCalibration.xml'..
[2025-08-24 08:22:15.003] [init-stage-logger] [info] Configuration file 'ToolsAndFramesCalibration.xml' is loaded.
[2025-08-24 08:22:15.003] [init-stage-logger] [info] Custom validating 'ToolsAndFramesCalibration'..
[2025-08-24 08:22:15.003] [init-stage-logger] [info] Custom validated 'ToolsAndFramesCalibration'.
[2025-08-24 08:22:15.003] [init-stage-logger] [info] Applying 'ToolsAndFramesCalibration'..
[2025-08-24 08:22:15.003] [init-stage-logger] [info] Applied 'ToolsAndFramesCalibration'.
[2025-08-24 08:22:15.003] [init-stage-logger] [info] loading addons
[2025-08-24 08:22:15.003] [init-stage-logger] [info] finished init, now running
[2025-08-24 08:22:15.048] [init-stage-logger] [info] Getting next configuration schema...
[2025-08-24 08:22:15.049] [init-stage-logger] [info] Got schema for: RcsGCodeInterpreter
[2025-08-24 08:22:15.049] [init-stage-logger] [info] Loading configuration file 'RcsGCodeInterpreter.xml'..
[2025-08-24 08:22:15.050] [init-stage-logger] [info] Configuration file 'RcsGCodeInterpreter.xml' is loaded.
[2025-08-24 08:22:15.050] [init-stage-logger] [info] Custom validating 'RcsGCodeInterpreter'..
[2025-08-24 08:22:15.050] [init-stage-logger] [info] Custom validated 'RcsGCodeInterpreter'.
[2025-08-24 08:22:15.050] [init-stage-logger] [info] Applying 'RcsGCodeInterpreter'..
[2025-08-24 08:22:15.051] [init-stage-logger] [info] Applied 'RcsGCodeInterpreter'.
[2025-08-24 08:22:15.051] [init-stage-logger] [info] Getting next configuration schema...
[2025-08-24 08:22:15.051] [init-stage-logger] [info] Got schema for: OpcUa
[2025-08-24 08:22:15.051] [init-stage-logger] [info] Loading configuration file 'OpcUa.xml'..
[2025-08-24 08:22:15.051] [init-stage-logger] [info] Configuration file 'OpcUa.xml' is loaded.
[2025-08-24 08:22:15.051] [init-stage-logger] [info] Custom validating 'OpcUa'..
[2025-08-24 08:22:15.051] [init-stage-logger] [info] Custom validated 'OpcUa'.
[2025-08-24 08:22:15.051] [init-stage-logger] [info] Applying 'OpcUa'..
[2025-08-24 08:22:15.051] [init-stage-logger] [info] Applied 'OpcUa'.
[2025-08-24 08:22:15.052] [init-stage-logger] [info] Getting next configuration schema...
[2025-08-24 08:22:15.056] [init-stage-logger] [info] Got schema for: OpcUaServer
[2025-08-24 08:22:15.056] [init-stage-logger] [info] Loading configuration file 'OpcUaServer.xml'..
[2025-08-24 08:22:15.056] [init-stage-logger] [info] Configuration file 'OpcUaServer.xml' is loaded.
[2025-08-24 08:22:15.056] [init-stage-logger] [info] Custom validating 'OpcUaServer'..
[2025-08-24 08:22:15.056] [init-stage-logger] [info] Custom validated 'OpcUaServer'.
[2025-08-24 08:22:15.056] [init-stage-logger] [info] Applying 'OpcUaServer'..
[2025-08-24 08:22:15.103] [init-stage-logger] [info] Applied 'OpcUaServer'.
[2025-08-26 11:03:59.381] [init-stage-logger] [info] Static logger was initialized
[2025-08-26 11:03:59.383] [init-stage-logger] [info] Getting next configuration schema...
[2025-08-26 11:03:59.384] [init-stage-logger] [info] Got schema for: FilesystemEventsLogger
[2025-08-26 11:03:59.384] [init-stage-logger] [info] Loading configuration file 'FilesystemEventsLogger.xml'..
[2025-08-26 11:03:59.384] [init-stage-logger] [info] Configuration file 'FilesystemEventsLogger.xml' is loaded.
[2025-08-26 11:03:59.384] [init-stage-logger] [info] Custom validating 'FilesystemEventsLogger'..
[2025-08-26 11:03:59.384] [init-stage-logger] [info] Custom validated 'FilesystemEventsLogger'.
[2025-08-26 11:03:59.384] [init-stage-logger] [info] Applying 'FilesystemEventsLogger'..
[2025-08-26 11:03:59.384] [init-stage-logger] [info] Applied 'FilesystemEventsLogger'.
[2025-08-26 11:03:59.384] [init-stage-logger] [info] Creating extension provider
[2025-08-26 11:03:59.384] [init-stage-logger] [info] Getting next configuration schema...
[2025-08-26 11:03:59.384] [init-stage-logger] [info] Got schema for: AddonManager
[2025-08-26 11:03:59.384] [init-stage-logger] [info] Loading configuration file 'AddonManager.xml'..
[2025-08-26 11:03:59.385] [init-stage-logger] [info] Configuration file 'AddonManager.xml' is loaded.
[2025-08-26 11:03:59.385] [init-stage-logger] [info] Custom validating 'AddonManager'..
[2025-08-26 11:03:59.385] [init-stage-logger] [info] Custom validated 'AddonManager'.
[2025-08-26 11:03:59.385] [init-stage-logger] [info] Applying 'AddonManager'..
[2025-08-26 11:03:59.385] [init-stage-logger] [info] Applied 'AddonManager'.
[2025-08-26 11:03:59.385] [init-stage-logger] [info] Getting next configuration schema...
[2025-08-26 11:03:59.385] [init-stage-logger] [info] Got schema for: ExtensionProvider
[2025-08-26 11:03:59.385] [init-stage-logger] [info] Loading configuration file 'ExtensionProvider.xml'..
[2025-08-26 11:03:59.385] [init-stage-logger] [info] Configuration file 'ExtensionProvider.xml' is loaded.
[2025-08-26 11:03:59.385] [init-stage-logger] [info] Custom validating 'ExtensionProvider'..
[2025-08-26 11:03:59.385] [init-stage-logger] [info] Custom validated 'ExtensionProvider'.
[2025-08-26 11:03:59.385] [init-stage-logger] [info] Applying 'ExtensionProvider'..
[2025-08-26 11:03:59.424] [init-stage-logger] [info] Applied 'ExtensionProvider'.
[2025-08-26 11:03:59.424] [init-stage-logger] [info] Initializing robot selector
[2025-08-26 11:03:59.424] [init-stage-logger] [info] Getting next configuration schema...
[2025-08-26 11:03:59.424] [init-stage-logger] [info] Got schema for: RobotSelector
[2025-08-26 11:03:59.424] [init-stage-logger] [info] Loading configuration file 'RobotSelector.xml'..
[2025-08-26 11:03:59.425] [init-stage-logger] [info] Configuration file 'RobotSelector.xml' is loaded.
[2025-08-26 11:03:59.425] [init-stage-logger] [info] Custom validating 'RobotSelector'..
[2025-08-26 11:03:59.425] [init-stage-logger] [info] Custom validated 'RobotSelector'.
[2025-08-26 11:03:59.425] [init-stage-logger] [info] Applying 'RobotSelector'..
[2025-08-26 11:03:59.425] [init-stage-logger] [info] Applied 'RobotSelector'.
[2025-08-26 11:03:59.425] [init-stage-logger] [info] Creating Robot object
[2025-08-26 11:03:59.426] [init-stage-logger] [info] Creating Server socket
[2025-08-26 11:03:59.426] [init-stage-logger] [info] Configuring Server socket
[2025-08-26 11:03:59.426] [init-stage-logger] [info] Getting next configuration schema...
[2025-08-26 11:03:59.426] [init-stage-logger] [info] Got schema for: NetworkLogger
[2025-08-26 11:03:59.426] [init-stage-logger] [info] Loading configuration file 'NetworkLogger.xml'..
[2025-08-26 11:03:59.427] [init-stage-logger] [info] Configuration file 'NetworkLogger.xml' is loaded.
[2025-08-26 11:03:59.427] [init-stage-logger] [info] Custom validating 'NetworkLogger'..
[2025-08-26 11:03:59.427] [init-stage-logger] [info] Custom validated 'NetworkLogger'.
[2025-08-26 11:03:59.427] [init-stage-logger] [info] Applying 'NetworkLogger'..
[2025-08-26 11:03:59.427] [init-stage-logger] [info] Applied 'NetworkLogger'.
[2025-08-26 11:03:59.427] [init-stage-logger] [info] Getting next configuration schema...
[2025-08-26 11:03:59.427] [init-stage-logger] [info] Got schema for: AccessManager
[2025-08-26 11:03:59.427] [init-stage-logger] [info] Loading configuration file 'AccessManager.xml'..
[2025-08-26 11:03:59.428] [init-stage-logger] [info] Configuration file 'AccessManager.xml' is loaded.
[2025-08-26 11:03:59.428] [init-stage-logger] [info] Custom validating 'AccessManager'..
[2025-08-26 11:03:59.428] [init-stage-logger] [info] Custom validated 'AccessManager'.
[2025-08-26 11:03:59.428] [init-stage-logger] [info] Applying 'AccessManager'..
[2025-08-26 11:03:59.428] [init-stage-logger] [info] Applied 'AccessManager'.
[2025-08-26 11:03:59.428] [init-stage-logger] [info] Getting next configuration schema...
[2025-08-26 11:03:59.428] [init-stage-logger] [info] Got schema for: MessageCollector
[2025-08-26 11:03:59.428] [init-stage-logger] [info] Loading configuration file 'MessageCollector.xml'..
[2025-08-26 11:03:59.428] [init-stage-logger] [info] Configuration file 'MessageCollector.xml' is loaded.
[2025-08-26 11:03:59.428] [init-stage-logger] [info] Custom validating 'MessageCollector'..
[2025-08-26 11:03:59.429] [init-stage-logger] [info] Custom validated 'MessageCollector'.
[2025-08-26 11:03:59.429] [init-stage-logger] [info] Applying 'MessageCollector'..
[2025-08-26 11:03:59.429] [init-stage-logger] [info] Applied 'MessageCollector'.
[2025-08-26 11:03:59.429] [init-stage-logger] [info] Getting next configuration schema...
[2025-08-26 11:03:59.429] [init-stage-logger] [info] Got schema for: RareData
[2025-08-26 11:03:59.429] [init-stage-logger] [info] Loading configuration file 'RareData.xml'..
[2025-08-26 11:03:59.429] [init-stage-logger] [info] Configuration file 'RareData.xml' is loaded.
[2025-08-26 11:03:59.429] [init-stage-logger] [info] Custom validating 'RareData'..
[2025-08-26 11:03:59.429] [init-stage-logger] [info] Custom validated 'RareData'.
[2025-08-26 11:03:59.429] [init-stage-logger] [info] Applying 'RareData'..
[2025-08-26 11:03:59.429] [init-stage-logger] [info] Applied 'RareData'.
[2025-08-26 11:03:59.429] [init-stage-logger] [info] Getting next configuration schema...
[2025-08-26 11:03:59.429] [init-stage-logger] [info] Got schema for: SoftwareSafetyState
[2025-08-26 11:03:59.429] [init-stage-logger] [info] Loading configuration file 'SoftwareSafetyState.xml'..
[2025-08-26 11:03:59.429] [init-stage-logger] [info] Configuration file 'SoftwareSafetyState.xml' is loaded.
[2025-08-26 11:03:59.429] [init-stage-logger] [info] Custom validating 'SoftwareSafetyState'..
[2025-08-26 11:03:59.429] [init-stage-logger] [info] Custom validated 'SoftwareSafetyState'.
[2025-08-26 11:03:59.429] [init-stage-logger] [info] Applying 'SoftwareSafetyState'..
[2025-08-26 11:03:59.429] [init-stage-logger] [info] Applied 'SoftwareSafetyState'.
[2025-08-26 11:03:59.429] [init-stage-logger] [info] Getting next configuration schema...
[2025-08-26 11:03:59.429] [init-stage-logger] [info] Got schema for: ParametricBaseProvider
[2025-08-26 11:03:59.429] [init-stage-logger] [info] Loading configuration file 'ParametricBaseProvider.xml'..
[2025-08-26 11:03:59.429] [init-stage-logger] [info] Configuration file 'ParametricBaseProvider.xml' is loaded.
[2025-08-26 11:03:59.429] [init-stage-logger] [info] Custom validating 'ParametricBaseProvider'..
[2025-08-26 11:03:59.429] [init-stage-logger] [info] Custom validated 'ParametricBaseProvider'.
[2025-08-26 11:03:59.429] [init-stage-logger] [info] Applying 'ParametricBaseProvider'..
[2025-08-26 11:03:59.429] [init-stage-logger] [info] Applied 'ParametricBaseProvider'.
[2025-08-26 11:03:59.429] [init-stage-logger] [info] Getting next configuration schema...
[2025-08-26 11:03:59.429] [init-stage-logger] [info] Got schema for: LogManager
[2025-08-26 11:03:59.429] [init-stage-logger] [info] Loading configuration file 'LogManager.xml'..
[2025-08-26 11:03:59.430] [init-stage-logger] [info] Configuration file 'LogManager.xml' is loaded.
[2025-08-26 11:03:59.430] [init-stage-logger] [info] Custom validating 'LogManager'..
[2025-08-26 11:03:59.430] [init-stage-logger] [info] Custom validated 'LogManager'.
[2025-08-26 11:03:59.430] [init-stage-logger] [info] Applying 'LogManager'..
[2025-08-26 11:03:59.430] [init-stage-logger] [info] Applied 'LogManager'.
[2025-08-26 11:03:59.430] [init-stage-logger] [info] Getting next configuration schema...
[2025-08-26 11:03:59.430] [init-stage-logger] [info] Got schema for: GuidedModeController
[2025-08-26 11:03:59.430] [init-stage-logger] [info] Loading configuration file 'GuidedModeController.xml'..
[2025-08-26 11:03:59.430] [init-stage-logger] [info] Configuration file 'GuidedModeController.xml' is loaded.
[2025-08-26 11:03:59.430] [init-stage-logger] [info] Custom validating 'GuidedModeController'..
[2025-08-26 11:03:59.430] [init-stage-logger] [info] Custom validated 'GuidedModeController'.
[2025-08-26 11:03:59.430] [init-stage-logger] [info] Applying 'GuidedModeController'..
[2025-08-26 11:03:59.430] [init-stage-logger] [info] Applied 'GuidedModeController'.
[2025-08-26 11:03:59.430] [init-stage-logger] [info] Getting next configuration schema...
[2025-08-26 11:03:59.430] [init-stage-logger] [info] Got schema for: ShutDownRestart
[2025-08-26 11:03:59.430] [init-stage-logger] [info] Loading configuration file 'ShutDownRestart.xml'..
[2025-08-26 11:03:59.430] [init-stage-logger] [info] Configuration file 'ShutDownRestart.xml' is loaded.
[2025-08-26 11:03:59.430] [init-stage-logger] [info] Custom validating 'ShutDownRestart'..
[2025-08-26 11:03:59.430] [init-stage-logger] [info] Custom validated 'ShutDownRestart'.
[2025-08-26 11:03:59.430] [init-stage-logger] [info] Applying 'ShutDownRestart'..
[2025-08-26 11:03:59.430] [init-stage-logger] [info] Applied 'ShutDownRestart'.
[2025-08-26 11:03:59.430] [init-stage-logger] [info] Getting next configuration schema...
[2025-08-26 11:03:59.430] [init-stage-logger] [info] Got schema for: AutorunController
[2025-08-26 11:03:59.430] [init-stage-logger] [info] Loading configuration file 'AutorunController.xml'..
[2025-08-26 11:03:59.431] [init-stage-logger] [info] Configuration file 'AutorunController.xml' is loaded.
[2025-08-26 11:03:59.431] [init-stage-logger] [info] Custom validating 'AutorunController'..
[2025-08-26 11:03:59.431] [init-stage-logger] [info] Custom validated 'AutorunController'.
[2025-08-26 11:03:59.431] [init-stage-logger] [info] Applying 'AutorunController'..
[2025-08-26 11:03:59.431] [init-stage-logger] [info] Applied 'AutorunController'.
[2025-08-26 11:03:59.431] [init-stage-logger] [info] Getting next configuration schema...
[2025-08-26 11:03:59.431] [init-stage-logger] [info] Got schema for: DatagramTransceiver
[2025-08-26 11:03:59.431] [init-stage-logger] [info] Loading configuration file 'DatagramTransceiver.xml'..
[2025-08-26 11:03:59.431] [init-stage-logger] [info] Configuration file 'DatagramTransceiver.xml' is loaded.
[2025-08-26 11:03:59.431] [init-stage-logger] [info] Custom validating 'DatagramTransceiver'..
[2025-08-26 11:03:59.431] [init-stage-logger] [info] Custom validated 'DatagramTransceiver'.
[2025-08-26 11:03:59.431] [init-stage-logger] [info] Applying 'DatagramTransceiver'..
[2025-08-26 11:03:59.431] [init-stage-logger] [info] Applied 'DatagramTransceiver'.
[2025-08-26 11:03:59.431] [init-stage-logger] [info] Getting next configuration schema...
[2025-08-26 11:03:59.431] [init-stage-logger] [info] Got schema for: IntermachineTasksController
[2025-08-26 11:03:59.431] [init-stage-logger] [info] Loading configuration file 'IntermachineTasksController.xml'..
[2025-08-26 11:03:59.431] [init-stage-logger] [info] Configuration file 'IntermachineTasksController.xml' is loaded.
[2025-08-26 11:03:59.431] [init-stage-logger] [info] Custom validating 'IntermachineTasksController'..
[2025-08-26 11:03:59.431] [init-stage-logger] [info] Custom validated 'IntermachineTasksController'.
[2025-08-26 11:03:59.431] [init-stage-logger] [info] Applying 'IntermachineTasksController'..
[2025-08-26 11:03:59.431] [init-stage-logger] [info] Applied 'IntermachineTasksController'.
[2025-08-26 11:03:59.431] [init-stage-logger] [info] Getting next configuration schema...
[2025-08-26 11:03:59.431] [init-stage-logger] [info] Got schema for: UserAlarmsHandler
[2025-08-26 11:03:59.431] [init-stage-logger] [info] Loading configuration file 'UserAlarmsHandler.xml'..
[2025-08-26 11:03:59.431] [init-stage-logger] [info] Configuration file 'UserAlarmsHandler.xml' is loaded.
[2025-08-26 11:03:59.431] [init-stage-logger] [info] Custom validating 'UserAlarmsHandler'..
[2025-08-26 11:03:59.431] [init-stage-logger] [info] Custom validated 'UserAlarmsHandler'.
[2025-08-26 11:03:59.431] [init-stage-logger] [info] Applying 'UserAlarmsHandler'..
[2025-08-26 11:03:59.431] [init-stage-logger] [info] Applied 'UserAlarmsHandler'.
[2025-08-26 11:03:59.431] [init-stage-logger] [info] Getting next configuration schema...
[2025-08-26 11:03:59.431] [init-stage-logger] [info] Got schema for: UserConfigurationManager
[2025-08-26 11:03:59.431] [init-stage-logger] [info] Loading configuration file 'UserConfigurationManager.xml'..
[2025-08-26 11:03:59.431] [init-stage-logger] [info] Configuration file 'UserConfigurationManager.xml' is loaded.
[2025-08-26 11:03:59.431] [init-stage-logger] [info] Custom validating 'UserConfigurationManager'..
[2025-08-26 11:03:59.431] [init-stage-logger] [info] Custom validated 'UserConfigurationManager'.
[2025-08-26 11:03:59.431] [init-stage-logger] [info] Applying 'UserConfigurationManager'..
[2025-08-26 11:03:59.431] [init-stage-logger] [info] Applied 'UserConfigurationManager'.
[2025-08-26 11:03:59.431] [init-stage-logger] [info] Getting next configuration schema...
[2025-08-26 11:03:59.431] [init-stage-logger] [info] Got schema for: JogMotion
[2025-08-26 11:03:59.431] [init-stage-logger] [info] Loading configuration file 'JogMotion.xml'..
[2025-08-26 11:03:59.432] [init-stage-logger] [info] Configuration file 'JogMotion.xml' is loaded.
[2025-08-26 11:03:59.432] [init-stage-logger] [info] Custom validating 'JogMotion'..
[2025-08-26 11:03:59.432] [init-stage-logger] [info] Custom validated 'JogMotion'.
[2025-08-26 11:03:59.432] [init-stage-logger] [info] Applying 'JogMotion'..
[2025-08-26 11:03:59.432] [init-stage-logger] [info] Applied 'JogMotion'.
[2025-08-26 11:03:59.432] [init-stage-logger] [info] Getting next configuration schema...
[2025-08-26 11:03:59.432] [init-stage-logger] [info] Got schema for: Signals
[2025-08-26 11:03:59.432] [init-stage-logger] [info] Loading configuration file 'Signals.xml'..
[2025-08-26 11:03:59.432] [init-stage-logger] [info] Configuration file 'Signals.xml' is loaded.
[2025-08-26 11:03:59.432] [init-stage-logger] [info] Custom validating 'Signals'..
[2025-08-26 11:03:59.432] [init-stage-logger] [info] Custom validated 'Signals'.
[2025-08-26 11:03:59.432] [init-stage-logger] [info] Applying 'Signals'..
[2025-08-26 11:03:59.432] [init-stage-logger] [info] Loading configuration file 'ModbusTCPBusForDevice/weld_source.xml'..
[2025-08-26 11:03:59.432] [init-stage-logger] [info] Configuration file 'ModbusTCPBusForDevice/weld_source.xml' is loaded.
[2025-08-26 11:03:59.432] [init-stage-logger] [info] Custom validating 'ModbusTCPBusForDevice'..
[2025-08-26 11:03:59.432] [init-stage-logger] [info] Custom validated 'ModbusTCPBusForDevice'.
[2025-08-26 11:03:59.432] [init-stage-logger] [info] Applying 'ModbusTCPBusForDevice'..
[2025-08-26 11:03:59.432] [init-stage-logger] [info] Applied 'ModbusTCPBusForDevice'.
[2025-08-26 11:03:59.432] [init-stage-logger] [info] Applied 'Signals'.
[2025-08-26 11:03:59.432] [init-stage-logger] [info] Getting next configuration schema...
[2025-08-26 11:03:59.432] [init-stage-logger] [info] Got schema for: DrivesControllerV2
[2025-08-26 11:03:59.432] [init-stage-logger] [info] Loading configuration file 'DrivesControllerV2.xml'..
[2025-08-26 11:03:59.432] [init-stage-logger] [info] Configuration file 'DrivesControllerV2.xml' is loaded.
[2025-08-26 11:03:59.432] [init-stage-logger] [info] Custom validating 'DrivesControllerV2'..
[2025-08-26 11:03:59.432] [init-stage-logger] [info] Custom validated 'DrivesControllerV2'.
[2025-08-26 11:03:59.432] [init-stage-logger] [info] Applying 'DrivesControllerV2'..
[2025-08-26 11:03:59.533] [init-stage-logger] [info] Applied 'DrivesControllerV2'.
[2025-08-26 11:03:59.534] [init-stage-logger] [info] Getting next configuration schema...
[2025-08-26 11:03:59.534] [init-stage-logger] [info] Got schema for: SplinePathGeneratorInfo
[2025-08-26 11:03:59.534] [init-stage-logger] [info] Loading configuration file 'SplinePathGeneratorInfo.xml'..
[2025-08-26 11:03:59.535] [init-stage-logger] [info] Configuration file 'SplinePathGeneratorInfo.xml' is loaded.
[2025-08-26 11:03:59.535] [init-stage-logger] [info] Custom validating 'SplinePathGeneratorInfo'..
[2025-08-26 11:03:59.535] [init-stage-logger] [info] Custom validated 'SplinePathGeneratorInfo'.
[2025-08-26 11:03:59.535] [init-stage-logger] [info] Applying 'SplinePathGeneratorInfo'..
[2025-08-26 11:03:59.535] [init-stage-logger] [info] Applied 'SplinePathGeneratorInfo'.
[2025-08-26 11:03:59.535] [init-stage-logger] [info] Getting next configuration schema...
[2025-08-26 11:03:59.535] [init-stage-logger] [info] Got schema for: TargetAtTimeExecutor
[2025-08-26 11:03:59.535] [init-stage-logger] [info] Loading configuration file 'TargetAtTimeExecutor.xml'..
[2025-08-26 11:03:59.535] [init-stage-logger] [info] Configuration file 'TargetAtTimeExecutor.xml' is loaded.
[2025-08-26 11:03:59.535] [init-stage-logger] [info] Custom validating 'TargetAtTimeExecutor'..
[2025-08-26 11:03:59.535] [init-stage-logger] [info] Custom validated 'TargetAtTimeExecutor'.
[2025-08-26 11:03:59.535] [init-stage-logger] [info] Applying 'TargetAtTimeExecutor'..
[2025-08-26 11:03:59.535] [init-stage-logger] [info] Applied 'TargetAtTimeExecutor'.
[2025-08-26 11:03:59.535] [init-stage-logger] [info] Getting next configuration schema...
[2025-08-26 11:03:59.535] [init-stage-logger] [info] Got schema for: SdcLog
[2025-08-26 11:03:59.535] [init-stage-logger] [info] Loading configuration file 'SdcLog.xml'..
[2025-08-26 11:03:59.535] [init-stage-logger] [info] Configuration file 'SdcLog.xml' is loaded.
[2025-08-26 11:03:59.535] [init-stage-logger] [info] Custom validating 'SdcLog'..
[2025-08-26 11:03:59.535] [init-stage-logger] [info] Custom validated 'SdcLog'.
[2025-08-26 11:03:59.535] [init-stage-logger] [info] Applying 'SdcLog'..
[2025-08-26 11:03:59.535] [init-stage-logger] [info] Applied 'SdcLog'.
[2025-08-26 11:03:59.536] [init-stage-logger] [info] Getting next configuration schema...
[2025-08-26 11:03:59.536] [init-stage-logger] [info] Got schema for: RawMotionQueueControllerLog
[2025-08-26 11:03:59.536] [init-stage-logger] [info] Loading configuration file 'RawMotionQueueControllerLog.xml'..
[2025-08-26 11:03:59.536] [init-stage-logger] [info] Configuration file 'RawMotionQueueControllerLog.xml' is loaded.
[2025-08-26 11:03:59.536] [init-stage-logger] [info] Custom validating 'RawMotionQueueControllerLog'..
[2025-08-26 11:03:59.536] [init-stage-logger] [info] Custom validated 'RawMotionQueueControllerLog'.
[2025-08-26 11:03:59.536] [init-stage-logger] [info] Applying 'RawMotionQueueControllerLog'..
[2025-08-26 11:03:59.536] [init-stage-logger] [info] Applied 'RawMotionQueueControllerLog'.
[2025-08-26 11:03:59.536] [init-stage-logger] [info] Getting next configuration schema...
[2025-08-26 11:03:59.537] [init-stage-logger] [info] Got schema for: ExecutionControllerLog
[2025-08-26 11:03:59.537] [init-stage-logger] [info] Loading configuration file 'ExecutionControllerLog.xml'..
[2025-08-26 11:03:59.537] [init-stage-logger] [info] Configuration file 'ExecutionControllerLog.xml' is loaded.
[2025-08-26 11:03:59.537] [init-stage-logger] [info] Custom validating 'ExecutionControllerLog'..
[2025-08-26 11:03:59.537] [init-stage-logger] [info] Custom validated 'ExecutionControllerLog'.
[2025-08-26 11:03:59.537] [init-stage-logger] [info] Applying 'ExecutionControllerLog'..
[2025-08-26 11:03:59.537] [init-stage-logger] [info] Applied 'ExecutionControllerLog'.
[2025-08-26 11:03:59.537] [init-stage-logger] [info] Getting next configuration schema...
[2025-08-26 11:03:59.537] [init-stage-logger] [info] Got schema for: TargetAtTimeMotionExecutorLog
[2025-08-26 11:03:59.537] [init-stage-logger] [info] Loading configuration file 'TargetAtTimeMotionExecutorLog.xml'..
[2025-08-26 11:03:59.537] [init-stage-logger] [info] Configuration file 'TargetAtTimeMotionExecutorLog.xml' is loaded.
[2025-08-26 11:03:59.537] [init-stage-logger] [info] Custom validating 'TargetAtTimeMotionExecutorLog'..
[2025-08-26 11:03:59.537] [init-stage-logger] [info] Custom validated 'TargetAtTimeMotionExecutorLog'.
[2025-08-26 11:03:59.537] [init-stage-logger] [info] Applying 'TargetAtTimeMotionExecutorLog'..
[2025-08-26 11:03:59.537] [init-stage-logger] [info] Applied 'TargetAtTimeMotionExecutorLog'.
[2025-08-26 11:03:59.538] [init-stage-logger] [info] Getting next configuration schema...
[2025-08-26 11:03:59.538] [init-stage-logger] [info] Got schema for: ScalableBufferSplineLog
[2025-08-26 11:03:59.538] [init-stage-logger] [info] Loading configuration file 'ScalableBufferSplineLog.xml'..
[2025-08-26 11:03:59.538] [init-stage-logger] [info] Configuration file 'ScalableBufferSplineLog.xml' is loaded.
[2025-08-26 11:03:59.538] [init-stage-logger] [info] Custom validating 'ScalableBufferSplineLog'..
[2025-08-26 11:03:59.538] [init-stage-logger] [info] Custom validated 'ScalableBufferSplineLog'.
[2025-08-26 11:03:59.538] [init-stage-logger] [info] Applying 'ScalableBufferSplineLog'..
[2025-08-26 11:03:59.538] [init-stage-logger] [info] Applied 'ScalableBufferSplineLog'.
[2025-08-26 11:03:59.538] [init-stage-logger] [info] Configuring DataProvider
[2025-08-26 11:03:59.538] [init-stage-logger] [info] Getting next configuration schema...
[2025-08-26 11:03:59.538] [init-stage-logger] [info] Got schema for: RcpDataProvider
[2025-08-26 11:03:59.538] [init-stage-logger] [info] Loading configuration file 'RcpDataProvider.xml'..
[2025-08-26 11:03:59.539] [init-stage-logger] [info] Configuration file 'RcpDataProvider.xml' is loaded.
[2025-08-26 11:03:59.539] [init-stage-logger] [info] Custom validating 'RcpDataProvider'..
[2025-08-26 11:03:59.539] [init-stage-logger] [info] Custom validated 'RcpDataProvider'.
[2025-08-26 11:03:59.539] [init-stage-logger] [info] Applying 'RcpDataProvider'..
[2025-08-26 11:03:59.540] [init-stage-logger] [info] Applied 'RcpDataProvider'.
[2025-08-26 11:03:59.540] [init-stage-logger] [info] Configuring RcRepository
[2025-08-26 11:03:59.540] [init-stage-logger] [info] Getting next configuration schema...
[2025-08-26 11:03:59.540] [init-stage-logger] [info] Got schema for: RcpRepositoryInfo
[2025-08-26 11:03:59.540] [init-stage-logger] [info] Loading configuration file 'RcpRepositoryInfo.xml'..
[2025-08-26 11:03:59.540] [init-stage-logger] [info] Configuration file 'RcpRepositoryInfo.xml' is loaded.
[2025-08-26 11:03:59.540] [init-stage-logger] [info] Custom validating 'RcpRepositoryInfo'..
[2025-08-26 11:03:59.540] [init-stage-logger] [info] Custom validated 'RcpRepositoryInfo'.
[2025-08-26 11:03:59.540] [init-stage-logger] [info] Applying 'RcpRepositoryInfo'..
[2025-08-26 11:03:59.540] [init-stage-logger] [info] Applied 'RcpRepositoryInfo'.
[2025-08-26 11:03:59.540] [init-stage-logger] [info] Configuring ProgramIntepreter
[2025-08-26 11:03:59.540] [init-stage-logger] [info] Getting next configuration schema...
[2025-08-26 11:03:59.540] [init-stage-logger] [info] Got schema for: RcProgramInterpreter
[2025-08-26 11:03:59.540] [init-stage-logger] [info] Loading configuration file 'RcProgramInterpreter.xml'..
[2025-08-26 11:03:59.541] [init-stage-logger] [info] Configuration file 'RcProgramInterpreter.xml' is loaded.
[2025-08-26 11:03:59.541] [init-stage-logger] [info] Custom validating 'RcProgramInterpreter'..
[2025-08-26 11:03:59.541] [init-stage-logger] [info] Custom validated 'RcProgramInterpreter'.
[2025-08-26 11:03:59.541] [init-stage-logger] [info] Applying 'RcProgramInterpreter'..
[2025-08-26 11:03:59.541] [init-stage-logger] [info] Applied 'RcProgramInterpreter'.
[2025-08-26 11:03:59.542] [init-stage-logger] [info] Getting next configuration schema...
[2025-08-26 11:03:59.542] [init-stage-logger] [info] Got schema for: gcode_logger
[2025-08-26 11:03:59.542] [init-stage-logger] [info] Loading configuration file 'gcode_logger.xml'..
[2025-08-26 11:03:59.542] [init-stage-logger] [info] Configuration file 'gcode_logger.xml' is loaded.
[2025-08-26 11:03:59.542] [init-stage-logger] [info] Custom validating 'gcode_logger'..
[2025-08-26 11:03:59.542] [init-stage-logger] [info] Custom validated 'gcode_logger'.
[2025-08-26 11:03:59.542] [init-stage-logger] [info] Applying 'gcode_logger'..
[2025-08-26 11:03:59.542] [init-stage-logger] [info] Applied 'gcode_logger'.
[2025-08-26 11:03:59.543] [init-stage-logger] [info] Getting next configuration schema...
[2025-08-26 11:03:59.543] [init-stage-logger] [info] Got schema for: ApiServerData
[2025-08-26 11:03:59.543] [init-stage-logger] [info] Loading configuration file 'ApiServerData.xml'..
[2025-08-26 11:03:59.543] [init-stage-logger] [info] Configuration file 'ApiServerData.xml' is loaded.
[2025-08-26 11:03:59.543] [init-stage-logger] [info] Custom validating 'ApiServerData'..
[2025-08-26 11:03:59.543] [init-stage-logger] [info] Custom validated 'ApiServerData'.
[2025-08-26 11:03:59.543] [init-stage-logger] [info] Applying 'ApiServerData'..
[2025-08-26 11:03:59.543] [init-stage-logger] [info] Applied 'ApiServerData'.
[2025-08-26 11:03:59.543] [init-stage-logger] [info] Getting next configuration schema...
[2025-08-26 11:03:59.543] [init-stage-logger] [info] Got schema for: WidgetHandler
[2025-08-26 11:03:59.543] [init-stage-logger] [info] Loading configuration file 'WidgetHandler.xml'..
[2025-08-26 11:03:59.543] [init-stage-logger] [info] Configuration file 'WidgetHandler.xml' is loaded.
[2025-08-26 11:03:59.543] [init-stage-logger] [info] Custom validating 'WidgetHandler'..
[2025-08-26 11:03:59.543] [init-stage-logger] [info] Custom validated 'WidgetHandler'.
[2025-08-26 11:03:59.543] [init-stage-logger] [info] Applying 'WidgetHandler'..
[2025-08-26 11:03:59.543] [init-stage-logger] [info] Applied 'WidgetHandler'.
[2025-08-26 11:03:59.543] [init-stage-logger] [info] Getting next configuration schema...
[2025-08-26 11:03:59.543] [init-stage-logger] [info] Got schema for: RcProgramRunHandler
[2025-08-26 11:03:59.543] [init-stage-logger] [info] Loading configuration file 'RcProgramRunHandler.xml'..
[2025-08-26 11:03:59.543] [init-stage-logger] [info] Configuration file 'RcProgramRunHandler.xml' is loaded.
[2025-08-26 11:03:59.543] [init-stage-logger] [info] Custom validating 'RcProgramRunHandler'..
[2025-08-26 11:03:59.543] [init-stage-logger] [info] Custom validated 'RcProgramRunHandler'.
[2025-08-26 11:03:59.543] [init-stage-logger] [info] Applying 'RcProgramRunHandler'..
[2025-08-26 11:03:59.543] [init-stage-logger] [info] Applied 'RcProgramRunHandler'.
[2025-08-26 11:03:59.543] [init-stage-logger] [info] Getting next configuration schema...
[2025-08-26 11:03:59.543] [init-stage-logger] [info] Got schema for: ToolsAndFramesCalibration
[2025-08-26 11:03:59.543] [init-stage-logger] [info] Loading configuration file 'ToolsAndFramesCalibration.xml'..
[2025-08-26 11:03:59.543] [init-stage-logger] [info] Configuration file 'ToolsAndFramesCalibration.xml' is loaded.
[2025-08-26 11:03:59.543] [init-stage-logger] [info] Custom validating 'ToolsAndFramesCalibration'..
[2025-08-26 11:03:59.543] [init-stage-logger] [info] Custom validated 'ToolsAndFramesCalibration'.
[2025-08-26 11:03:59.543] [init-stage-logger] [info] Applying 'ToolsAndFramesCalibration'..
[2025-08-26 11:03:59.543] [init-stage-logger] [info] Applied 'ToolsAndFramesCalibration'.
[2025-08-26 11:03:59.543] [init-stage-logger] [info] loading addons
[2025-08-26 11:03:59.543] [init-stage-logger] [info] finished init, now running
[2025-08-26 11:03:59.621] [init-stage-logger] [info] Getting next configuration schema...
[2025-08-26 11:03:59.622] [init-stage-logger] [info] Got schema for: RcsGCodeInterpreter
[2025-08-26 11:03:59.622] [init-stage-logger] [info] Loading configuration file 'RcsGCodeInterpreter.xml'..
[2025-08-26 11:03:59.623] [init-stage-logger] [info] Configuration file 'RcsGCodeInterpreter.xml' is loaded.
[2025-08-26 11:03:59.623] [init-stage-logger] [info] Custom validating 'RcsGCodeInterpreter'..
[2025-08-26 11:03:59.623] [init-stage-logger] [info] Custom validated 'RcsGCodeInterpreter'.
[2025-08-26 11:03:59.623] [init-stage-logger] [info] Applying 'RcsGCodeInterpreter'..
[2025-08-26 11:03:59.623] [init-stage-logger] [info] Applied 'RcsGCodeInterpreter'.
[2025-08-26 11:03:59.623] [init-stage-logger] [info] Getting next configuration schema...
[2025-08-26 11:03:59.624] [init-stage-logger] [info] Got schema for: OpcUa
[2025-08-26 11:03:59.624] [init-stage-logger] [info] Loading configuration file 'OpcUa.xml'..
[2025-08-26 11:03:59.624] [init-stage-logger] [info] Configuration file 'OpcUa.xml' is loaded.
[2025-08-26 11:03:59.624] [init-stage-logger] [info] Custom validating 'OpcUa'..
[2025-08-26 11:03:59.624] [init-stage-logger] [info] Custom validated 'OpcUa'.
[2025-08-26 11:03:59.624] [init-stage-logger] [info] Applying 'OpcUa'..
[2025-08-26 11:03:59.624] [init-stage-logger] [info] Applied 'OpcUa'.
[2025-08-26 11:03:59.629] [init-stage-logger] [info] Getting next configuration schema...
[2025-08-26 11:03:59.629] [init-stage-logger] [info] Got schema for: OpcUaServer
[2025-08-26 11:03:59.629] [init-stage-logger] [info] Loading configuration file 'OpcUaServer.xml'..
[2025-08-26 11:03:59.629] [init-stage-logger] [info] Configuration file 'OpcUaServer.xml' is loaded.
[2025-08-26 11:03:59.629] [init-stage-logger] [info] Custom validating 'OpcUaServer'..
[2025-08-26 11:03:59.629] [init-stage-logger] [info] Custom validated 'OpcUaServer'.
[2025-08-26 11:03:59.629] [init-stage-logger] [info] Applying 'OpcUaServer'..
[2025-08-26 11:03:59.656] [init-stage-logger] [info] Applied 'OpcUaServer'.
[2025-08-26 11:05:41.571] [init-stage-logger] [info] Custom validating 'RobotSelector'..
[2025-08-26 11:05:41.571] [init-stage-logger] [info] Custom validated 'RobotSelector'.
[2025-08-26 11:05:46.821] [init-stage-logger] [info] Static logger was initialized
[2025-08-26 11:05:46.824] [init-stage-logger] [info] Getting next configuration schema...
[2025-08-26 11:05:46.824] [init-stage-logger] [info] Got schema for: FilesystemEventsLogger
[2025-08-26 11:05:46.824] [init-stage-logger] [info] Loading configuration file 'FilesystemEventsLogger.xml'..
[2025-08-26 11:05:46.824] [init-stage-logger] [info] Configuration file 'FilesystemEventsLogger.xml' is loaded.
[2025-08-26 11:05:46.824] [init-stage-logger] [info] Custom validating 'FilesystemEventsLogger'..
[2025-08-26 11:05:46.824] [init-stage-logger] [info] Custom validated 'FilesystemEventsLogger'.
[2025-08-26 11:05:46.824] [init-stage-logger] [info] Applying 'FilesystemEventsLogger'..
[2025-08-26 11:05:46.824] [init-stage-logger] [info] Applied 'FilesystemEventsLogger'.
[2025-08-26 11:05:46.825] [init-stage-logger] [info] Creating extension provider
[2025-08-26 11:05:46.825] [init-stage-logger] [info] Getting next configuration schema...
[2025-08-26 11:05:46.825] [init-stage-logger] [info] Got schema for: AddonManager
[2025-08-26 11:05:46.825] [init-stage-logger] [info] Loading configuration file 'AddonManager.xml'..
[2025-08-26 11:05:46.825] [init-stage-logger] [info] Configuration file 'AddonManager.xml' is loaded.
[2025-08-26 11:05:46.825] [init-stage-logger] [info] Custom validating 'AddonManager'..
[2025-08-26 11:05:46.825] [init-stage-logger] [info] Custom validated 'AddonManager'.
[2025-08-26 11:05:46.825] [init-stage-logger] [info] Applying 'AddonManager'..
[2025-08-26 11:05:46.825] [init-stage-logger] [info] Applied 'AddonManager'.
[2025-08-26 11:05:46.825] [init-stage-logger] [info] Getting next configuration schema...
[2025-08-26 11:05:46.825] [init-stage-logger] [info] Got schema for: ExtensionProvider
[2025-08-26 11:05:46.825] [init-stage-logger] [info] Loading configuration file 'ExtensionProvider.xml'..
[2025-08-26 11:05:46.825] [init-stage-logger] [info] Configuration file 'ExtensionProvider.xml' is loaded.
[2025-08-26 11:05:46.825] [init-stage-logger] [info] Custom validating 'ExtensionProvider'..
[2025-08-26 11:05:46.825] [init-stage-logger] [info] Custom validated 'ExtensionProvider'.
[2025-08-26 11:05:46.825] [init-stage-logger] [info] Applying 'ExtensionProvider'..
[2025-08-26 11:05:46.838] [init-stage-logger] [info] Applied 'ExtensionProvider'.
[2025-08-26 11:05:46.838] [init-stage-logger] [info] Initializing robot selector
[2025-08-26 11:05:46.838] [init-stage-logger] [info] Getting next configuration schema...
[2025-08-26 11:05:46.838] [init-stage-logger] [info] Got schema for: RobotSelector
[2025-08-26 11:05:46.838] [init-stage-logger] [info] Loading configuration file 'RobotSelector.xml'..
[2025-08-26 11:05:46.838] [init-stage-logger] [info] Configuration file 'RobotSelector.xml' is loaded.
[2025-08-26 11:05:46.838] [init-stage-logger] [info] Custom validating 'RobotSelector'..
[2025-08-26 11:05:46.838] [init-stage-logger] [info] Custom validated 'RobotSelector'.
[2025-08-26 11:05:46.838] [init-stage-logger] [info] Applying 'RobotSelector'..
[2025-08-26 11:05:46.838] [init-stage-logger] [info] Applied 'RobotSelector'.
[2025-08-26 11:05:46.838] [init-stage-logger] [info] Creating Robot object
[2025-08-26 11:05:46.839] [init-stage-logger] [info] Getting next configuration schema...
[2025-08-26 11:05:46.840] [init-stage-logger] [info] Got schema for: DhChain
[2025-08-26 11:05:46.840] [init-stage-logger] [info] Loading configuration file 'DhChain.xml'..
[2025-08-26 11:05:46.840] [init-stage-logger] [info] Configuration file 'DhChain.xml' is loaded.
[2025-08-26 11:05:46.840] [init-stage-logger] [info] Custom validating 'DhChain'..
[2025-08-26 11:05:46.840] [init-stage-logger] [info] Custom validated 'DhChain'.
[2025-08-26 11:05:46.840] [init-stage-logger] [info] Applying 'DhChain'..
[2025-08-26 11:05:46.840] [init-stage-logger] [info] Applied 'DhChain'.
[2025-08-26 11:05:46.842] [init-stage-logger] [info] Creating Server socket
[2025-08-26 11:05:46.842] [init-stage-logger] [info] Configuring Server socket
[2025-08-26 11:05:46.842] [init-stage-logger] [info] Getting next configuration schema...
[2025-08-26 11:05:46.842] [init-stage-logger] [info] Got schema for: NetworkLogger
[2025-08-26 11:05:46.842] [init-stage-logger] [info] Loading configuration file 'NetworkLogger.xml'..
[2025-08-26 11:05:46.842] [init-stage-logger] [info] Configuration file 'NetworkLogger.xml' is loaded.
[2025-08-26 11:05:46.842] [init-stage-logger] [info] Custom validating 'NetworkLogger'..
[2025-08-26 11:05:46.842] [init-stage-logger] [info] Custom validated 'NetworkLogger'.
[2025-08-26 11:05:46.842] [init-stage-logger] [info] Applying 'NetworkLogger'..
[2025-08-26 11:05:46.842] [init-stage-logger] [info] Applied 'NetworkLogger'.
[2025-08-26 11:05:46.843] [init-stage-logger] [info] Getting next configuration schema...
[2025-08-26 11:05:46.843] [init-stage-logger] [info] Got schema for: AccessManager
[2025-08-26 11:05:46.843] [init-stage-logger] [info] Loading configuration file 'AccessManager.xml'..
[2025-08-26 11:05:46.843] [init-stage-logger] [info] Configuration file 'AccessManager.xml' is loaded.
[2025-08-26 11:05:46.843] [init-stage-logger] [info] Custom validating 'AccessManager'..
[2025-08-26 11:05:46.843] [init-stage-logger] [info] Custom validated 'AccessManager'.
[2025-08-26 11:05:46.843] [init-stage-logger] [info] Applying 'AccessManager'..
[2025-08-26 11:05:46.843] [init-stage-logger] [info] Applied 'AccessManager'.
[2025-08-26 11:05:46.843] [init-stage-logger] [info] Getting next configuration schema...
[2025-08-26 11:05:46.843] [init-stage-logger] [info] Got schema for: MessageCollector
[2025-08-26 11:05:46.843] [init-stage-logger] [info] Loading configuration file 'MessageCollector.xml'..
[2025-08-26 11:05:46.843] [init-stage-logger] [info] Configuration file 'MessageCollector.xml' is loaded.
[2025-08-26 11:05:46.843] [init-stage-logger] [info] Custom validating 'MessageCollector'..
[2025-08-26 11:05:46.843] [init-stage-logger] [info] Custom validated 'MessageCollector'.
[2025-08-26 11:05:46.843] [init-stage-logger] [info] Applying 'MessageCollector'..
[2025-08-26 11:05:46.843] [init-stage-logger] [info] Applied 'MessageCollector'.
[2025-08-26 11:05:46.843] [init-stage-logger] [info] Getting next configuration schema...
[2025-08-26 11:05:46.843] [init-stage-logger] [info] Got schema for: RareData
[2025-08-26 11:05:46.843] [init-stage-logger] [info] Loading configuration file 'RareData.xml'..
[2025-08-26 11:05:46.843] [init-stage-logger] [info] Configuration file 'RareData.xml' is loaded.
[2025-08-26 11:05:46.843] [init-stage-logger] [info] Custom validating 'RareData'..
[2025-08-26 11:05:46.843] [init-stage-logger] [info] Custom validated 'RareData'.
[2025-08-26 11:05:46.843] [init-stage-logger] [info] Applying 'RareData'..
[2025-08-26 11:05:46.843] [init-stage-logger] [info] Applied 'RareData'.
[2025-08-26 11:05:46.843] [init-stage-logger] [info] Getting next configuration schema...
[2025-08-26 11:05:46.843] [init-stage-logger] [info] Got schema for: SoftwareSafetyState
[2025-08-26 11:05:46.843] [init-stage-logger] [info] Loading configuration file 'SoftwareSafetyState.xml'..
[2025-08-26 11:05:46.843] [init-stage-logger] [info] Configuration file 'SoftwareSafetyState.xml' is loaded.
[2025-08-26 11:05:46.843] [init-stage-logger] [info] Custom validating 'SoftwareSafetyState'..
[2025-08-26 11:05:46.843] [init-stage-logger] [info] Custom validated 'SoftwareSafetyState'.
[2025-08-26 11:05:46.843] [init-stage-logger] [info] Applying 'SoftwareSafetyState'..
[2025-08-26 11:05:46.844] [init-stage-logger] [info] Applied 'SoftwareSafetyState'.
[2025-08-26 11:05:46.844] [init-stage-logger] [info] Getting next configuration schema...
[2025-08-26 11:05:46.844] [init-stage-logger] [info] Got schema for: ParametricBaseProvider
[2025-08-26 11:05:46.844] [init-stage-logger] [info] Loading configuration file 'ParametricBaseProvider.xml'..
[2025-08-26 11:05:46.844] [init-stage-logger] [info] Configuration file 'ParametricBaseProvider.xml' is loaded.
[2025-08-26 11:05:46.844] [init-stage-logger] [info] Custom validating 'ParametricBaseProvider'..
[2025-08-26 11:05:46.844] [init-stage-logger] [info] Custom validated 'ParametricBaseProvider'.
[2025-08-26 11:05:46.844] [init-stage-logger] [info] Applying 'ParametricBaseProvider'..
[2025-08-26 11:05:46.844] [init-stage-logger] [info] Applied 'ParametricBaseProvider'.
[2025-08-26 11:05:46.844] [init-stage-logger] [info] Getting next configuration schema...
[2025-08-26 11:05:46.844] [init-stage-logger] [info] Got schema for: LogManager
[2025-08-26 11:05:46.844] [init-stage-logger] [info] Loading configuration file 'LogManager.xml'..
[2025-08-26 11:05:46.844] [init-stage-logger] [info] Configuration file 'LogManager.xml' is loaded.
[2025-08-26 11:05:46.844] [init-stage-logger] [info] Custom validating 'LogManager'..
[2025-08-26 11:05:46.844] [init-stage-logger] [info] Custom validated 'LogManager'.
[2025-08-26 11:05:46.844] [init-stage-logger] [info] Applying 'LogManager'..
[2025-08-26 11:05:46.844] [init-stage-logger] [info] Applied 'LogManager'.
[2025-08-26 11:05:46.844] [init-stage-logger] [info] Getting next configuration schema...
[2025-08-26 11:05:46.844] [init-stage-logger] [info] Got schema for: GuidedModeController
[2025-08-26 11:05:46.844] [init-stage-logger] [info] Loading configuration file 'GuidedModeController.xml'..
[2025-08-26 11:05:46.844] [init-stage-logger] [info] Configuration file 'GuidedModeController.xml' is loaded.
[2025-08-26 11:05:46.844] [init-stage-logger] [info] Custom validating 'GuidedModeController'..
[2025-08-26 11:05:46.845] [init-stage-logger] [info] Custom validated 'GuidedModeController'.
[2025-08-26 11:05:46.845] [init-stage-logger] [info] Applying 'GuidedModeController'..
[2025-08-26 11:05:46.845] [init-stage-logger] [info] Applied 'GuidedModeController'.
[2025-08-26 11:05:46.845] [init-stage-logger] [info] Getting next configuration schema...
[2025-08-26 11:05:46.845] [init-stage-logger] [info] Got schema for: ShutDownRestart
[2025-08-26 11:05:46.845] [init-stage-logger] [info] Loading configuration file 'ShutDownRestart.xml'..
[2025-08-26 11:05:46.845] [init-stage-logger] [info] Configuration file 'ShutDownRestart.xml' is loaded.
[2025-08-26 11:05:46.845] [init-stage-logger] [info] Custom validating 'ShutDownRestart'..
[2025-08-26 11:05:46.845] [init-stage-logger] [info] Custom validated 'ShutDownRestart'.
[2025-08-26 11:05:46.845] [init-stage-logger] [info] Applying 'ShutDownRestart'..
[2025-08-26 11:05:46.845] [init-stage-logger] [info] Applied 'ShutDownRestart'.
[2025-08-26 11:05:46.845] [init-stage-logger] [info] Getting next configuration schema...
[2025-08-26 11:05:46.845] [init-stage-logger] [info] Got schema for: AutorunController
[2025-08-26 11:05:46.845] [init-stage-logger] [info] Loading configuration file 'AutorunController.xml'..
[2025-08-26 11:05:46.845] [init-stage-logger] [info] Configuration file 'AutorunController.xml' is loaded.
[2025-08-26 11:05:46.845] [init-stage-logger] [info] Custom validating 'AutorunController'..
[2025-08-26 11:05:46.845] [init-stage-logger] [info] Custom validated 'AutorunController'.
[2025-08-26 11:05:46.845] [init-stage-logger] [info] Applying 'AutorunController'..
[2025-08-26 11:05:46.845] [init-stage-logger] [info] Applied 'AutorunController'.
[2025-08-26 11:05:46.845] [init-stage-logger] [info] Getting next configuration schema...
[2025-08-26 11:05:46.845] [init-stage-logger] [info] Got schema for: DatagramTransceiver
[2025-08-26 11:05:46.845] [init-stage-logger] [info] Loading configuration file 'DatagramTransceiver.xml'..
[2025-08-26 11:05:46.845] [init-stage-logger] [info] Configuration file 'DatagramTransceiver.xml' is loaded.
[2025-08-26 11:05:46.845] [init-stage-logger] [info] Custom validating 'DatagramTransceiver'..
[2025-08-26 11:05:46.845] [init-stage-logger] [info] Custom validated 'DatagramTransceiver'.
[2025-08-26 11:05:46.845] [init-stage-logger] [info] Applying 'DatagramTransceiver'..
[2025-08-26 11:05:46.845] [init-stage-logger] [info] Applied 'DatagramTransceiver'.
[2025-08-26 11:05:46.845] [init-stage-logger] [info] Getting next configuration schema...
[2025-08-26 11:05:46.845] [init-stage-logger] [info] Got schema for: IntermachineTasksController
[2025-08-26 11:05:46.845] [init-stage-logger] [info] Loading configuration file 'IntermachineTasksController.xml'..
[2025-08-26 11:05:46.845] [init-stage-logger] [info] Configuration file 'IntermachineTasksController.xml' is loaded.
[2025-08-26 11:05:46.845] [init-stage-logger] [info] Custom validating 'IntermachineTasksController'..
[2025-08-26 11:05:46.845] [init-stage-logger] [info] Custom validated 'IntermachineTasksController'.
[2025-08-26 11:05:46.845] [init-stage-logger] [info] Applying 'IntermachineTasksController'..
[2025-08-26 11:05:46.845] [init-stage-logger] [info] Applied 'IntermachineTasksController'.
[2025-08-26 11:05:46.845] [init-stage-logger] [info] Getting next configuration schema...
[2025-08-26 11:05:46.845] [init-stage-logger] [info] Got schema for: UserAlarmsHandler
[2025-08-26 11:05:46.845] [init-stage-logger] [info] Loading configuration file 'UserAlarmsHandler.xml'..
[2025-08-26 11:05:46.845] [init-stage-logger] [info] Configuration file 'UserAlarmsHandler.xml' is loaded.
[2025-08-26 11:05:46.845] [init-stage-logger] [info] Custom validating 'UserAlarmsHandler'..
[2025-08-26 11:05:46.845] [init-stage-logger] [info] Custom validated 'UserAlarmsHandler'.
[2025-08-26 11:05:46.845] [init-stage-logger] [info] Applying 'UserAlarmsHandler'..
[2025-08-26 11:05:46.845] [init-stage-logger] [info] Applied 'UserAlarmsHandler'.
[2025-08-26 11:05:46.845] [init-stage-logger] [info] Getting next configuration schema...
[2025-08-26 11:05:46.846] [init-stage-logger] [info] Got schema for: UserConfigurationManager
[2025-08-26 11:05:46.846] [init-stage-logger] [info] Loading configuration file 'UserConfigurationManager.xml'..
[2025-08-26 11:05:46.846] [init-stage-logger] [info] Configuration file 'UserConfigurationManager.xml' is loaded.
[2025-08-26 11:05:46.846] [init-stage-logger] [info] Custom validating 'UserConfigurationManager'..
[2025-08-26 11:05:46.846] [init-stage-logger] [info] Custom validated 'UserConfigurationManager'.
[2025-08-26 11:05:46.846] [init-stage-logger] [info] Applying 'UserConfigurationManager'..
[2025-08-26 11:05:46.846] [init-stage-logger] [info] Applied 'UserConfigurationManager'.
[2025-08-26 11:05:46.846] [init-stage-logger] [info] Getting next configuration schema...
[2025-08-26 11:05:46.846] [init-stage-logger] [info] Got schema for: JogMotion
[2025-08-26 11:05:46.846] [init-stage-logger] [info] Loading configuration file 'JogMotion.xml'..
[2025-08-26 11:05:46.846] [init-stage-logger] [info] Configuration file 'JogMotion.xml' is loaded.
[2025-08-26 11:05:46.846] [init-stage-logger] [info] Custom validating 'JogMotion'..
[2025-08-26 11:05:46.846] [init-stage-logger] [info] Custom validated 'JogMotion'.
[2025-08-26 11:05:46.846] [init-stage-logger] [info] Applying 'JogMotion'..
[2025-08-26 11:05:46.846] [init-stage-logger] [info] Applied 'JogMotion'.
[2025-08-26 11:05:46.846] [init-stage-logger] [info] Getting next configuration schema...
[2025-08-26 11:05:46.846] [init-stage-logger] [info] Got schema for: Signals
[2025-08-26 11:05:46.846] [init-stage-logger] [info] Loading configuration file 'Signals.xml'..
[2025-08-26 11:05:46.846] [init-stage-logger] [info] Configuration file 'Signals.xml' is loaded.
[2025-08-26 11:05:46.846] [init-stage-logger] [info] Custom validating 'Signals'..
[2025-08-26 11:05:46.846] [init-stage-logger] [info] Custom validated 'Signals'.
[2025-08-26 11:05:46.846] [init-stage-logger] [info] Applying 'Signals'..
[2025-08-26 11:05:46.846] [init-stage-logger] [info] Loading configuration file 'ModbusTCPBusForDevice/weld_source.xml'..
[2025-08-26 11:05:46.847] [init-stage-logger] [info] Configuration file 'ModbusTCPBusForDevice/weld_source.xml' is loaded.
[2025-08-26 11:05:46.847] [init-stage-logger] [info] Custom validating 'ModbusTCPBusForDevice'..
[2025-08-26 11:05:46.847] [init-stage-logger] [info] Custom validated 'ModbusTCPBusForDevice'.
[2025-08-26 11:05:46.847] [init-stage-logger] [info] Applying 'ModbusTCPBusForDevice'..
[2025-08-26 11:05:46.847] [init-stage-logger] [info] Applied 'ModbusTCPBusForDevice'.
[2025-08-26 11:05:46.847] [init-stage-logger] [info] Applied 'Signals'.
[2025-08-26 11:05:46.847] [init-stage-logger] [info] Getting next configuration schema...
[2025-08-26 11:05:46.847] [init-stage-logger] [info] Got schema for: DrivesControllerV2
[2025-08-26 11:05:46.847] [init-stage-logger] [info] Loading configuration file 'DrivesControllerV2.xml'..
[2025-08-26 11:05:46.847] [init-stage-logger] [info] Configuration file 'DrivesControllerV2.xml' is loaded.
[2025-08-26 11:05:46.847] [init-stage-logger] [info] Custom validating 'DrivesControllerV2'..
[2025-08-26 11:05:46.847] [init-stage-logger] [info] Custom validated 'DrivesControllerV2'.
[2025-08-26 11:05:46.847] [init-stage-logger] [info] Applying 'DrivesControllerV2'..
[2025-08-26 11:05:46.948] [init-stage-logger] [info] Applied 'DrivesControllerV2'.
[2025-08-26 11:05:46.948] [init-stage-logger] [info] Getting next configuration schema...
[2025-08-26 11:05:46.948] [init-stage-logger] [info] Got schema for: SplinePathGeneratorInfo
[2025-08-26 11:05:46.948] [init-stage-logger] [info] Loading configuration file 'SplinePathGeneratorInfo.xml'..
[2025-08-26 11:05:46.950] [init-stage-logger] [info] Configuration file 'SplinePathGeneratorInfo.xml' is loaded.
[2025-08-26 11:05:46.950] [init-stage-logger] [info] Custom validating 'SplinePathGeneratorInfo'..
[2025-08-26 11:05:46.950] [init-stage-logger] [info] Custom validated 'SplinePathGeneratorInfo'.
[2025-08-26 11:05:46.950] [init-stage-logger] [info] Applying 'SplinePathGeneratorInfo'..
[2025-08-26 11:05:46.950] [init-stage-logger] [info] Applied 'SplinePathGeneratorInfo'.
[2025-08-26 11:05:46.950] [init-stage-logger] [info] Getting next configuration schema...
[2025-08-26 11:05:46.950] [init-stage-logger] [info] Got schema for: TargetAtTimeExecutor
[2025-08-26 11:05:46.950] [init-stage-logger] [info] Loading configuration file 'TargetAtTimeExecutor.xml'..
[2025-08-26 11:05:46.950] [init-stage-logger] [info] Configuration file 'TargetAtTimeExecutor.xml' is loaded.
[2025-08-26 11:05:46.950] [init-stage-logger] [info] Custom validating 'TargetAtTimeExecutor'..
[2025-08-26 11:05:46.950] [init-stage-logger] [info] Custom validated 'TargetAtTimeExecutor'.
[2025-08-26 11:05:46.950] [init-stage-logger] [info] Applying 'TargetAtTimeExecutor'..
[2025-08-26 11:05:46.950] [init-stage-logger] [info] Applied 'TargetAtTimeExecutor'.
[2025-08-26 11:05:46.950] [init-stage-logger] [info] Getting next configuration schema...
[2025-08-26 11:05:46.950] [init-stage-logger] [info] Got schema for: SdcLog
[2025-08-26 11:05:46.950] [init-stage-logger] [info] Loading configuration file 'SdcLog.xml'..
[2025-08-26 11:05:46.950] [init-stage-logger] [info] Configuration file 'SdcLog.xml' is loaded.
[2025-08-26 11:05:46.950] [init-stage-logger] [info] Custom validating 'SdcLog'..
[2025-08-26 11:05:46.950] [init-stage-logger] [info] Custom validated 'SdcLog'.
[2025-08-26 11:05:46.950] [init-stage-logger] [info] Applying 'SdcLog'..
[2025-08-26 11:05:46.950] [init-stage-logger] [info] Applied 'SdcLog'.
[2025-08-26 11:05:46.951] [init-stage-logger] [info] Getting next configuration schema...
[2025-08-26 11:05:46.951] [init-stage-logger] [info] Got schema for: RawMotionQueueControllerLog
[2025-08-26 11:05:46.951] [init-stage-logger] [info] Loading configuration file 'RawMotionQueueControllerLog.xml'..
[2025-08-26 11:05:46.951] [init-stage-logger] [info] Configuration file 'RawMotionQueueControllerLog.xml' is loaded.
[2025-08-26 11:05:46.951] [init-stage-logger] [info] Custom validating 'RawMotionQueueControllerLog'..
[2025-08-26 11:05:46.951] [init-stage-logger] [info] Custom validated 'RawMotionQueueControllerLog'.
[2025-08-26 11:05:46.951] [init-stage-logger] [info] Applying 'RawMotionQueueControllerLog'..
[2025-08-26 11:05:46.951] [init-stage-logger] [info] Applied 'RawMotionQueueControllerLog'.
[2025-08-26 11:05:46.951] [init-stage-logger] [info] Getting next configuration schema...
[2025-08-26 11:05:46.951] [init-stage-logger] [info] Got schema for: ExecutionControllerLog
[2025-08-26 11:05:46.951] [init-stage-logger] [info] Loading configuration file 'ExecutionControllerLog.xml'..
[2025-08-26 11:05:46.951] [init-stage-logger] [info] Configuration file 'ExecutionControllerLog.xml' is loaded.
[2025-08-26 11:05:46.951] [init-stage-logger] [info] Custom validating 'ExecutionControllerLog'..
[2025-08-26 11:05:46.951] [init-stage-logger] [info] Custom validated 'ExecutionControllerLog'.
[2025-08-26 11:05:46.951] [init-stage-logger] [info] Applying 'ExecutionControllerLog'..
[2025-08-26 11:05:46.951] [init-stage-logger] [info] Applied 'ExecutionControllerLog'.
[2025-08-26 11:05:46.951] [init-stage-logger] [info] Getting next configuration schema...
[2025-08-26 11:05:46.951] [init-stage-logger] [info] Got schema for: TargetAtTimeMotionExecutorLog
[2025-08-26 11:05:46.951] [init-stage-logger] [info] Loading configuration file 'TargetAtTimeMotionExecutorLog.xml'..
[2025-08-26 11:05:46.952] [init-stage-logger] [info] Configuration file 'TargetAtTimeMotionExecutorLog.xml' is loaded.
[2025-08-26 11:05:46.952] [init-stage-logger] [info] Custom validating 'TargetAtTimeMotionExecutorLog'..
[2025-08-26 11:05:46.952] [init-stage-logger] [info] Custom validated 'TargetAtTimeMotionExecutorLog'.
[2025-08-26 11:05:46.952] [init-stage-logger] [info] Applying 'TargetAtTimeMotionExecutorLog'..
[2025-08-26 11:05:46.952] [init-stage-logger] [info] Applied 'TargetAtTimeMotionExecutorLog'.
[2025-08-26 11:05:46.952] [init-stage-logger] [info] Getting next configuration schema...
[2025-08-26 11:05:46.952] [init-stage-logger] [info] Got schema for: ScalableBufferSplineLog
[2025-08-26 11:05:46.952] [init-stage-logger] [info] Loading configuration file 'ScalableBufferSplineLog.xml'..
[2025-08-26 11:05:46.952] [init-stage-logger] [info] Configuration file 'ScalableBufferSplineLog.xml' is loaded.
[2025-08-26 11:05:46.952] [init-stage-logger] [info] Custom validating 'ScalableBufferSplineLog'..
[2025-08-26 11:05:46.952] [init-stage-logger] [info] Custom validated 'ScalableBufferSplineLog'.
[2025-08-26 11:05:46.952] [init-stage-logger] [info] Applying 'ScalableBufferSplineLog'..
[2025-08-26 11:05:46.952] [init-stage-logger] [info] Applied 'ScalableBufferSplineLog'.
[2025-08-26 11:05:46.952] [init-stage-logger] [info] Configuring DataProvider
[2025-08-26 11:05:46.952] [init-stage-logger] [info] Getting next configuration schema...
[2025-08-26 11:05:46.952] [init-stage-logger] [info] Got schema for: RcpDataProvider
[2025-08-26 11:05:46.952] [init-stage-logger] [info] Loading configuration file 'RcpDataProvider.xml'..
[2025-08-26 11:05:46.952] [init-stage-logger] [info] Configuration file 'RcpDataProvider.xml' is loaded.
[2025-08-26 11:05:46.952] [init-stage-logger] [info] Custom validating 'RcpDataProvider'..
[2025-08-26 11:05:46.953] [init-stage-logger] [info] Custom validated 'RcpDataProvider'.
[2025-08-26 11:05:46.953] [init-stage-logger] [info] Applying 'RcpDataProvider'..
[2025-08-26 11:05:46.954] [init-stage-logger] [info] Applied 'RcpDataProvider'.
[2025-08-26 11:05:46.954] [init-stage-logger] [info] Configuring RcRepository
[2025-08-26 11:05:46.954] [init-stage-logger] [info] Getting next configuration schema...
[2025-08-26 11:05:46.954] [init-stage-logger] [info] Got schema for: RcpRepositoryInfo
[2025-08-26 11:05:46.954] [init-stage-logger] [info] Loading configuration file 'RcpRepositoryInfo.xml'..
[2025-08-26 11:05:46.954] [init-stage-logger] [info] Configuration file 'RcpRepositoryInfo.xml' is loaded.
[2025-08-26 11:05:46.954] [init-stage-logger] [info] Custom validating 'RcpRepositoryInfo'..
[2025-08-26 11:05:46.954] [init-stage-logger] [info] Custom validated 'RcpRepositoryInfo'.
[2025-08-26 11:05:46.954] [init-stage-logger] [info] Applying 'RcpRepositoryInfo'..
[2025-08-26 11:05:46.954] [init-stage-logger] [info] Applied 'RcpRepositoryInfo'.
[2025-08-26 11:05:46.954] [init-stage-logger] [info] Configuring ProgramIntepreter
[2025-08-26 11:05:46.954] [init-stage-logger] [info] Getting next configuration schema...
[2025-08-26 11:05:46.954] [init-stage-logger] [info] Got schema for: RcProgramInterpreter
[2025-08-26 11:05:46.954] [init-stage-logger] [info] Loading configuration file 'RcProgramInterpreter.xml'..
[2025-08-26 11:05:46.954] [init-stage-logger] [info] Configuration file 'RcProgramInterpreter.xml' is loaded.
[2025-08-26 11:05:46.954] [init-stage-logger] [info] Custom validating 'RcProgramInterpreter'..
[2025-08-26 11:05:46.954] [init-stage-logger] [info] Custom validated 'RcProgramInterpreter'.
[2025-08-26 11:05:46.954] [init-stage-logger] [info] Applying 'RcProgramInterpreter'..
[2025-08-26 11:05:46.954] [init-stage-logger] [info] Applied 'RcProgramInterpreter'.
[2025-08-26 11:05:46.955] [init-stage-logger] [info] Getting next configuration schema...
[2025-08-26 11:05:46.955] [init-stage-logger] [info] Got schema for: gcode_logger
[2025-08-26 11:05:46.955] [init-stage-logger] [info] Loading configuration file 'gcode_logger.xml'..
[2025-08-26 11:05:46.956] [init-stage-logger] [info] Configuration file 'gcode_logger.xml' is loaded.
[2025-08-26 11:05:46.956] [init-stage-logger] [info] Custom validating 'gcode_logger'..
[2025-08-26 11:05:46.956] [init-stage-logger] [info] Custom validated 'gcode_logger'.
[2025-08-26 11:05:46.956] [init-stage-logger] [info] Applying 'gcode_logger'..
[2025-08-26 11:05:46.956] [init-stage-logger] [info] Applied 'gcode_logger'.
[2025-08-26 11:05:46.957] [init-stage-logger] [info] Getting next configuration schema...
[2025-08-26 11:05:46.957] [init-stage-logger] [info] Got schema for: ApiServerData
[2025-08-26 11:05:46.957] [init-stage-logger] [info] Loading configuration file 'ApiServerData.xml'..
[2025-08-26 11:05:46.957] [init-stage-logger] [info] Configuration file 'ApiServerData.xml' is loaded.
[2025-08-26 11:05:46.957] [init-stage-logger] [info] Custom validating 'ApiServerData'..
[2025-08-26 11:05:46.957] [init-stage-logger] [info] Custom validated 'ApiServerData'.
[2025-08-26 11:05:46.957] [init-stage-logger] [info] Applying 'ApiServerData'..
[2025-08-26 11:05:46.957] [init-stage-logger] [info] Applied 'ApiServerData'.
[2025-08-26 11:05:46.957] [init-stage-logger] [info] Getting next configuration schema...
[2025-08-26 11:05:46.957] [init-stage-logger] [info] Got schema for: WidgetHandler
[2025-08-26 11:05:46.957] [init-stage-logger] [info] Loading configuration file 'WidgetHandler.xml'..
[2025-08-26 11:05:46.957] [init-stage-logger] [info] Configuration file 'WidgetHandler.xml' is loaded.
[2025-08-26 11:05:46.957] [init-stage-logger] [info] Custom validating 'WidgetHandler'..
[2025-08-26 11:05:46.957] [init-stage-logger] [info] Custom validated 'WidgetHandler'.
[2025-08-26 11:05:46.957] [init-stage-logger] [info] Applying 'WidgetHandler'..
[2025-08-26 11:05:46.957] [init-stage-logger] [info] Applied 'WidgetHandler'.
[2025-08-26 11:05:46.957] [init-stage-logger] [info] Getting next configuration schema...
[2025-08-26 11:05:46.957] [init-stage-logger] [info] Got schema for: RcProgramRunHandler
[2025-08-26 11:05:46.957] [init-stage-logger] [info] Loading configuration file 'RcProgramRunHandler.xml'..
[2025-08-26 11:05:46.957] [init-stage-logger] [info] Configuration file 'RcProgramRunHandler.xml' is loaded.
[2025-08-26 11:05:46.957] [init-stage-logger] [info] Custom validating 'RcProgramRunHandler'..
[2025-08-26 11:05:46.957] [init-stage-logger] [info] Custom validated 'RcProgramRunHandler'.
[2025-08-26 11:05:46.957] [init-stage-logger] [info] Applying 'RcProgramRunHandler'..
[2025-08-26 11:05:46.957] [init-stage-logger] [info] Applied 'RcProgramRunHandler'.
[2025-08-26 11:05:46.957] [init-stage-logger] [info] Getting next configuration schema...
[2025-08-26 11:05:46.957] [init-stage-logger] [info] Got schema for: ToolsAndFramesCalibration
[2025-08-26 11:05:46.957] [init-stage-logger] [info] Loading configuration file 'ToolsAndFramesCalibration.xml'..
[2025-08-26 11:05:46.957] [init-stage-logger] [info] Configuration file 'ToolsAndFramesCalibration.xml' is loaded.
[2025-08-26 11:05:46.957] [init-stage-logger] [info] Custom validating 'ToolsAndFramesCalibration'..
[2025-08-26 11:05:46.957] [init-stage-logger] [info] Custom validated 'ToolsAndFramesCalibration'.
[2025-08-26 11:05:46.957] [init-stage-logger] [info] Applying 'ToolsAndFramesCalibration'..
[2025-08-26 11:05:46.957] [init-stage-logger] [info] Applied 'ToolsAndFramesCalibration'.
[2025-08-26 11:05:46.957] [init-stage-logger] [info] loading addons
[2025-08-26 11:05:46.957] [init-stage-logger] [info] finished init, now running
[2025-08-26 11:05:47.030] [init-stage-logger] [info] Getting next configuration schema...
[2025-08-26 11:05:47.031] [init-stage-logger] [info] Got schema for: RcsGCodeInterpreter
[2025-08-26 11:05:47.031] [init-stage-logger] [info] Loading configuration file 'RcsGCodeInterpreter.xml'..
[2025-08-26 11:05:47.031] [init-stage-logger] [info] Configuration file 'RcsGCodeInterpreter.xml' is loaded.
[2025-08-26 11:05:47.031] [init-stage-logger] [info] Custom validating 'RcsGCodeInterpreter'..
[2025-08-26 11:05:47.031] [init-stage-logger] [info] Custom validated 'RcsGCodeInterpreter'.
[2025-08-26 11:05:47.031] [init-stage-logger] [info] Applying 'RcsGCodeInterpreter'..
[2025-08-26 11:05:47.032] [init-stage-logger] [info] Applied 'RcsGCodeInterpreter'.
[2025-08-26 11:05:47.032] [init-stage-logger] [info] Getting next configuration schema...
[2025-08-26 11:05:47.032] [init-stage-logger] [info] Got schema for: OpcUa
[2025-08-26 11:05:47.032] [init-stage-logger] [info] Loading configuration file 'OpcUa.xml'..
[2025-08-26 11:05:47.032] [init-stage-logger] [info] Configuration file 'OpcUa.xml' is loaded.
[2025-08-26 11:05:47.032] [init-stage-logger] [info] Custom validating 'OpcUa'..
[2025-08-26 11:05:47.032] [init-stage-logger] [info] Custom validated 'OpcUa'.
[2025-08-26 11:05:47.032] [init-stage-logger] [info] Applying 'OpcUa'..
[2025-08-26 11:05:47.032] [init-stage-logger] [info] Applied 'OpcUa'.
[2025-08-26 11:05:47.033] [init-stage-logger] [info] Getting next configuration schema...
[2025-08-26 11:05:47.033] [init-stage-logger] [info] Got schema for: OpcUaServer
[2025-08-26 11:05:47.033] [init-stage-logger] [info] Loading configuration file 'OpcUaServer.xml'..
[2025-08-26 11:05:47.033] [init-stage-logger] [info] Configuration file 'OpcUaServer.xml' is loaded.
[2025-08-26 11:05:47.033] [init-stage-logger] [info] Custom validating 'OpcUaServer'..
[2025-08-26 11:05:47.033] [init-stage-logger] [info] Custom validated 'OpcUaServer'.
[2025-08-26 11:05:47.033] [init-stage-logger] [info] Applying 'OpcUaServer'..
[2025-08-26 11:05:47.058] [init-stage-logger] [info] Applied 'OpcUaServer'.
[2025-08-26 11:12:08.733] [init-stage-logger] [info] Static logger was initialized
[2025-08-26 11:12:08.735] [init-stage-logger] [info] Getting next configuration schema...
[2025-08-26 11:12:08.735] [init-stage-logger] [info] Got schema for: FilesystemEventsLogger
[2025-08-26 11:12:08.735] [init-stage-logger] [info] Loading configuration file 'FilesystemEventsLogger.xml'..
[2025-08-26 11:12:08.735] [init-stage-logger] [info] Configuration file 'FilesystemEventsLogger.xml' is loaded.
[2025-08-26 11:12:08.735] [init-stage-logger] [info] Custom validating 'FilesystemEventsLogger'..
[2025-08-26 11:12:08.735] [init-stage-logger] [info] Custom validated 'FilesystemEventsLogger'.
[2025-08-26 11:12:08.735] [init-stage-logger] [info] Applying 'FilesystemEventsLogger'..
[2025-08-26 11:12:08.735] [init-stage-logger] [info] Applied 'FilesystemEventsLogger'.
[2025-08-26 11:12:08.736] [init-stage-logger] [info] Creating extension provider
[2025-08-26 11:12:08.736] [init-stage-logger] [info] Getting next configuration schema...
[2025-08-26 11:12:08.736] [init-stage-logger] [info] Got schema for: AddonManager
[2025-08-26 11:12:08.736] [init-stage-logger] [info] Loading configuration file 'AddonManager.xml'..
[2025-08-26 11:12:08.736] [init-stage-logger] [info] Configuration file 'AddonManager.xml' is loaded.
[2025-08-26 11:12:08.736] [init-stage-logger] [info] Custom validating 'AddonManager'..
[2025-08-26 11:12:08.736] [init-stage-logger] [info] Custom validated 'AddonManager'.
[2025-08-26 11:12:08.736] [init-stage-logger] [info] Applying 'AddonManager'..
[2025-08-26 11:12:08.736] [init-stage-logger] [info] Applied 'AddonManager'.
[2025-08-26 11:12:08.736] [init-stage-logger] [info] Getting next configuration schema...
[2025-08-26 11:12:08.736] [init-stage-logger] [info] Got schema for: ExtensionProvider
[2025-08-26 11:12:08.736] [init-stage-logger] [info] Loading configuration file 'ExtensionProvider.xml'..
[2025-08-26 11:12:08.736] [init-stage-logger] [info] Configuration file 'ExtensionProvider.xml' is loaded.
[2025-08-26 11:12:08.736] [init-stage-logger] [info] Custom validating 'ExtensionProvider'..
[2025-08-26 11:12:08.736] [init-stage-logger] [info] Custom validated 'ExtensionProvider'.
[2025-08-26 11:12:08.736] [init-stage-logger] [info] Applying 'ExtensionProvider'..
[2025-08-26 11:12:08.750] [init-stage-logger] [info] Applied 'ExtensionProvider'.
[2025-08-26 11:12:08.750] [init-stage-logger] [info] Initializing robot selector
[2025-08-26 11:12:08.750] [init-stage-logger] [info] Getting next configuration schema...
[2025-08-26 11:12:08.750] [init-stage-logger] [info] Got schema for: RobotSelector
[2025-08-26 11:12:08.750] [init-stage-logger] [info] Loading configuration file 'RobotSelector.xml'..
[2025-08-26 11:12:08.750] [init-stage-logger] [info] Configuration file 'RobotSelector.xml' is loaded.
[2025-08-26 11:12:08.750] [init-stage-logger] [info] Custom validating 'RobotSelector'..
[2025-08-26 11:12:08.750] [init-stage-logger] [info] Custom validated 'RobotSelector'.
[2025-08-26 11:12:08.750] [init-stage-logger] [info] Applying 'RobotSelector'..
[2025-08-26 11:12:08.750] [init-stage-logger] [info] Applied 'RobotSelector'.
[2025-08-26 11:12:08.750] [init-stage-logger] [info] Creating Robot object
[2025-08-26 11:12:08.751] [init-stage-logger] [info] Getting next configuration schema...
[2025-08-26 11:12:08.751] [init-stage-logger] [info] Got schema for: DhChain
[2025-08-26 11:12:08.751] [init-stage-logger] [info] Loading configuration file 'DhChain.xml'..
[2025-08-26 11:12:08.751] [init-stage-logger] [info] Configuration file 'DhChain.xml' is loaded.
[2025-08-26 11:12:08.751] [init-stage-logger] [info] Custom validating 'DhChain'..
[2025-08-26 11:12:08.751] [init-stage-logger] [info] Custom validated 'DhChain'.
[2025-08-26 11:12:08.751] [init-stage-logger] [info] Applying 'DhChain'..
[2025-08-26 11:12:08.751] [init-stage-logger] [info] Applied 'DhChain'.
[2025-08-26 11:12:08.753] [init-stage-logger] [info] Creating Server socket
[2025-08-26 11:12:08.753] [init-stage-logger] [info] Configuring Server socket
[2025-08-26 11:12:08.753] [init-stage-logger] [info] Getting next configuration schema...
[2025-08-26 11:12:08.753] [init-stage-logger] [info] Got schema for: NetworkLogger
[2025-08-26 11:12:08.753] [init-stage-logger] [info] Loading configuration file 'NetworkLogger.xml'..
[2025-08-26 11:12:08.753] [init-stage-logger] [info] Configuration file 'NetworkLogger.xml' is loaded.
[2025-08-26 11:12:08.753] [init-stage-logger] [info] Custom validating 'NetworkLogger'..
[2025-08-26 11:12:08.753] [init-stage-logger] [info] Custom validated 'NetworkLogger'.
[2025-08-26 11:12:08.753] [init-stage-logger] [info] Applying 'NetworkLogger'..
[2025-08-26 11:12:08.753] [init-stage-logger] [info] Applied 'NetworkLogger'.
[2025-08-26 11:12:08.754] [init-stage-logger] [info] Getting next configuration schema...
[2025-08-26 11:12:08.754] [init-stage-logger] [info] Got schema for: AccessManager
[2025-08-26 11:12:08.754] [init-stage-logger] [info] Loading configuration file 'AccessManager.xml'..
[2025-08-26 11:12:08.754] [init-stage-logger] [info] Configuration file 'AccessManager.xml' is loaded.
[2025-08-26 11:12:08.754] [init-stage-logger] [info] Custom validating 'AccessManager'..
[2025-08-26 11:12:08.754] [init-stage-logger] [info] Custom validated 'AccessManager'.
[2025-08-26 11:12:08.754] [init-stage-logger] [info] Applying 'AccessManager'..
[2025-08-26 11:12:08.754] [init-stage-logger] [info] Applied 'AccessManager'.
[2025-08-26 11:12:08.754] [init-stage-logger] [info] Getting next configuration schema...
[2025-08-26 11:12:08.754] [init-stage-logger] [info] Got schema for: MessageCollector
[2025-08-26 11:12:08.754] [init-stage-logger] [info] Loading configuration file 'MessageCollector.xml'..
[2025-08-26 11:12:08.754] [init-stage-logger] [info] Configuration file 'MessageCollector.xml' is loaded.
[2025-08-26 11:12:08.754] [init-stage-logger] [info] Custom validating 'MessageCollector'..
[2025-08-26 11:12:08.754] [init-stage-logger] [info] Custom validated 'MessageCollector'.
[2025-08-26 11:12:08.754] [init-stage-logger] [info] Applying 'MessageCollector'..
[2025-08-26 11:12:08.754] [init-stage-logger] [info] Applied 'MessageCollector'.
[2025-08-26 11:12:08.754] [init-stage-logger] [info] Getting next configuration schema...
[2025-08-26 11:12:08.754] [init-stage-logger] [info] Got schema for: RareData
[2025-08-26 11:12:08.754] [init-stage-logger] [info] Loading configuration file 'RareData.xml'..
[2025-08-26 11:12:08.754] [init-stage-logger] [info] Configuration file 'RareData.xml' is loaded.
[2025-08-26 11:12:08.754] [init-stage-logger] [info] Custom validating 'RareData'..
[2025-08-26 11:12:08.754] [init-stage-logger] [info] Custom validated 'RareData'.
[2025-08-26 11:12:08.754] [init-stage-logger] [info] Applying 'RareData'..
[2025-08-26 11:12:08.754] [init-stage-logger] [info] Applied 'RareData'.
[2025-08-26 11:12:08.754] [init-stage-logger] [info] Getting next configuration schema...
[2025-08-26 11:12:08.754] [init-stage-logger] [info] Got schema for: SoftwareSafetyState
[2025-08-26 11:12:08.754] [init-stage-logger] [info] Loading configuration file 'SoftwareSafetyState.xml'..
[2025-08-26 11:12:08.754] [init-stage-logger] [info] Configuration file 'SoftwareSafetyState.xml' is loaded.
[2025-08-26 11:12:08.754] [init-stage-logger] [info] Custom validating 'SoftwareSafetyState'..
[2025-08-26 11:12:08.754] [init-stage-logger] [info] Custom validated 'SoftwareSafetyState'.
[2025-08-26 11:12:08.754] [init-stage-logger] [info] Applying 'SoftwareSafetyState'..
[2025-08-26 11:12:08.755] [init-stage-logger] [info] Applied 'SoftwareSafetyState'.
[2025-08-26 11:12:08.755] [init-stage-logger] [info] Getting next configuration schema...
[2025-08-26 11:12:08.755] [init-stage-logger] [info] Got schema for: ParametricBaseProvider
[2025-08-26 11:12:08.755] [init-stage-logger] [info] Loading configuration file 'ParametricBaseProvider.xml'..
[2025-08-26 11:12:08.755] [init-stage-logger] [info] Configuration file 'ParametricBaseProvider.xml' is loaded.
[2025-08-26 11:12:08.755] [init-stage-logger] [info] Custom validating 'ParametricBaseProvider'..
[2025-08-26 11:12:08.755] [init-stage-logger] [info] Custom validated 'ParametricBaseProvider'.
[2025-08-26 11:12:08.755] [init-stage-logger] [info] Applying 'ParametricBaseProvider'..
[2025-08-26 11:12:08.755] [init-stage-logger] [info] Applied 'ParametricBaseProvider'.
[2025-08-26 11:12:08.755] [init-stage-logger] [info] Getting next configuration schema...
[2025-08-26 11:12:08.755] [init-stage-logger] [info] Got schema for: LogManager
[2025-08-26 11:12:08.755] [init-stage-logger] [info] Loading configuration file 'LogManager.xml'..
[2025-08-26 11:12:08.755] [init-stage-logger] [info] Configuration file 'LogManager.xml' is loaded.
[2025-08-26 11:12:08.755] [init-stage-logger] [info] Custom validating 'LogManager'..
[2025-08-26 11:12:08.755] [init-stage-logger] [info] Custom validated 'LogManager'.
[2025-08-26 11:12:08.755] [init-stage-logger] [info] Applying 'LogManager'..
[2025-08-26 11:12:08.755] [init-stage-logger] [info] Applied 'LogManager'.
[2025-08-26 11:12:08.755] [init-stage-logger] [info] Getting next configuration schema...
[2025-08-26 11:12:08.755] [init-stage-logger] [info] Got schema for: GuidedModeController
[2025-08-26 11:12:08.755] [init-stage-logger] [info] Loading configuration file 'GuidedModeController.xml'..
[2025-08-26 11:12:08.755] [init-stage-logger] [info] Configuration file 'GuidedModeController.xml' is loaded.
[2025-08-26 11:12:08.755] [init-stage-logger] [info] Custom validating 'GuidedModeController'..
[2025-08-26 11:12:08.755] [init-stage-logger] [info] Custom validated 'GuidedModeController'.
[2025-08-26 11:12:08.755] [init-stage-logger] [info] Applying 'GuidedModeController'..
[2025-08-26 11:12:08.755] [init-stage-logger] [info] Applied 'GuidedModeController'.
[2025-08-26 11:12:08.755] [init-stage-logger] [info] Getting next configuration schema...
[2025-08-26 11:12:08.755] [init-stage-logger] [info] Got schema for: ShutDownRestart
[2025-08-26 11:12:08.755] [init-stage-logger] [info] Loading configuration file 'ShutDownRestart.xml'..
[2025-08-26 11:12:08.756] [init-stage-logger] [info] Configuration file 'ShutDownRestart.xml' is loaded.
[2025-08-26 11:12:08.756] [init-stage-logger] [info] Custom validating 'ShutDownRestart'..
[2025-08-26 11:12:08.756] [init-stage-logger] [info] Custom validated 'ShutDownRestart'.
[2025-08-26 11:12:08.756] [init-stage-logger] [info] Applying 'ShutDownRestart'..
[2025-08-26 11:12:08.756] [init-stage-logger] [info] Applied 'ShutDownRestart'.
[2025-08-26 11:12:08.756] [init-stage-logger] [info] Getting next configuration schema...
[2025-08-26 11:12:08.756] [init-stage-logger] [info] Got schema for: AutorunController
[2025-08-26 11:12:08.756] [init-stage-logger] [info] Loading configuration file 'AutorunController.xml'..
[2025-08-26 11:12:08.756] [init-stage-logger] [info] Configuration file 'AutorunController.xml' is loaded.
[2025-08-26 11:12:08.756] [init-stage-logger] [info] Custom validating 'AutorunController'..
[2025-08-26 11:12:08.756] [init-stage-logger] [info] Custom validated 'AutorunController'.
[2025-08-26 11:12:08.756] [init-stage-logger] [info] Applying 'AutorunController'..
[2025-08-26 11:12:08.756] [init-stage-logger] [info] Applied 'AutorunController'.
[2025-08-26 11:12:08.756] [init-stage-logger] [info] Getting next configuration schema...
[2025-08-26 11:12:08.756] [init-stage-logger] [info] Got schema for: DatagramTransceiver
[2025-08-26 11:12:08.756] [init-stage-logger] [info] Loading configuration file 'DatagramTransceiver.xml'..
[2025-08-26 11:12:08.756] [init-stage-logger] [info] Configuration file 'DatagramTransceiver.xml' is loaded.
[2025-08-26 11:12:08.756] [init-stage-logger] [info] Custom validating 'DatagramTransceiver'..
[2025-08-26 11:12:08.756] [init-stage-logger] [info] Custom validated 'DatagramTransceiver'.
[2025-08-26 11:12:08.756] [init-stage-logger] [info] Applying 'DatagramTransceiver'..
[2025-08-26 11:12:08.756] [init-stage-logger] [info] Applied 'DatagramTransceiver'.
[2025-08-26 11:12:08.756] [init-stage-logger] [info] Getting next configuration schema...
[2025-08-26 11:12:08.756] [init-stage-logger] [info] Got schema for: IntermachineTasksController
[2025-08-26 11:12:08.756] [init-stage-logger] [info] Loading configuration file 'IntermachineTasksController.xml'..
[2025-08-26 11:12:08.756] [init-stage-logger] [info] Configuration file 'IntermachineTasksController.xml' is loaded.
[2025-08-26 11:12:08.756] [init-stage-logger] [info] Custom validating 'IntermachineTasksController'..
[2025-08-26 11:12:08.756] [init-stage-logger] [info] Custom validated 'IntermachineTasksController'.
[2025-08-26 11:12:08.756] [init-stage-logger] [info] Applying 'IntermachineTasksController'..
[2025-08-26 11:12:08.756] [init-stage-logger] [info] Applied 'IntermachineTasksController'.
[2025-08-26 11:12:08.756] [init-stage-logger] [info] Getting next configuration schema...
[2025-08-26 11:12:08.756] [init-stage-logger] [info] Got schema for: UserAlarmsHandler
[2025-08-26 11:12:08.756] [init-stage-logger] [info] Loading configuration file 'UserAlarmsHandler.xml'..
[2025-08-26 11:12:08.756] [init-stage-logger] [info] Configuration file 'UserAlarmsHandler.xml' is loaded.
[2025-08-26 11:12:08.756] [init-stage-logger] [info] Custom validating 'UserAlarmsHandler'..
[2025-08-26 11:12:08.756] [init-stage-logger] [info] Custom validated 'UserAlarmsHandler'.
[2025-08-26 11:12:08.756] [init-stage-logger] [info] Applying 'UserAlarmsHandler'..
[2025-08-26 11:12:08.756] [init-stage-logger] [info] Applied 'UserAlarmsHandler'.
[2025-08-26 11:12:08.756] [init-stage-logger] [info] Getting next configuration schema...
[2025-08-26 11:12:08.756] [init-stage-logger] [info] Got schema for: UserConfigurationManager
[2025-08-26 11:12:08.756] [init-stage-logger] [info] Loading configuration file 'UserConfigurationManager.xml'..
[2025-08-26 11:12:08.756] [init-stage-logger] [info] Configuration file 'UserConfigurationManager.xml' is loaded.
[2025-08-26 11:12:08.756] [init-stage-logger] [info] Custom validating 'UserConfigurationManager'..
[2025-08-26 11:12:08.756] [init-stage-logger] [info] Custom validated 'UserConfigurationManager'.
[2025-08-26 11:12:08.756] [init-stage-logger] [info] Applying 'UserConfigurationManager'..
[2025-08-26 11:12:08.756] [init-stage-logger] [info] Applied 'UserConfigurationManager'.
[2025-08-26 11:12:08.756] [init-stage-logger] [info] Getting next configuration schema...
[2025-08-26 11:12:08.756] [init-stage-logger] [info] Got schema for: JogMotion
[2025-08-26 11:12:08.756] [init-stage-logger] [info] Loading configuration file 'JogMotion.xml'..
[2025-08-26 11:12:08.757] [init-stage-logger] [info] Configuration file 'JogMotion.xml' is loaded.
[2025-08-26 11:12:08.757] [init-stage-logger] [info] Custom validating 'JogMotion'..
[2025-08-26 11:12:08.757] [init-stage-logger] [info] Custom validated 'JogMotion'.
[2025-08-26 11:12:08.757] [init-stage-logger] [info] Applying 'JogMotion'..
[2025-08-26 11:12:08.757] [init-stage-logger] [info] Applied 'JogMotion'.
[2025-08-26 11:12:08.757] [init-stage-logger] [info] Getting next configuration schema...
[2025-08-26 11:12:08.757] [init-stage-logger] [info] Got schema for: Signals
[2025-08-26 11:12:08.757] [init-stage-logger] [info] Loading configuration file 'Signals.xml'..
[2025-08-26 11:12:08.757] [init-stage-logger] [info] Configuration file 'Signals.xml' is loaded.
[2025-08-26 11:12:08.757] [init-stage-logger] [info] Custom validating 'Signals'..
[2025-08-26 11:12:08.757] [init-stage-logger] [info] Custom validated 'Signals'.
[2025-08-26 11:12:08.757] [init-stage-logger] [info] Applying 'Signals'..
[2025-08-26 11:12:08.757] [init-stage-logger] [info] Loading configuration file 'ModbusTCPBusForDevice/weld_source.xml'..
[2025-08-26 11:12:08.757] [init-stage-logger] [info] Configuration file 'ModbusTCPBusForDevice/weld_source.xml' is loaded.
[2025-08-26 11:12:08.757] [init-stage-logger] [info] Custom validating 'ModbusTCPBusForDevice'..
[2025-08-26 11:12:08.757] [init-stage-logger] [info] Custom validated 'ModbusTCPBusForDevice'.
[2025-08-26 11:12:08.757] [init-stage-logger] [info] Applying 'ModbusTCPBusForDevice'..
[2025-08-26 11:12:08.757] [init-stage-logger] [info] Applied 'ModbusTCPBusForDevice'.
[2025-08-26 11:12:08.761] [init-stage-logger] [info] Loading configuration file 'RcsDIDO/dido.xml'..
[2025-08-26 11:12:08.761] [init-stage-logger] [info] Configuration file 'RcsDIDO/dido.xml' is loaded.
[2025-08-26 11:12:08.761] [init-stage-logger] [info] Custom validating 'RcsDIDO'..
[2025-08-26 11:12:08.761] [init-stage-logger] [info] Custom validated 'RcsDIDO'.
[2025-08-26 11:12:08.761] [init-stage-logger] [info] Applying 'RcsDIDO'..
[2025-08-26 11:12:08.761] [init-stage-logger] [info] Applied 'RcsDIDO'.
[2025-08-26 11:12:08.761] [init-stage-logger] [info] Applied 'Signals'.
[2025-08-26 11:12:08.761] [init-stage-logger] [info] Getting next configuration schema...
[2025-08-26 11:12:08.761] [init-stage-logger] [info] Got schema for: DrivesControllerV2
[2025-08-26 11:12:08.761] [init-stage-logger] [info] Loading configuration file 'DrivesControllerV2.xml'..
[2025-08-26 11:12:08.761] [init-stage-logger] [info] Configuration file 'DrivesControllerV2.xml' is loaded.
[2025-08-26 11:12:08.761] [init-stage-logger] [info] Custom validating 'DrivesControllerV2'..
[2025-08-26 11:12:08.761] [init-stage-logger] [info] Custom validated 'DrivesControllerV2'.
[2025-08-26 11:12:08.761] [init-stage-logger] [info] Applying 'DrivesControllerV2'..
[2025-08-26 11:12:08.863] [init-stage-logger] [info] Applied 'DrivesControllerV2'.
[2025-08-26 11:12:08.863] [init-stage-logger] [info] Getting next configuration schema...
[2025-08-26 11:12:08.863] [init-stage-logger] [info] Got schema for: SplinePathGeneratorInfo
[2025-08-26 11:12:08.863] [init-stage-logger] [info] Loading configuration file 'SplinePathGeneratorInfo.xml'..
[2025-08-26 11:12:08.864] [init-stage-logger] [info] Configuration file 'SplinePathGeneratorInfo.xml' is loaded.
[2025-08-26 11:12:08.864] [init-stage-logger] [info] Custom validating 'SplinePathGeneratorInfo'..
[2025-08-26 11:12:08.865] [init-stage-logger] [info] Custom validated 'SplinePathGeneratorInfo'.
[2025-08-26 11:12:08.865] [init-stage-logger] [info] Applying 'SplinePathGeneratorInfo'..
[2025-08-26 11:12:08.865] [init-stage-logger] [info] Applied 'SplinePathGeneratorInfo'.
[2025-08-26 11:12:08.865] [init-stage-logger] [info] Getting next configuration schema...
[2025-08-26 11:12:08.865] [init-stage-logger] [info] Got schema for: TargetAtTimeExecutor
[2025-08-26 11:12:08.865] [init-stage-logger] [info] Loading configuration file 'TargetAtTimeExecutor.xml'..
[2025-08-26 11:12:08.865] [init-stage-logger] [info] Configuration file 'TargetAtTimeExecutor.xml' is loaded.
[2025-08-26 11:12:08.865] [init-stage-logger] [info] Custom validating 'TargetAtTimeExecutor'..
[2025-08-26 11:12:08.865] [init-stage-logger] [info] Custom validated 'TargetAtTimeExecutor'.
[2025-08-26 11:12:08.865] [init-stage-logger] [info] Applying 'TargetAtTimeExecutor'..
[2025-08-26 11:12:08.865] [init-stage-logger] [info] Applied 'TargetAtTimeExecutor'.
[2025-08-26 11:12:08.865] [init-stage-logger] [info] Getting next configuration schema...
[2025-08-26 11:12:08.865] [init-stage-logger] [info] Got schema for: SdcLog
[2025-08-26 11:12:08.865] [init-stage-logger] [info] Loading configuration file 'SdcLog.xml'..
[2025-08-26 11:12:08.865] [init-stage-logger] [info] Configuration file 'SdcLog.xml' is loaded.
[2025-08-26 11:12:08.865] [init-stage-logger] [info] Custom validating 'SdcLog'..
[2025-08-26 11:12:08.865] [init-stage-logger] [info] Custom validated 'SdcLog'.
[2025-08-26 11:12:08.865] [init-stage-logger] [info] Applying 'SdcLog'..
[2025-08-26 11:12:08.865] [init-stage-logger] [info] Applied 'SdcLog'.
[2025-08-26 11:12:08.865] [init-stage-logger] [info] Getting next configuration schema...
[2025-08-26 11:12:08.866] [init-stage-logger] [info] Got schema for: RawMotionQueueControllerLog
[2025-08-26 11:12:08.866] [init-stage-logger] [info] Loading configuration file 'RawMotionQueueControllerLog.xml'..
[2025-08-26 11:12:08.866] [init-stage-logger] [info] Configuration file 'RawMotionQueueControllerLog.xml' is loaded.
[2025-08-26 11:12:08.866] [init-stage-logger] [info] Custom validating 'RawMotionQueueControllerLog'..
[2025-08-26 11:12:08.866] [init-stage-logger] [info] Custom validated 'RawMotionQueueControllerLog'.
[2025-08-26 11:12:08.866] [init-stage-logger] [info] Applying 'RawMotionQueueControllerLog'..
[2025-08-26 11:12:08.866] [init-stage-logger] [info] Applied 'RawMotionQueueControllerLog'.
[2025-08-26 11:12:08.866] [init-stage-logger] [info] Getting next configuration schema...
[2025-08-26 11:12:08.866] [init-stage-logger] [info] Got schema for: ExecutionControllerLog
[2025-08-26 11:12:08.866] [init-stage-logger] [info] Loading configuration file 'ExecutionControllerLog.xml'..
[2025-08-26 11:12:08.866] [init-stage-logger] [info] Configuration file 'ExecutionControllerLog.xml' is loaded.
[2025-08-26 11:12:08.866] [init-stage-logger] [info] Custom validating 'ExecutionControllerLog'..
[2025-08-26 11:12:08.866] [init-stage-logger] [info] Custom validated 'ExecutionControllerLog'.
[2025-08-26 11:12:08.866] [init-stage-logger] [info] Applying 'ExecutionControllerLog'..
[2025-08-26 11:12:08.866] [init-stage-logger] [info] Applied 'ExecutionControllerLog'.
[2025-08-26 11:12:08.866] [init-stage-logger] [info] Getting next configuration schema...
[2025-08-26 11:12:08.866] [init-stage-logger] [info] Got schema for: TargetAtTimeMotionExecutorLog
[2025-08-26 11:12:08.866] [init-stage-logger] [info] Loading configuration file 'TargetAtTimeMotionExecutorLog.xml'..
[2025-08-26 11:12:08.866] [init-stage-logger] [info] Configuration file 'TargetAtTimeMotionExecutorLog.xml' is loaded.
[2025-08-26 11:12:08.866] [init-stage-logger] [info] Custom validating 'TargetAtTimeMotionExecutorLog'..
[2025-08-26 11:12:08.866] [init-stage-logger] [info] Custom validated 'TargetAtTimeMotionExecutorLog'.
[2025-08-26 11:12:08.866] [init-stage-logger] [info] Applying 'TargetAtTimeMotionExecutorLog'..
[2025-08-26 11:12:08.866] [init-stage-logger] [info] Applied 'TargetAtTimeMotionExecutorLog'.
[2025-08-26 11:12:08.867] [init-stage-logger] [info] Getting next configuration schema...
[2025-08-26 11:12:08.867] [init-stage-logger] [info] Got schema for: ScalableBufferSplineLog
[2025-08-26 11:12:08.867] [init-stage-logger] [info] Loading configuration file 'ScalableBufferSplineLog.xml'..
[2025-08-26 11:12:08.867] [init-stage-logger] [info] Configuration file 'ScalableBufferSplineLog.xml' is loaded.
[2025-08-26 11:12:08.867] [init-stage-logger] [info] Custom validating 'ScalableBufferSplineLog'..
[2025-08-26 11:12:08.867] [init-stage-logger] [info] Custom validated 'ScalableBufferSplineLog'.
[2025-08-26 11:12:08.867] [init-stage-logger] [info] Applying 'ScalableBufferSplineLog'..
[2025-08-26 11:12:08.867] [init-stage-logger] [info] Applied 'ScalableBufferSplineLog'.
[2025-08-26 11:12:08.867] [init-stage-logger] [info] Configuring DataProvider
[2025-08-26 11:12:08.867] [init-stage-logger] [info] Getting next configuration schema...
[2025-08-26 11:12:08.867] [init-stage-logger] [info] Got schema for: RcpDataProvider
[2025-08-26 11:12:08.867] [init-stage-logger] [info] Loading configuration file 'RcpDataProvider.xml'..
[2025-08-26 11:12:08.867] [init-stage-logger] [info] Configuration file 'RcpDataProvider.xml' is loaded.
[2025-08-26 11:12:08.867] [init-stage-logger] [info] Custom validating 'RcpDataProvider'..
[2025-08-26 11:12:08.867] [init-stage-logger] [info] Custom validated 'RcpDataProvider'.
[2025-08-26 11:12:08.867] [init-stage-logger] [info] Applying 'RcpDataProvider'..
[2025-08-26 11:12:08.868] [init-stage-logger] [info] Applied 'RcpDataProvider'.
[2025-08-26 11:12:08.868] [init-stage-logger] [info] Configuring RcRepository
[2025-08-26 11:12:08.868] [init-stage-logger] [info] Getting next configuration schema...
[2025-08-26 11:12:08.868] [init-stage-logger] [info] Got schema for: RcpRepositoryInfo
[2025-08-26 11:12:08.868] [init-stage-logger] [info] Loading configuration file 'RcpRepositoryInfo.xml'..
[2025-08-26 11:12:08.868] [init-stage-logger] [info] Configuration file 'RcpRepositoryInfo.xml' is loaded.
[2025-08-26 11:12:08.868] [init-stage-logger] [info] Custom validating 'RcpRepositoryInfo'..
[2025-08-26 11:12:08.868] [init-stage-logger] [info] Custom validated 'RcpRepositoryInfo'.
[2025-08-26 11:12:08.868] [init-stage-logger] [info] Applying 'RcpRepositoryInfo'..
[2025-08-26 11:12:08.869] [init-stage-logger] [info] Applied 'RcpRepositoryInfo'.
[2025-08-26 11:12:08.869] [init-stage-logger] [info] Configuring ProgramIntepreter
[2025-08-26 11:12:08.869] [init-stage-logger] [info] Getting next configuration schema...
[2025-08-26 11:12:08.869] [init-stage-logger] [info] Got schema for: RcProgramInterpreter
[2025-08-26 11:12:08.869] [init-stage-logger] [info] Loading configuration file 'RcProgramInterpreter.xml'..
[2025-08-26 11:12:08.869] [init-stage-logger] [info] Configuration file 'RcProgramInterpreter.xml' is loaded.
[2025-08-26 11:12:08.869] [init-stage-logger] [info] Custom validating 'RcProgramInterpreter'..
[2025-08-26 11:12:08.869] [init-stage-logger] [info] Custom validated 'RcProgramInterpreter'.
[2025-08-26 11:12:08.869] [init-stage-logger] [info] Applying 'RcProgramInterpreter'..
[2025-08-26 11:12:08.869] [init-stage-logger] [info] Applied 'RcProgramInterpreter'.
[2025-08-26 11:12:08.870] [init-stage-logger] [info] Getting next configuration schema...
[2025-08-26 11:12:08.870] [init-stage-logger] [info] Got schema for: gcode_logger
[2025-08-26 11:12:08.870] [init-stage-logger] [info] Loading configuration file 'gcode_logger.xml'..
[2025-08-26 11:12:08.870] [init-stage-logger] [info] Configuration file 'gcode_logger.xml' is loaded.
[2025-08-26 11:12:08.870] [init-stage-logger] [info] Custom validating 'gcode_logger'..
[2025-08-26 11:12:08.870] [init-stage-logger] [info] Custom validated 'gcode_logger'.
[2025-08-26 11:12:08.870] [init-stage-logger] [info] Applying 'gcode_logger'..
[2025-08-26 11:12:08.870] [init-stage-logger] [info] Applied 'gcode_logger'.
[2025-08-26 11:12:08.872] [init-stage-logger] [info] Getting next configuration schema...
[2025-08-26 11:12:08.872] [init-stage-logger] [info] Got schema for: ApiServerData
[2025-08-26 11:12:08.872] [init-stage-logger] [info] Loading configuration file 'ApiServerData.xml'..
[2025-08-26 11:12:08.872] [init-stage-logger] [info] Configuration file 'ApiServerData.xml' is loaded.
[2025-08-26 11:12:08.872] [init-stage-logger] [info] Custom validating 'ApiServerData'..
[2025-08-26 11:12:08.872] [init-stage-logger] [info] Custom validated 'ApiServerData'.
[2025-08-26 11:12:08.872] [init-stage-logger] [info] Applying 'ApiServerData'..
[2025-08-26 11:12:08.872] [init-stage-logger] [info] Applied 'ApiServerData'.
[2025-08-26 11:12:08.872] [init-stage-logger] [info] Getting next configuration schema...
[2025-08-26 11:12:08.872] [init-stage-logger] [info] Got schema for: WidgetHandler
[2025-08-26 11:12:08.872] [init-stage-logger] [info] Loading configuration file 'WidgetHandler.xml'..
[2025-08-26 11:12:08.872] [init-stage-logger] [info] Configuration file 'WidgetHandler.xml' is loaded.
[2025-08-26 11:12:08.872] [init-stage-logger] [info] Custom validating 'WidgetHandler'..
[2025-08-26 11:12:08.872] [init-stage-logger] [info] Custom validated 'WidgetHandler'.
[2025-08-26 11:12:08.872] [init-stage-logger] [info] Applying 'WidgetHandler'..
[2025-08-26 11:12:08.872] [init-stage-logger] [info] Applied 'WidgetHandler'.
[2025-08-26 11:12:08.872] [init-stage-logger] [info] Getting next configuration schema...
[2025-08-26 11:12:08.872] [init-stage-logger] [info] Got schema for: RcProgramRunHandler
[2025-08-26 11:12:08.872] [init-stage-logger] [info] Loading configuration file 'RcProgramRunHandler.xml'..
[2025-08-26 11:12:08.872] [init-stage-logger] [info] Configuration file 'RcProgramRunHandler.xml' is loaded.
[2025-08-26 11:12:08.872] [init-stage-logger] [info] Custom validating 'RcProgramRunHandler'..
[2025-08-26 11:12:08.872] [init-stage-logger] [info] Custom validated 'RcProgramRunHandler'.
[2025-08-26 11:12:08.872] [init-stage-logger] [info] Applying 'RcProgramRunHandler'..
[2025-08-26 11:12:08.872] [init-stage-logger] [info] Applied 'RcProgramRunHandler'.
[2025-08-26 11:12:08.872] [init-stage-logger] [info] Getting next configuration schema...
[2025-08-26 11:12:08.872] [init-stage-logger] [info] Got schema for: ToolsAndFramesCalibration
[2025-08-26 11:12:08.872] [init-stage-logger] [info] Loading configuration file 'ToolsAndFramesCalibration.xml'..
[2025-08-26 11:12:08.872] [init-stage-logger] [info] Configuration file 'ToolsAndFramesCalibration.xml' is loaded.
[2025-08-26 11:12:08.872] [init-stage-logger] [info] Custom validating 'ToolsAndFramesCalibration'..
[2025-08-26 11:12:08.872] [init-stage-logger] [info] Custom validated 'ToolsAndFramesCalibration'.
[2025-08-26 11:12:08.872] [init-stage-logger] [info] Applying 'ToolsAndFramesCalibration'..
[2025-08-26 11:12:08.872] [init-stage-logger] [info] Applied 'ToolsAndFramesCalibration'.
[2025-08-26 11:12:08.872] [init-stage-logger] [info] loading addons
[2025-08-26 11:12:08.872] [init-stage-logger] [info] finished init, now running
[2025-08-26 11:12:08.924] [init-stage-logger] [info] Getting next configuration schema...
[2025-08-26 11:12:08.924] [init-stage-logger] [info] Got schema for: RcsGCodeInterpreter
[2025-08-26 11:12:08.924] [init-stage-logger] [info] Loading configuration file 'RcsGCodeInterpreter.xml'..
[2025-08-26 11:12:08.925] [init-stage-logger] [info] Configuration file 'RcsGCodeInterpreter.xml' is loaded.
[2025-08-26 11:12:08.925] [init-stage-logger] [info] Custom validating 'RcsGCodeInterpreter'..
[2025-08-26 11:12:08.925] [init-stage-logger] [info] Custom validated 'RcsGCodeInterpreter'.
[2025-08-26 11:12:08.925] [init-stage-logger] [info] Applying 'RcsGCodeInterpreter'..
[2025-08-26 11:12:08.925] [init-stage-logger] [info] Applied 'RcsGCodeInterpreter'.
[2025-08-26 11:12:08.925] [init-stage-logger] [info] Getting next configuration schema...
[2025-08-26 11:12:08.926] [init-stage-logger] [info] Got schema for: OpcUa
[2025-08-26 11:12:08.926] [init-stage-logger] [info] Loading configuration file 'OpcUa.xml'..
[2025-08-26 11:12:08.926] [init-stage-logger] [info] Configuration file 'OpcUa.xml' is loaded.
[2025-08-26 11:12:08.926] [init-stage-logger] [info] Custom validating 'OpcUa'..
[2025-08-26 11:12:08.926] [init-stage-logger] [info] Custom validated 'OpcUa'.
[2025-08-26 11:12:08.926] [init-stage-logger] [info] Applying 'OpcUa'..
[2025-08-26 11:12:08.926] [init-stage-logger] [info] Applied 'OpcUa'.
[2025-08-26 11:12:08.926] [init-stage-logger] [info] Getting next configuration schema...
[2025-08-26 11:12:08.926] [init-stage-logger] [info] Got schema for: OpcUaServer
[2025-08-26 11:12:08.926] [init-stage-logger] [info] Loading configuration file 'OpcUaServer.xml'..
[2025-08-26 11:12:08.926] [init-stage-logger] [info] Configuration file 'OpcUaServer.xml' is loaded.
[2025-08-26 11:12:08.926] [init-stage-logger] [info] Custom validating 'OpcUaServer'..
[2025-08-26 11:12:08.926] [init-stage-logger] [info] Custom validated 'OpcUaServer'.
[2025-08-26 11:12:08.926] [init-stage-logger] [info] Applying 'OpcUaServer'..
[2025-08-26 11:12:08.953] [init-stage-logger] [info] Applied 'OpcUaServer'.
[2025-08-27 09:55:38.251] [init-stage-logger] [info] Static logger was initialized
[2025-08-27 09:55:38.254] [init-stage-logger] [info] Getting next configuration schema...
[2025-08-27 09:55:38.254] [init-stage-logger] [info] Got schema for: FilesystemEventsLogger
[2025-08-27 09:55:38.254] [init-stage-logger] [info] Loading configuration file 'FilesystemEventsLogger.xml'..
[2025-08-27 09:55:38.254] [init-stage-logger] [info] Configuration file 'FilesystemEventsLogger.xml' is loaded.
[2025-08-27 09:55:38.254] [init-stage-logger] [info] Custom validating 'FilesystemEventsLogger'..
[2025-08-27 09:55:38.254] [init-stage-logger] [info] Custom validated 'FilesystemEventsLogger'.
[2025-08-27 09:55:38.254] [init-stage-logger] [info] Applying 'FilesystemEventsLogger'..
[2025-08-27 09:55:38.254] [init-stage-logger] [info] Applied 'FilesystemEventsLogger'.
[2025-08-27 09:55:38.255] [init-stage-logger] [info] Creating extension provider
[2025-08-27 09:55:38.255] [init-stage-logger] [info] Getting next configuration schema...
[2025-08-27 09:55:38.255] [init-stage-logger] [info] Got schema for: AddonManager
[2025-08-27 09:55:38.255] [init-stage-logger] [info] Loading configuration file 'AddonManager.xml'..
[2025-08-27 09:55:38.255] [init-stage-logger] [info] Configuration file 'AddonManager.xml' is loaded.
[2025-08-27 09:55:38.255] [init-stage-logger] [info] Custom validating 'AddonManager'..
[2025-08-27 09:55:38.255] [init-stage-logger] [info] Custom validated 'AddonManager'.
[2025-08-27 09:55:38.255] [init-stage-logger] [info] Applying 'AddonManager'..
[2025-08-27 09:55:38.255] [init-stage-logger] [info] Applied 'AddonManager'.
[2025-08-27 09:55:38.255] [init-stage-logger] [info] Getting next configuration schema...
[2025-08-27 09:55:38.255] [init-stage-logger] [info] Got schema for: ExtensionProvider
[2025-08-27 09:55:38.255] [init-stage-logger] [info] Loading configuration file 'ExtensionProvider.xml'..
[2025-08-27 09:55:38.255] [init-stage-logger] [info] Configuration file 'ExtensionProvider.xml' is loaded.
[2025-08-27 09:55:38.255] [init-stage-logger] [info] Custom validating 'ExtensionProvider'..
[2025-08-27 09:55:38.255] [init-stage-logger] [info] Custom validated 'ExtensionProvider'.
[2025-08-27 09:55:38.255] [init-stage-logger] [info] Applying 'ExtensionProvider'..
[2025-08-27 09:55:38.306] [init-stage-logger] [info] Applied 'ExtensionProvider'.
[2025-08-27 09:55:38.306] [init-stage-logger] [info] Initializing robot selector
[2025-08-27 09:55:38.306] [init-stage-logger] [info] Getting next configuration schema...
[2025-08-27 09:55:38.306] [init-stage-logger] [info] Got schema for: RobotSelector
[2025-08-27 09:55:38.306] [init-stage-logger] [info] Loading configuration file 'RobotSelector.xml'..
[2025-08-27 09:55:38.306] [init-stage-logger] [info] Configuration file 'RobotSelector.xml' is loaded.
[2025-08-27 09:55:38.306] [init-stage-logger] [info] Custom validating 'RobotSelector'..
[2025-08-27 09:55:38.306] [init-stage-logger] [info] Custom validated 'RobotSelector'.
[2025-08-27 09:55:38.306] [init-stage-logger] [info] Applying 'RobotSelector'..
[2025-08-27 09:55:38.306] [init-stage-logger] [info] Applied 'RobotSelector'.
[2025-08-27 09:55:38.306] [init-stage-logger] [info] Creating Robot object
[2025-08-27 09:55:38.306] [init-stage-logger] [info] Getting next configuration schema...
[2025-08-27 09:55:38.306] [init-stage-logger] [info] Got schema for: DhChain
[2025-08-27 09:55:38.306] [init-stage-logger] [info] Loading configuration file 'DhChain.xml'..
[2025-08-27 09:55:38.307] [init-stage-logger] [info] Configuration file 'DhChain.xml' is loaded.
[2025-08-27 09:55:38.307] [init-stage-logger] [info] Custom validating 'DhChain'..
[2025-08-27 09:55:38.307] [init-stage-logger] [info] Custom validated 'DhChain'.
[2025-08-27 09:55:38.307] [init-stage-logger] [info] Applying 'DhChain'..
[2025-08-27 09:55:38.307] [init-stage-logger] [info] Applied 'DhChain'.
[2025-08-27 09:55:38.308] [init-stage-logger] [info] Creating Server socket
[2025-08-27 09:55:38.308] [init-stage-logger] [info] Configuring Server socket
[2025-08-27 09:55:38.308] [init-stage-logger] [info] Getting next configuration schema...
[2025-08-27 09:55:38.308] [init-stage-logger] [info] Got schema for: NetworkLogger
[2025-08-27 09:55:38.308] [init-stage-logger] [info] Loading configuration file 'NetworkLogger.xml'..
[2025-08-27 09:55:38.308] [init-stage-logger] [info] Configuration file 'NetworkLogger.xml' is loaded.
[2025-08-27 09:55:38.308] [init-stage-logger] [info] Custom validating 'NetworkLogger'..
[2025-08-27 09:55:38.308] [init-stage-logger] [info] Custom validated 'NetworkLogger'.
[2025-08-27 09:55:38.308] [init-stage-logger] [info] Applying 'NetworkLogger'..
[2025-08-27 09:55:38.308] [init-stage-logger] [info] Applied 'NetworkLogger'.
[2025-08-27 09:55:38.309] [init-stage-logger] [info] Getting next configuration schema...
[2025-08-27 09:55:38.309] [init-stage-logger] [info] Got schema for: AccessManager
[2025-08-27 09:55:38.309] [init-stage-logger] [info] Loading configuration file 'AccessManager.xml'..
[2025-08-27 09:55:38.309] [init-stage-logger] [info] Configuration file 'AccessManager.xml' is loaded.
[2025-08-27 09:55:38.309] [init-stage-logger] [info] Custom validating 'AccessManager'..
[2025-08-27 09:55:38.309] [init-stage-logger] [info] Custom validated 'AccessManager'.
[2025-08-27 09:55:38.309] [init-stage-logger] [info] Applying 'AccessManager'..
[2025-08-27 09:55:38.309] [init-stage-logger] [info] Applied 'AccessManager'.
[2025-08-27 09:55:38.309] [init-stage-logger] [info] Getting next configuration schema...
[2025-08-27 09:55:38.309] [init-stage-logger] [info] Got schema for: MessageCollector
[2025-08-27 09:55:38.309] [init-stage-logger] [info] Loading configuration file 'MessageCollector.xml'..
[2025-08-27 09:55:38.309] [init-stage-logger] [info] Configuration file 'MessageCollector.xml' is loaded.
[2025-08-27 09:55:38.309] [init-stage-logger] [info] Custom validating 'MessageCollector'..
[2025-08-27 09:55:38.310] [init-stage-logger] [info] Custom validated 'MessageCollector'.
[2025-08-27 09:55:38.310] [init-stage-logger] [info] Applying 'MessageCollector'..
[2025-08-27 09:55:38.310] [init-stage-logger] [info] Applied 'MessageCollector'.
[2025-08-27 09:55:38.310] [init-stage-logger] [info] Getting next configuration schema...
[2025-08-27 09:55:38.310] [init-stage-logger] [info] Got schema for: RareData
[2025-08-27 09:55:38.310] [init-stage-logger] [info] Loading configuration file 'RareData.xml'..
[2025-08-27 09:55:38.310] [init-stage-logger] [info] Configuration file 'RareData.xml' is loaded.
[2025-08-27 09:55:38.310] [init-stage-logger] [info] Custom validating 'RareData'..
[2025-08-27 09:55:38.310] [init-stage-logger] [info] Custom validated 'RareData'.
[2025-08-27 09:55:38.310] [init-stage-logger] [info] Applying 'RareData'..
[2025-08-27 09:55:38.310] [init-stage-logger] [info] Applied 'RareData'.
[2025-08-27 09:55:38.310] [init-stage-logger] [info] Getting next configuration schema...
[2025-08-27 09:55:38.310] [init-stage-logger] [info] Got schema for: SoftwareSafetyState
[2025-08-27 09:55:38.310] [init-stage-logger] [info] Loading configuration file 'SoftwareSafetyState.xml'..
[2025-08-27 09:55:38.310] [init-stage-logger] [info] Configuration file 'SoftwareSafetyState.xml' is loaded.
[2025-08-27 09:55:38.310] [init-stage-logger] [info] Custom validating 'SoftwareSafetyState'..
[2025-08-27 09:55:38.310] [init-stage-logger] [info] Custom validated 'SoftwareSafetyState'.
[2025-08-27 09:55:38.310] [init-stage-logger] [info] Applying 'SoftwareSafetyState'..
[2025-08-27 09:55:38.310] [init-stage-logger] [info] Applied 'SoftwareSafetyState'.
[2025-08-27 09:55:38.310] [init-stage-logger] [info] Getting next configuration schema...
[2025-08-27 09:55:38.310] [init-stage-logger] [info] Got schema for: ParametricBaseProvider
[2025-08-27 09:55:38.310] [init-stage-logger] [info] Loading configuration file 'ParametricBaseProvider.xml'..
[2025-08-27 09:55:38.310] [init-stage-logger] [info] Configuration file 'ParametricBaseProvider.xml' is loaded.
[2025-08-27 09:55:38.310] [init-stage-logger] [info] Custom validating 'ParametricBaseProvider'..
[2025-08-27 09:55:38.310] [init-stage-logger] [info] Custom validated 'ParametricBaseProvider'.
[2025-08-27 09:55:38.310] [init-stage-logger] [info] Applying 'ParametricBaseProvider'..
[2025-08-27 09:55:38.310] [init-stage-logger] [info] Applied 'ParametricBaseProvider'.
[2025-08-27 09:55:38.310] [init-stage-logger] [info] Getting next configuration schema...
[2025-08-27 09:55:38.310] [init-stage-logger] [info] Got schema for: LogManager
[2025-08-27 09:55:38.310] [init-stage-logger] [info] Loading configuration file 'LogManager.xml'..
[2025-08-27 09:55:38.310] [init-stage-logger] [info] Configuration file 'LogManager.xml' is loaded.
[2025-08-27 09:55:38.310] [init-stage-logger] [info] Custom validating 'LogManager'..
[2025-08-27 09:55:38.310] [init-stage-logger] [info] Custom validated 'LogManager'.
[2025-08-27 09:55:38.310] [init-stage-logger] [info] Applying 'LogManager'..
[2025-08-27 09:55:38.310] [init-stage-logger] [info] Applied 'LogManager'.
[2025-08-27 09:55:38.310] [init-stage-logger] [info] Getting next configuration schema...
[2025-08-27 09:55:38.311] [init-stage-logger] [info] Got schema for: GuidedModeController
[2025-08-27 09:55:38.311] [init-stage-logger] [info] Loading configuration file 'GuidedModeController.xml'..
[2025-08-27 09:55:38.311] [init-stage-logger] [info] Configuration file 'GuidedModeController.xml' is loaded.
[2025-08-27 09:55:38.311] [init-stage-logger] [info] Custom validating 'GuidedModeController'..
[2025-08-27 09:55:38.311] [init-stage-logger] [info] Custom validated 'GuidedModeController'.
[2025-08-27 09:55:38.311] [init-stage-logger] [info] Applying 'GuidedModeController'..
[2025-08-27 09:55:38.311] [init-stage-logger] [info] Applied 'GuidedModeController'.
[2025-08-27 09:55:38.311] [init-stage-logger] [info] Getting next configuration schema...
[2025-08-27 09:55:38.311] [init-stage-logger] [info] Got schema for: ShutDownRestart
[2025-08-27 09:55:38.311] [init-stage-logger] [info] Loading configuration file 'ShutDownRestart.xml'..
[2025-08-27 09:55:38.311] [init-stage-logger] [info] Configuration file 'ShutDownRestart.xml' is loaded.
[2025-08-27 09:55:38.311] [init-stage-logger] [info] Custom validating 'ShutDownRestart'..
[2025-08-27 09:55:38.311] [init-stage-logger] [info] Custom validated 'ShutDownRestart'.
[2025-08-27 09:55:38.311] [init-stage-logger] [info] Applying 'ShutDownRestart'..
[2025-08-27 09:55:38.311] [init-stage-logger] [info] Applied 'ShutDownRestart'.
[2025-08-27 09:55:38.311] [init-stage-logger] [info] Getting next configuration schema...
[2025-08-27 09:55:38.311] [init-stage-logger] [info] Got schema for: AutorunController
[2025-08-27 09:55:38.311] [init-stage-logger] [info] Loading configuration file 'AutorunController.xml'..
[2025-08-27 09:55:38.311] [init-stage-logger] [info] Configuration file 'AutorunController.xml' is loaded.
[2025-08-27 09:55:38.311] [init-stage-logger] [info] Custom validating 'AutorunController'..
[2025-08-27 09:55:38.311] [init-stage-logger] [info] Custom validated 'AutorunController'.
[2025-08-27 09:55:38.311] [init-stage-logger] [info] Applying 'AutorunController'..
[2025-08-27 09:55:38.311] [init-stage-logger] [info] Applied 'AutorunController'.
[2025-08-27 09:55:38.311] [init-stage-logger] [info] Getting next configuration schema...
[2025-08-27 09:55:38.311] [init-stage-logger] [info] Got schema for: DatagramTransceiver
[2025-08-27 09:55:38.311] [init-stage-logger] [info] Loading configuration file 'DatagramTransceiver.xml'..
[2025-08-27 09:55:38.311] [init-stage-logger] [info] Configuration file 'DatagramTransceiver.xml' is loaded.
[2025-08-27 09:55:38.311] [init-stage-logger] [info] Custom validating 'DatagramTransceiver'..
[2025-08-27 09:55:38.311] [init-stage-logger] [info] Custom validated 'DatagramTransceiver'.
[2025-08-27 09:55:38.311] [init-stage-logger] [info] Applying 'DatagramTransceiver'..
[2025-08-27 09:55:38.311] [init-stage-logger] [info] Applied 'DatagramTransceiver'.
[2025-08-27 09:55:38.311] [init-stage-logger] [info] Getting next configuration schema...
[2025-08-27 09:55:38.311] [init-stage-logger] [info] Got schema for: IntermachineTasksController
[2025-08-27 09:55:38.311] [init-stage-logger] [info] Loading configuration file 'IntermachineTasksController.xml'..
[2025-08-27 09:55:38.312] [init-stage-logger] [info] Configuration file 'IntermachineTasksController.xml' is loaded.
[2025-08-27 09:55:38.312] [init-stage-logger] [info] Custom validating 'IntermachineTasksController'..
[2025-08-27 09:55:38.312] [init-stage-logger] [info] Custom validated 'IntermachineTasksController'.
[2025-08-27 09:55:38.312] [init-stage-logger] [info] Applying 'IntermachineTasksController'..
[2025-08-27 09:55:38.312] [init-stage-logger] [info] Applied 'IntermachineTasksController'.
[2025-08-27 09:55:38.312] [init-stage-logger] [info] Getting next configuration schema...
[2025-08-27 09:55:38.312] [init-stage-logger] [info] Got schema for: UserAlarmsHandler
[2025-08-27 09:55:38.312] [init-stage-logger] [info] Loading configuration file 'UserAlarmsHandler.xml'..
[2025-08-27 09:55:38.312] [init-stage-logger] [info] Configuration file 'UserAlarmsHandler.xml' is loaded.
[2025-08-27 09:55:38.312] [init-stage-logger] [info] Custom validating 'UserAlarmsHandler'..
[2025-08-27 09:55:38.312] [init-stage-logger] [info] Custom validated 'UserAlarmsHandler'.
[2025-08-27 09:55:38.312] [init-stage-logger] [info] Applying 'UserAlarmsHandler'..
[2025-08-27 09:55:38.312] [init-stage-logger] [info] Applied 'UserAlarmsHandler'.
[2025-08-27 09:55:38.312] [init-stage-logger] [info] Getting next configuration schema...
[2025-08-27 09:55:38.312] [init-stage-logger] [info] Got schema for: UserConfigurationManager
[2025-08-27 09:55:38.312] [init-stage-logger] [info] Loading configuration file 'UserConfigurationManager.xml'..
[2025-08-27 09:55:38.312] [init-stage-logger] [info] Configuration file 'UserConfigurationManager.xml' is loaded.
[2025-08-27 09:55:38.312] [init-stage-logger] [info] Custom validating 'UserConfigurationManager'..
[2025-08-27 09:55:38.312] [init-stage-logger] [info] Custom validated 'UserConfigurationManager'.
[2025-08-27 09:55:38.312] [init-stage-logger] [info] Applying 'UserConfigurationManager'..
[2025-08-27 09:55:38.312] [init-stage-logger] [info] Applied 'UserConfigurationManager'.
[2025-08-27 09:55:38.312] [init-stage-logger] [info] Getting next configuration schema...
[2025-08-27 09:55:38.312] [init-stage-logger] [info] Got schema for: JogMotion
[2025-08-27 09:55:38.312] [init-stage-logger] [info] Loading configuration file 'JogMotion.xml'..
[2025-08-27 09:55:38.312] [init-stage-logger] [info] Configuration file 'JogMotion.xml' is loaded.
[2025-08-27 09:55:38.312] [init-stage-logger] [info] Custom validating 'JogMotion'..
[2025-08-27 09:55:38.312] [init-stage-logger] [info] Custom validated 'JogMotion'.
[2025-08-27 09:55:38.312] [init-stage-logger] [info] Applying 'JogMotion'..
[2025-08-27 09:55:38.312] [init-stage-logger] [info] Applied 'JogMotion'.
[2025-08-27 09:55:38.312] [init-stage-logger] [info] Getting next configuration schema...
[2025-08-27 09:55:38.312] [init-stage-logger] [info] Got schema for: Signals
[2025-08-27 09:55:38.312] [init-stage-logger] [info] Loading configuration file 'Signals.xml'..
[2025-08-27 09:55:38.312] [init-stage-logger] [info] Configuration file 'Signals.xml' is loaded.
[2025-08-27 09:55:38.312] [init-stage-logger] [info] Custom validating 'Signals'..
[2025-08-27 09:55:38.312] [init-stage-logger] [info] Custom validated 'Signals'.
[2025-08-27 09:55:38.312] [init-stage-logger] [info] Applying 'Signals'..
[2025-08-27 09:55:38.313] [init-stage-logger] [info] Loading configuration file 'ModbusTCPBusForDevice/weld_source.xml'..
[2025-08-27 09:55:38.313] [init-stage-logger] [info] Configuration file 'ModbusTCPBusForDevice/weld_source.xml' is loaded.
[2025-08-27 09:55:38.313] [init-stage-logger] [info] Custom validating 'ModbusTCPBusForDevice'..
[2025-08-27 09:55:38.313] [init-stage-logger] [info] Custom validated 'ModbusTCPBusForDevice'.
[2025-08-27 09:55:38.313] [init-stage-logger] [info] Applying 'ModbusTCPBusForDevice'..
[2025-08-27 09:55:38.313] [init-stage-logger] [info] Applied 'ModbusTCPBusForDevice'.
[2025-08-27 09:55:38.313] [init-stage-logger] [info] Loading configuration file 'RcsDIDO/dido.xml'..
[2025-08-27 09:55:38.313] [init-stage-logger] [info] Configuration file 'RcsDIDO/dido.xml' is loaded.
[2025-08-27 09:55:38.313] [init-stage-logger] [info] Custom validating 'RcsDIDO'..
[2025-08-27 09:55:38.313] [init-stage-logger] [info] Custom validated 'RcsDIDO'.
[2025-08-27 09:55:38.313] [init-stage-logger] [info] Applying 'RcsDIDO'..
[2025-08-27 09:55:38.313] [init-stage-logger] [info] Applied 'RcsDIDO'.
[2025-08-27 09:55:38.313] [init-stage-logger] [info] Applied 'Signals'.
[2025-08-27 09:55:38.313] [init-stage-logger] [info] Getting next configuration schema...
[2025-08-27 09:55:38.313] [init-stage-logger] [info] Got schema for: DrivesControllerV2
[2025-08-27 09:55:38.313] [init-stage-logger] [info] Loading configuration file 'DrivesControllerV2.xml'..
[2025-08-27 09:55:38.313] [init-stage-logger] [info] Configuration file 'DrivesControllerV2.xml' is loaded.
[2025-08-27 09:55:38.313] [init-stage-logger] [info] Custom validating 'DrivesControllerV2'..
[2025-08-27 09:55:38.313] [init-stage-logger] [info] Custom validated 'DrivesControllerV2'.
[2025-08-27 09:55:38.313] [init-stage-logger] [info] Applying 'DrivesControllerV2'..
[2025-08-27 09:55:38.415] [init-stage-logger] [info] Applied 'DrivesControllerV2'.
[2025-08-27 09:55:38.415] [init-stage-logger] [info] Getting next configuration schema...
[2025-08-27 09:55:38.415] [init-stage-logger] [info] Got schema for: SplinePathGeneratorInfo
[2025-08-27 09:55:38.415] [init-stage-logger] [info] Loading configuration file 'SplinePathGeneratorInfo.xml'..
[2025-08-27 09:55:38.417] [init-stage-logger] [info] Configuration file 'SplinePathGeneratorInfo.xml' is loaded.
[2025-08-27 09:55:38.417] [init-stage-logger] [info] Custom validating 'SplinePathGeneratorInfo'..
[2025-08-27 09:55:38.417] [init-stage-logger] [info] Custom validated 'SplinePathGeneratorInfo'.
[2025-08-27 09:55:38.417] [init-stage-logger] [info] Applying 'SplinePathGeneratorInfo'..
[2025-08-27 09:55:38.417] [init-stage-logger] [info] Applied 'SplinePathGeneratorInfo'.
[2025-08-27 09:55:38.417] [init-stage-logger] [info] Getting next configuration schema...
[2025-08-27 09:55:38.417] [init-stage-logger] [info] Got schema for: TargetAtTimeExecutor
[2025-08-27 09:55:38.417] [init-stage-logger] [info] Loading configuration file 'TargetAtTimeExecutor.xml'..
[2025-08-27 09:55:38.417] [init-stage-logger] [info] Configuration file 'TargetAtTimeExecutor.xml' is loaded.
[2025-08-27 09:55:38.417] [init-stage-logger] [info] Custom validating 'TargetAtTimeExecutor'..
[2025-08-27 09:55:38.417] [init-stage-logger] [info] Custom validated 'TargetAtTimeExecutor'.
[2025-08-27 09:55:38.417] [init-stage-logger] [info] Applying 'TargetAtTimeExecutor'..
[2025-08-27 09:55:38.417] [init-stage-logger] [info] Applied 'TargetAtTimeExecutor'.
[2025-08-27 09:55:38.417] [init-stage-logger] [info] Getting next configuration schema...
[2025-08-27 09:55:38.417] [init-stage-logger] [info] Got schema for: SdcLog
[2025-08-27 09:55:38.417] [init-stage-logger] [info] Loading configuration file 'SdcLog.xml'..
[2025-08-27 09:55:38.417] [init-stage-logger] [info] Configuration file 'SdcLog.xml' is loaded.
[2025-08-27 09:55:38.417] [init-stage-logger] [info] Custom validating 'SdcLog'..
[2025-08-27 09:55:38.417] [init-stage-logger] [info] Custom validated 'SdcLog'.
[2025-08-27 09:55:38.417] [init-stage-logger] [info] Applying 'SdcLog'..
[2025-08-27 09:55:38.417] [init-stage-logger] [info] Applied 'SdcLog'.
[2025-08-27 09:55:38.417] [init-stage-logger] [info] Getting next configuration schema...
[2025-08-27 09:55:38.417] [init-stage-logger] [info] Got schema for: RawMotionQueueControllerLog
[2025-08-27 09:55:38.417] [init-stage-logger] [info] Loading configuration file 'RawMotionQueueControllerLog.xml'..
[2025-08-27 09:55:38.418] [init-stage-logger] [info] Configuration file 'RawMotionQueueControllerLog.xml' is loaded.
[2025-08-27 09:55:38.418] [init-stage-logger] [info] Custom validating 'RawMotionQueueControllerLog'..
[2025-08-27 09:55:38.418] [init-stage-logger] [info] Custom validated 'RawMotionQueueControllerLog'.
[2025-08-27 09:55:38.418] [init-stage-logger] [info] Applying 'RawMotionQueueControllerLog'..
[2025-08-27 09:55:38.418] [init-stage-logger] [info] Applied 'RawMotionQueueControllerLog'.
[2025-08-27 09:55:38.418] [init-stage-logger] [info] Getting next configuration schema...
[2025-08-27 09:55:38.418] [init-stage-logger] [info] Got schema for: ExecutionControllerLog
[2025-08-27 09:55:38.418] [init-stage-logger] [info] Loading configuration file 'ExecutionControllerLog.xml'..
[2025-08-27 09:55:38.418] [init-stage-logger] [info] Configuration file 'ExecutionControllerLog.xml' is loaded.
[2025-08-27 09:55:38.418] [init-stage-logger] [info] Custom validating 'ExecutionControllerLog'..
[2025-08-27 09:55:38.418] [init-stage-logger] [info] Custom validated 'ExecutionControllerLog'.
[2025-08-27 09:55:38.418] [init-stage-logger] [info] Applying 'ExecutionControllerLog'..
[2025-08-27 09:55:38.418] [init-stage-logger] [info] Applied 'ExecutionControllerLog'.
[2025-08-27 09:55:38.419] [init-stage-logger] [info] Getting next configuration schema...
[2025-08-27 09:55:38.419] [init-stage-logger] [info] Got schema for: TargetAtTimeMotionExecutorLog
[2025-08-27 09:55:38.419] [init-stage-logger] [info] Loading configuration file 'TargetAtTimeMotionExecutorLog.xml'..
[2025-08-27 09:55:38.419] [init-stage-logger] [info] Configuration file 'TargetAtTimeMotionExecutorLog.xml' is loaded.
[2025-08-27 09:55:38.419] [init-stage-logger] [info] Custom validating 'TargetAtTimeMotionExecutorLog'..
[2025-08-27 09:55:38.419] [init-stage-logger] [info] Custom validated 'TargetAtTimeMotionExecutorLog'.
[2025-08-27 09:55:38.419] [init-stage-logger] [info] Applying 'TargetAtTimeMotionExecutorLog'..
[2025-08-27 09:55:38.419] [init-stage-logger] [info] Applied 'TargetAtTimeMotionExecutorLog'.
[2025-08-27 09:55:38.419] [init-stage-logger] [info] Getting next configuration schema...
[2025-08-27 09:55:38.419] [init-stage-logger] [info] Got schema for: ScalableBufferSplineLog
[2025-08-27 09:55:38.419] [init-stage-logger] [info] Loading configuration file 'ScalableBufferSplineLog.xml'..
[2025-08-27 09:55:38.419] [init-stage-logger] [info] Configuration file 'ScalableBufferSplineLog.xml' is loaded.
[2025-08-27 09:55:38.419] [init-stage-logger] [info] Custom validating 'ScalableBufferSplineLog'..
[2025-08-27 09:55:38.419] [init-stage-logger] [info] Custom validated 'ScalableBufferSplineLog'.
[2025-08-27 09:55:38.419] [init-stage-logger] [info] Applying 'ScalableBufferSplineLog'..
[2025-08-27 09:55:38.419] [init-stage-logger] [info] Applied 'ScalableBufferSplineLog'.
[2025-08-27 09:55:38.420] [init-stage-logger] [info] Configuring DataProvider
[2025-08-27 09:55:38.420] [init-stage-logger] [info] Getting next configuration schema...
[2025-08-27 09:55:38.420] [init-stage-logger] [info] Got schema for: RcpDataProvider
[2025-08-27 09:55:38.420] [init-stage-logger] [info] Loading configuration file 'RcpDataProvider.xml'..
[2025-08-27 09:55:38.420] [init-stage-logger] [info] Configuration file 'RcpDataProvider.xml' is loaded.
[2025-08-27 09:55:38.420] [init-stage-logger] [info] Custom validating 'RcpDataProvider'..
[2025-08-27 09:55:38.420] [init-stage-logger] [info] Custom validated 'RcpDataProvider'.
[2025-08-27 09:55:38.420] [init-stage-logger] [info] Applying 'RcpDataProvider'..
[2025-08-27 09:55:38.421] [init-stage-logger] [info] Applied 'RcpDataProvider'.
[2025-08-27 09:55:38.421] [init-stage-logger] [info] Configuring RcRepository
[2025-08-27 09:55:38.421] [init-stage-logger] [info] Getting next configuration schema...
[2025-08-27 09:55:38.421] [init-stage-logger] [info] Got schema for: RcpRepositoryInfo
[2025-08-27 09:55:38.421] [init-stage-logger] [info] Loading configuration file 'RcpRepositoryInfo.xml'..
[2025-08-27 09:55:38.421] [init-stage-logger] [info] Configuration file 'RcpRepositoryInfo.xml' is loaded.
[2025-08-27 09:55:38.421] [init-stage-logger] [info] Custom validating 'RcpRepositoryInfo'..
[2025-08-27 09:55:38.421] [init-stage-logger] [info] Custom validated 'RcpRepositoryInfo'.
[2025-08-27 09:55:38.421] [init-stage-logger] [info] Applying 'RcpRepositoryInfo'..
[2025-08-27 09:55:38.421] [init-stage-logger] [info] Applied 'RcpRepositoryInfo'.
[2025-08-27 09:55:38.421] [init-stage-logger] [info] Configuring ProgramIntepreter
[2025-08-27 09:55:38.421] [init-stage-logger] [info] Getting next configuration schema...
[2025-08-27 09:55:38.421] [init-stage-logger] [info] Got schema for: RcProgramInterpreter
[2025-08-27 09:55:38.421] [init-stage-logger] [info] Loading configuration file 'RcProgramInterpreter.xml'..
[2025-08-27 09:55:38.421] [init-stage-logger] [info] Configuration file 'RcProgramInterpreter.xml' is loaded.
[2025-08-27 09:55:38.421] [init-stage-logger] [info] Custom validating 'RcProgramInterpreter'..
[2025-08-27 09:55:38.421] [init-stage-logger] [info] Custom validated 'RcProgramInterpreter'.
[2025-08-27 09:55:38.421] [init-stage-logger] [info] Applying 'RcProgramInterpreter'..
[2025-08-27 09:55:38.421] [init-stage-logger] [info] Applied 'RcProgramInterpreter'.
[2025-08-27 09:55:38.422] [init-stage-logger] [info] Getting next configuration schema...
[2025-08-27 09:55:38.422] [init-stage-logger] [info] Got schema for: gcode_logger
[2025-08-27 09:55:38.422] [init-stage-logger] [info] Loading configuration file 'gcode_logger.xml'..
[2025-08-27 09:55:38.422] [init-stage-logger] [info] Configuration file 'gcode_logger.xml' is loaded.
[2025-08-27 09:55:38.422] [init-stage-logger] [info] Custom validating 'gcode_logger'..
[2025-08-27 09:55:38.422] [init-stage-logger] [info] Custom validated 'gcode_logger'.
[2025-08-27 09:55:38.422] [init-stage-logger] [info] Applying 'gcode_logger'..
[2025-08-27 09:55:38.422] [init-stage-logger] [info] Applied 'gcode_logger'.
[2025-08-27 09:55:38.423] [init-stage-logger] [info] Getting next configuration schema...
[2025-08-27 09:55:38.423] [init-stage-logger] [info] Got schema for: ApiServerData
[2025-08-27 09:55:38.423] [init-stage-logger] [info] Loading configuration file 'ApiServerData.xml'..
[2025-08-27 09:55:38.423] [init-stage-logger] [info] Configuration file 'ApiServerData.xml' is loaded.
[2025-08-27 09:55:38.423] [init-stage-logger] [info] Custom validating 'ApiServerData'..
[2025-08-27 09:55:38.423] [init-stage-logger] [info] Custom validated 'ApiServerData'.
[2025-08-27 09:55:38.423] [init-stage-logger] [info] Applying 'ApiServerData'..
[2025-08-27 09:55:38.423] [init-stage-logger] [info] Applied 'ApiServerData'.
[2025-08-27 09:55:38.423] [init-stage-logger] [info] Getting next configuration schema...
[2025-08-27 09:55:38.423] [init-stage-logger] [info] Got schema for: WidgetHandler
[2025-08-27 09:55:38.423] [init-stage-logger] [info] Loading configuration file 'WidgetHandler.xml'..
[2025-08-27 09:55:38.423] [init-stage-logger] [info] Configuration file 'WidgetHandler.xml' is loaded.
[2025-08-27 09:55:38.423] [init-stage-logger] [info] Custom validating 'WidgetHandler'..
[2025-08-27 09:55:38.423] [init-stage-logger] [info] Custom validated 'WidgetHandler'.
[2025-08-27 09:55:38.423] [init-stage-logger] [info] Applying 'WidgetHandler'..
[2025-08-27 09:55:38.423] [init-stage-logger] [info] Applied 'WidgetHandler'.
[2025-08-27 09:55:38.423] [init-stage-logger] [info] Getting next configuration schema...
[2025-08-27 09:55:38.423] [init-stage-logger] [info] Got schema for: RcProgramRunHandler
[2025-08-27 09:55:38.423] [init-stage-logger] [info] Loading configuration file 'RcProgramRunHandler.xml'..
[2025-08-27 09:55:38.424] [init-stage-logger] [info] Configuration file 'RcProgramRunHandler.xml' is loaded.
[2025-08-27 09:55:38.424] [init-stage-logger] [info] Custom validating 'RcProgramRunHandler'..
[2025-08-27 09:55:38.424] [init-stage-logger] [info] Custom validated 'RcProgramRunHandler'.
[2025-08-27 09:55:38.424] [init-stage-logger] [info] Applying 'RcProgramRunHandler'..
[2025-08-27 09:55:38.424] [init-stage-logger] [info] Applied 'RcProgramRunHandler'.
[2025-08-27 09:55:38.424] [init-stage-logger] [info] Getting next configuration schema...
[2025-08-27 09:55:38.424] [init-stage-logger] [info] Got schema for: ToolsAndFramesCalibration
[2025-08-27 09:55:38.424] [init-stage-logger] [info] Loading configuration file 'ToolsAndFramesCalibration.xml'..
[2025-08-27 09:55:38.424] [init-stage-logger] [info] Configuration file 'ToolsAndFramesCalibration.xml' is loaded.
[2025-08-27 09:55:38.424] [init-stage-logger] [info] Custom validating 'ToolsAndFramesCalibration'..
[2025-08-27 09:55:38.424] [init-stage-logger] [info] Custom validated 'ToolsAndFramesCalibration'.
[2025-08-27 09:55:38.424] [init-stage-logger] [info] Applying 'ToolsAndFramesCalibration'..
[2025-08-27 09:55:38.424] [init-stage-logger] [info] Applied 'ToolsAndFramesCalibration'.
[2025-08-27 09:55:38.424] [init-stage-logger] [info] loading addons
[2025-08-27 09:55:38.424] [init-stage-logger] [info] finished init, now running
[2025-08-27 09:55:38.468] [init-stage-logger] [info] Getting next configuration schema...
[2025-08-27 09:55:38.468] [init-stage-logger] [info] Got schema for: RcsGCodeInterpreter
[2025-08-27 09:55:38.468] [init-stage-logger] [info] Loading configuration file 'RcsGCodeInterpreter.xml'..
[2025-08-27 09:55:38.469] [init-stage-logger] [info] Configuration file 'RcsGCodeInterpreter.xml' is loaded.
[2025-08-27 09:55:38.469] [init-stage-logger] [info] Custom validating 'RcsGCodeInterpreter'..
[2025-08-27 09:55:38.469] [init-stage-logger] [info] Custom validated 'RcsGCodeInterpreter'.
[2025-08-27 09:55:38.469] [init-stage-logger] [info] Applying 'RcsGCodeInterpreter'..
[2025-08-27 09:55:38.469] [init-stage-logger] [info] Applied 'RcsGCodeInterpreter'.
[2025-08-27 09:55:38.470] [init-stage-logger] [info] Getting next configuration schema...
[2025-08-27 09:55:38.470] [init-stage-logger] [info] Got schema for: OpcUa
[2025-08-27 09:55:38.470] [init-stage-logger] [info] Loading configuration file 'OpcUa.xml'..
[2025-08-27 09:55:38.470] [init-stage-logger] [info] Configuration file 'OpcUa.xml' is loaded.
[2025-08-27 09:55:38.470] [init-stage-logger] [info] Custom validating 'OpcUa'..
[2025-08-27 09:55:38.470] [init-stage-logger] [info] Custom validated 'OpcUa'.
[2025-08-27 09:55:38.470] [init-stage-logger] [info] Applying 'OpcUa'..
[2025-08-27 09:55:38.470] [init-stage-logger] [info] Applied 'OpcUa'.
[2025-08-27 09:55:38.470] [init-stage-logger] [info] Getting next configuration schema...
[2025-08-27 09:55:38.470] [init-stage-logger] [info] Got schema for: OpcUaServer
[2025-08-27 09:55:38.470] [init-stage-logger] [info] Loading configuration file 'OpcUaServer.xml'..
[2025-08-27 09:55:38.470] [init-stage-logger] [info] Configuration file 'OpcUaServer.xml' is loaded.
[2025-08-27 09:55:38.470] [init-stage-logger] [info] Custom validating 'OpcUaServer'..
[2025-08-27 09:55:38.470] [init-stage-logger] [info] Custom validated 'OpcUaServer'.
[2025-08-27 09:55:38.470] [init-stage-logger] [info] Applying 'OpcUaServer'..
[2025-08-27 09:55:38.494] [init-stage-logger] [info] Applied 'OpcUaServer'.
[2025-08-27 12:02:26.593] [init-stage-logger] [info] Static logger was initialized
[2025-08-27 12:02:26.596] [init-stage-logger] [info] Getting next configuration schema...
[2025-08-27 12:02:26.596] [init-stage-logger] [info] Got schema for: FilesystemEventsLogger
[2025-08-27 12:02:26.596] [init-stage-logger] [info] Loading configuration file 'FilesystemEventsLogger.xml'..
[2025-08-27 12:02:26.596] [init-stage-logger] [info] Configuration file 'FilesystemEventsLogger.xml' is loaded.
[2025-08-27 12:02:26.596] [init-stage-logger] [info] Custom validating 'FilesystemEventsLogger'..
[2025-08-27 12:02:26.596] [init-stage-logger] [info] Custom validated 'FilesystemEventsLogger'.
[2025-08-27 12:02:26.596] [init-stage-logger] [info] Applying 'FilesystemEventsLogger'..
[2025-08-27 12:02:26.596] [init-stage-logger] [info] Applied 'FilesystemEventsLogger'.
[2025-08-27 12:02:26.597] [init-stage-logger] [info] Creating extension provider
[2025-08-27 12:02:26.597] [init-stage-logger] [info] Getting next configuration schema...
[2025-08-27 12:02:26.597] [init-stage-logger] [info] Got schema for: AddonManager
[2025-08-27 12:02:26.597] [init-stage-logger] [info] Loading configuration file 'AddonManager.xml'..
[2025-08-27 12:02:26.597] [init-stage-logger] [info] Configuration file 'AddonManager.xml' is loaded.
[2025-08-27 12:02:26.597] [init-stage-logger] [info] Custom validating 'AddonManager'..
[2025-08-27 12:02:26.597] [init-stage-logger] [info] Custom validated 'AddonManager'.
[2025-08-27 12:02:26.597] [init-stage-logger] [info] Applying 'AddonManager'..
[2025-08-27 12:02:26.597] [init-stage-logger] [info] Applied 'AddonManager'.
[2025-08-27 12:02:26.597] [init-stage-logger] [info] Getting next configuration schema...
[2025-08-27 12:02:26.597] [init-stage-logger] [info] Got schema for: ExtensionProvider
[2025-08-27 12:02:26.597] [init-stage-logger] [info] Loading configuration file 'ExtensionProvider.xml'..
[2025-08-27 12:02:26.597] [init-stage-logger] [info] Configuration file 'ExtensionProvider.xml' is loaded.
[2025-08-27 12:02:26.597] [init-stage-logger] [info] Custom validating 'ExtensionProvider'..
[2025-08-27 12:02:26.597] [init-stage-logger] [info] Custom validated 'ExtensionProvider'.
[2025-08-27 12:02:26.597] [init-stage-logger] [info] Applying 'ExtensionProvider'..
[2025-08-27 12:02:26.618] [init-stage-logger] [info] Applied 'ExtensionProvider'.
[2025-08-27 12:02:26.618] [init-stage-logger] [info] Initializing robot selector
[2025-08-27 12:02:26.618] [init-stage-logger] [info] Getting next configuration schema...
[2025-08-27 12:02:26.618] [init-stage-logger] [info] Got schema for: RobotSelector
[2025-08-27 12:02:26.618] [init-stage-logger] [info] Loading configuration file 'RobotSelector.xml'..
[2025-08-27 12:02:26.618] [init-stage-logger] [info] Configuration file 'RobotSelector.xml' is loaded.
[2025-08-27 12:02:26.618] [init-stage-logger] [info] Custom validating 'RobotSelector'..
[2025-08-27 12:02:26.618] [init-stage-logger] [info] Custom validated 'RobotSelector'.
[2025-08-27 12:02:26.618] [init-stage-logger] [info] Applying 'RobotSelector'..
[2025-08-27 12:02:26.618] [init-stage-logger] [info] Applied 'RobotSelector'.
[2025-08-27 12:02:26.618] [init-stage-logger] [info] Creating Robot object
[2025-08-27 12:02:26.619] [init-stage-logger] [info] Getting next configuration schema...
[2025-08-27 12:02:26.619] [init-stage-logger] [info] Got schema for: DhChain
[2025-08-27 12:02:26.619] [init-stage-logger] [info] Loading configuration file 'DhChain.xml'..
[2025-08-27 12:02:26.619] [init-stage-logger] [info] Configuration file 'DhChain.xml' is loaded.
[2025-08-27 12:02:26.619] [init-stage-logger] [info] Custom validating 'DhChain'..
[2025-08-27 12:02:26.619] [init-stage-logger] [info] Custom validated 'DhChain'.
[2025-08-27 12:02:26.619] [init-stage-logger] [info] Applying 'DhChain'..
[2025-08-27 12:02:26.619] [init-stage-logger] [info] Applied 'DhChain'.
[2025-08-27 12:02:26.620] [init-stage-logger] [info] Creating Server socket
[2025-08-27 12:02:26.620] [init-stage-logger] [info] Configuring Server socket
[2025-08-27 12:02:26.620] [init-stage-logger] [info] Getting next configuration schema...
[2025-08-27 12:02:26.620] [init-stage-logger] [info] Got schema for: NetworkLogger
[2025-08-27 12:02:26.620] [init-stage-logger] [info] Loading configuration file 'NetworkLogger.xml'..
[2025-08-27 12:02:26.621] [init-stage-logger] [info] Configuration file 'NetworkLogger.xml' is loaded.
[2025-08-27 12:02:26.621] [init-stage-logger] [info] Custom validating 'NetworkLogger'..
[2025-08-27 12:02:26.621] [init-stage-logger] [info] Custom validated 'NetworkLogger'.
[2025-08-27 12:02:26.621] [init-stage-logger] [info] Applying 'NetworkLogger'..
[2025-08-27 12:02:26.621] [init-stage-logger] [info] Applied 'NetworkLogger'.
[2025-08-27 12:02:26.621] [init-stage-logger] [info] Getting next configuration schema...
[2025-08-27 12:02:26.621] [init-stage-logger] [info] Got schema for: AccessManager
[2025-08-27 12:02:26.621] [init-stage-logger] [info] Loading configuration file 'AccessManager.xml'..
[2025-08-27 12:02:26.621] [init-stage-logger] [info] Configuration file 'AccessManager.xml' is loaded.
[2025-08-27 12:02:26.621] [init-stage-logger] [info] Custom validating 'AccessManager'..
[2025-08-27 12:02:26.621] [init-stage-logger] [info] Custom validated 'AccessManager'.
[2025-08-27 12:02:26.621] [init-stage-logger] [info] Applying 'AccessManager'..
[2025-08-27 12:02:26.621] [init-stage-logger] [info] Applied 'AccessManager'.
[2025-08-27 12:02:26.621] [init-stage-logger] [info] Getting next configuration schema...
[2025-08-27 12:02:26.621] [init-stage-logger] [info] Got schema for: MessageCollector
[2025-08-27 12:02:26.621] [init-stage-logger] [info] Loading configuration file 'MessageCollector.xml'..
[2025-08-27 12:02:26.622] [init-stage-logger] [info] Configuration file 'MessageCollector.xml' is loaded.
[2025-08-27 12:02:26.622] [init-stage-logger] [info] Custom validating 'MessageCollector'..
[2025-08-27 12:02:26.622] [init-stage-logger] [info] Custom validated 'MessageCollector'.
[2025-08-27 12:02:26.622] [init-stage-logger] [info] Applying 'MessageCollector'..
[2025-08-27 12:02:26.622] [init-stage-logger] [info] Applied 'MessageCollector'.
[2025-08-27 12:02:26.622] [init-stage-logger] [info] Getting next configuration schema...
[2025-08-27 12:02:26.622] [init-stage-logger] [info] Got schema for: RareData
[2025-08-27 12:02:26.622] [init-stage-logger] [info] Loading configuration file 'RareData.xml'..
[2025-08-27 12:02:26.622] [init-stage-logger] [info] Configuration file 'RareData.xml' is loaded.
[2025-08-27 12:02:26.622] [init-stage-logger] [info] Custom validating 'RareData'..
[2025-08-27 12:02:26.622] [init-stage-logger] [info] Custom validated 'RareData'.
[2025-08-27 12:02:26.622] [init-stage-logger] [info] Applying 'RareData'..
[2025-08-27 12:02:26.622] [init-stage-logger] [info] Applied 'RareData'.
[2025-08-27 12:02:26.622] [init-stage-logger] [info] Getting next configuration schema...
[2025-08-27 12:02:26.622] [init-stage-logger] [info] Got schema for: SoftwareSafetyState
[2025-08-27 12:02:26.622] [init-stage-logger] [info] Loading configuration file 'SoftwareSafetyState.xml'..
[2025-08-27 12:02:26.622] [init-stage-logger] [info] Configuration file 'SoftwareSafetyState.xml' is loaded.
[2025-08-27 12:02:26.622] [init-stage-logger] [info] Custom validating 'SoftwareSafetyState'..
[2025-08-27 12:02:26.622] [init-stage-logger] [info] Custom validated 'SoftwareSafetyState'.
[2025-08-27 12:02:26.622] [init-stage-logger] [info] Applying 'SoftwareSafetyState'..
[2025-08-27 12:02:26.622] [init-stage-logger] [info] Applied 'SoftwareSafetyState'.
[2025-08-27 12:02:26.622] [init-stage-logger] [info] Getting next configuration schema...
[2025-08-27 12:02:26.622] [init-stage-logger] [info] Got schema for: ParametricBaseProvider
[2025-08-27 12:02:26.622] [init-stage-logger] [info] Loading configuration file 'ParametricBaseProvider.xml'..
[2025-08-27 12:02:26.622] [init-stage-logger] [info] Configuration file 'ParametricBaseProvider.xml' is loaded.
[2025-08-27 12:02:26.622] [init-stage-logger] [info] Custom validating 'ParametricBaseProvider'..
[2025-08-27 12:02:26.622] [init-stage-logger] [info] Custom validated 'ParametricBaseProvider'.
[2025-08-27 12:02:26.622] [init-stage-logger] [info] Applying 'ParametricBaseProvider'..
[2025-08-27 12:02:26.622] [init-stage-logger] [info] Applied 'ParametricBaseProvider'.
[2025-08-27 12:02:26.622] [init-stage-logger] [info] Getting next configuration schema...
[2025-08-27 12:02:26.622] [init-stage-logger] [info] Got schema for: LogManager
[2025-08-27 12:02:26.622] [init-stage-logger] [info] Loading configuration file 'LogManager.xml'..
[2025-08-27 12:02:26.622] [init-stage-logger] [info] Configuration file 'LogManager.xml' is loaded.
[2025-08-27 12:02:26.622] [init-stage-logger] [info] Custom validating 'LogManager'..
[2025-08-27 12:02:26.622] [init-stage-logger] [info] Custom validated 'LogManager'.
[2025-08-27 12:02:26.622] [init-stage-logger] [info] Applying 'LogManager'..
[2025-08-27 12:02:26.622] [init-stage-logger] [info] Applied 'LogManager'.
[2025-08-27 12:02:26.622] [init-stage-logger] [info] Getting next configuration schema...
[2025-08-27 12:02:26.622] [init-stage-logger] [info] Got schema for: GuidedModeController
[2025-08-27 12:02:26.622] [init-stage-logger] [info] Loading configuration file 'GuidedModeController.xml'..
[2025-08-27 12:02:26.623] [init-stage-logger] [info] Configuration file 'GuidedModeController.xml' is loaded.
[2025-08-27 12:02:26.623] [init-stage-logger] [info] Custom validating 'GuidedModeController'..
[2025-08-27 12:02:26.623] [init-stage-logger] [info] Custom validated 'GuidedModeController'.
[2025-08-27 12:02:26.623] [init-stage-logger] [info] Applying 'GuidedModeController'..
[2025-08-27 12:02:26.623] [init-stage-logger] [info] Applied 'GuidedModeController'.
[2025-08-27 12:02:26.623] [init-stage-logger] [info] Getting next configuration schema...
[2025-08-27 12:02:26.623] [init-stage-logger] [info] Got schema for: ShutDownRestart
[2025-08-27 12:02:26.623] [init-stage-logger] [info] Loading configuration file 'ShutDownRestart.xml'..
[2025-08-27 12:02:26.623] [init-stage-logger] [info] Configuration file 'ShutDownRestart.xml' is loaded.
[2025-08-27 12:02:26.623] [init-stage-logger] [info] Custom validating 'ShutDownRestart'..
[2025-08-27 12:02:26.623] [init-stage-logger] [info] Custom validated 'ShutDownRestart'.
[2025-08-27 12:02:26.623] [init-stage-logger] [info] Applying 'ShutDownRestart'..
[2025-08-27 12:02:26.623] [init-stage-logger] [info] Applied 'ShutDownRestart'.
[2025-08-27 12:02:26.623] [init-stage-logger] [info] Getting next configuration schema...
[2025-08-27 12:02:26.623] [init-stage-logger] [info] Got schema for: AutorunController
[2025-08-27 12:02:26.623] [init-stage-logger] [info] Loading configuration file 'AutorunController.xml'..
[2025-08-27 12:02:26.623] [init-stage-logger] [info] Configuration file 'AutorunController.xml' is loaded.
[2025-08-27 12:02:26.623] [init-stage-logger] [info] Custom validating 'AutorunController'..
[2025-08-27 12:02:26.623] [init-stage-logger] [info] Custom validated 'AutorunController'.
[2025-08-27 12:02:26.623] [init-stage-logger] [info] Applying 'AutorunController'..
[2025-08-27 12:02:26.623] [init-stage-logger] [info] Applied 'AutorunController'.
[2025-08-27 12:02:26.623] [init-stage-logger] [info] Getting next configuration schema...
[2025-08-27 12:02:26.623] [init-stage-logger] [info] Got schema for: DatagramTransceiver
[2025-08-27 12:02:26.623] [init-stage-logger] [info] Loading configuration file 'DatagramTransceiver.xml'..
[2025-08-27 12:02:26.623] [init-stage-logger] [info] Configuration file 'DatagramTransceiver.xml' is loaded.
[2025-08-27 12:02:26.623] [init-stage-logger] [info] Custom validating 'DatagramTransceiver'..
[2025-08-27 12:02:26.623] [init-stage-logger] [info] Custom validated 'DatagramTransceiver'.
[2025-08-27 12:02:26.623] [init-stage-logger] [info] Applying 'DatagramTransceiver'..
[2025-08-27 12:02:26.623] [init-stage-logger] [info] Applied 'DatagramTransceiver'.
[2025-08-27 12:02:26.623] [init-stage-logger] [info] Getting next configuration schema...
[2025-08-27 12:02:26.623] [init-stage-logger] [info] Got schema for: IntermachineTasksController
[2025-08-27 12:02:26.623] [init-stage-logger] [info] Loading configuration file 'IntermachineTasksController.xml'..
[2025-08-27 12:02:26.623] [init-stage-logger] [info] Configuration file 'IntermachineTasksController.xml' is loaded.
[2025-08-27 12:02:26.623] [init-stage-logger] [info] Custom validating 'IntermachineTasksController'..
[2025-08-27 12:02:26.623] [init-stage-logger] [info] Custom validated 'IntermachineTasksController'.
[2025-08-27 12:02:26.623] [init-stage-logger] [info] Applying 'IntermachineTasksController'..
[2025-08-27 12:02:26.623] [init-stage-logger] [info] Applied 'IntermachineTasksController'.
[2025-08-27 12:02:26.623] [init-stage-logger] [info] Getting next configuration schema...
[2025-08-27 12:02:26.623] [init-stage-logger] [info] Got schema for: UserAlarmsHandler
[2025-08-27 12:02:26.623] [init-stage-logger] [info] Loading configuration file 'UserAlarmsHandler.xml'..
[2025-08-27 12:02:26.624] [init-stage-logger] [info] Configuration file 'UserAlarmsHandler.xml' is loaded.
[2025-08-27 12:02:26.624] [init-stage-logger] [info] Custom validating 'UserAlarmsHandler'..
[2025-08-27 12:02:26.624] [init-stage-logger] [info] Custom validated 'UserAlarmsHandler'.
[2025-08-27 12:02:26.624] [init-stage-logger] [info] Applying 'UserAlarmsHandler'..
[2025-08-27 12:02:26.624] [init-stage-logger] [info] Applied 'UserAlarmsHandler'.
[2025-08-27 12:02:26.624] [init-stage-logger] [info] Getting next configuration schema...
[2025-08-27 12:02:26.624] [init-stage-logger] [info] Got schema for: UserConfigurationManager
[2025-08-27 12:02:26.624] [init-stage-logger] [info] Loading configuration file 'UserConfigurationManager.xml'..
[2025-08-27 12:02:26.624] [init-stage-logger] [info] Configuration file 'UserConfigurationManager.xml' is loaded.
[2025-08-27 12:02:26.624] [init-stage-logger] [info] Custom validating 'UserConfigurationManager'..
[2025-08-27 12:02:26.624] [init-stage-logger] [info] Custom validated 'UserConfigurationManager'.
[2025-08-27 12:02:26.624] [init-stage-logger] [info] Applying 'UserConfigurationManager'..
[2025-08-27 12:02:26.624] [init-stage-logger] [info] Applied 'UserConfigurationManager'.
[2025-08-27 12:02:26.624] [init-stage-logger] [info] Getting next configuration schema...
[2025-08-27 12:02:26.624] [init-stage-logger] [info] Got schema for: JogMotion
[2025-08-27 12:02:26.624] [init-stage-logger] [info] Loading configuration file 'JogMotion.xml'..
[2025-08-27 12:02:26.624] [init-stage-logger] [info] Configuration file 'JogMotion.xml' is loaded.
[2025-08-27 12:02:26.624] [init-stage-logger] [info] Custom validating 'JogMotion'..
[2025-08-27 12:02:26.624] [init-stage-logger] [info] Custom validated 'JogMotion'.
[2025-08-27 12:02:26.624] [init-stage-logger] [info] Applying 'JogMotion'..
[2025-08-27 12:02:26.624] [init-stage-logger] [info] Applied 'JogMotion'.
[2025-08-27 12:02:26.624] [init-stage-logger] [info] Getting next configuration schema...
[2025-08-27 12:02:26.624] [init-stage-logger] [info] Got schema for: Signals
[2025-08-27 12:02:26.624] [init-stage-logger] [info] Loading configuration file 'Signals.xml'..
[2025-08-27 12:02:26.624] [init-stage-logger] [info] Configuration file 'Signals.xml' is loaded.
[2025-08-27 12:02:26.624] [init-stage-logger] [info] Custom validating 'Signals'..
[2025-08-27 12:02:26.624] [init-stage-logger] [info] Custom validated 'Signals'.
[2025-08-27 12:02:26.624] [init-stage-logger] [info] Applying 'Signals'..
[2025-08-27 12:02:26.624] [init-stage-logger] [info] Loading configuration file 'ModbusTCPBusForDevice/weld_source.xml'..
[2025-08-27 12:02:26.625] [init-stage-logger] [info] Configuration file 'ModbusTCPBusForDevice/weld_source.xml' is loaded.
[2025-08-27 12:02:26.625] [init-stage-logger] [info] Custom validating 'ModbusTCPBusForDevice'..
[2025-08-27 12:02:26.625] [init-stage-logger] [info] Custom validated 'ModbusTCPBusForDevice'.
[2025-08-27 12:02:26.625] [init-stage-logger] [info] Applying 'ModbusTCPBusForDevice'..
[2025-08-27 12:02:26.625] [init-stage-logger] [info] Applied 'ModbusTCPBusForDevice'.
[2025-08-27 12:02:26.625] [init-stage-logger] [info] Loading configuration file 'RcsDIDO/dido.xml'..
[2025-08-27 12:02:26.625] [init-stage-logger] [info] Configuration file 'RcsDIDO/dido.xml' is loaded.
[2025-08-27 12:02:26.625] [init-stage-logger] [info] Custom validating 'RcsDIDO'..
[2025-08-27 12:02:26.625] [init-stage-logger] [info] Custom validated 'RcsDIDO'.
[2025-08-27 12:02:26.625] [init-stage-logger] [info] Applying 'RcsDIDO'..
[2025-08-27 12:02:26.625] [init-stage-logger] [info] Applied 'RcsDIDO'.
[2025-08-27 12:02:26.625] [init-stage-logger] [info] Applied 'Signals'.
[2025-08-27 12:02:26.625] [init-stage-logger] [info] Getting next configuration schema...
[2025-08-27 12:02:26.625] [init-stage-logger] [info] Got schema for: DrivesControllerV2
[2025-08-27 12:02:26.625] [init-stage-logger] [info] Loading configuration file 'DrivesControllerV2.xml'..
[2025-08-27 12:02:26.625] [init-stage-logger] [info] Configuration file 'DrivesControllerV2.xml' is loaded.
[2025-08-27 12:02:26.625] [init-stage-logger] [info] Custom validating 'DrivesControllerV2'..
[2025-08-27 12:02:26.625] [init-stage-logger] [info] Custom validated 'DrivesControllerV2'.
[2025-08-27 12:02:26.625] [init-stage-logger] [info] Applying 'DrivesControllerV2'..
[2025-08-27 12:02:26.726] [init-stage-logger] [info] Applied 'DrivesControllerV2'.
[2025-08-27 12:02:26.726] [init-stage-logger] [info] Getting next configuration schema...
[2025-08-27 12:02:26.727] [init-stage-logger] [info] Got schema for: SplinePathGeneratorInfo
[2025-08-27 12:02:26.727] [init-stage-logger] [info] Loading configuration file 'SplinePathGeneratorInfo.xml'..
[2025-08-27 12:02:26.728] [init-stage-logger] [info] Configuration file 'SplinePathGeneratorInfo.xml' is loaded.
[2025-08-27 12:02:26.728] [init-stage-logger] [info] Custom validating 'SplinePathGeneratorInfo'..
[2025-08-27 12:02:26.728] [init-stage-logger] [info] Custom validated 'SplinePathGeneratorInfo'.
[2025-08-27 12:02:26.728] [init-stage-logger] [info] Applying 'SplinePathGeneratorInfo'..
[2025-08-27 12:02:26.728] [init-stage-logger] [info] Applied 'SplinePathGeneratorInfo'.
[2025-08-27 12:02:26.728] [init-stage-logger] [info] Getting next configuration schema...
[2025-08-27 12:02:26.728] [init-stage-logger] [info] Got schema for: TargetAtTimeExecutor
[2025-08-27 12:02:26.728] [init-stage-logger] [info] Loading configuration file 'TargetAtTimeExecutor.xml'..
[2025-08-27 12:02:26.728] [init-stage-logger] [info] Configuration file 'TargetAtTimeExecutor.xml' is loaded.
[2025-08-27 12:02:26.728] [init-stage-logger] [info] Custom validating 'TargetAtTimeExecutor'..
[2025-08-27 12:02:26.728] [init-stage-logger] [info] Custom validated 'TargetAtTimeExecutor'.
[2025-08-27 12:02:26.728] [init-stage-logger] [info] Applying 'TargetAtTimeExecutor'..
[2025-08-27 12:02:26.728] [init-stage-logger] [info] Applied 'TargetAtTimeExecutor'.
[2025-08-27 12:02:26.728] [init-stage-logger] [info] Getting next configuration schema...
[2025-08-27 12:02:26.728] [init-stage-logger] [info] Got schema for: SdcLog
[2025-08-27 12:02:26.728] [init-stage-logger] [info] Loading configuration file 'SdcLog.xml'..
[2025-08-27 12:02:26.728] [init-stage-logger] [info] Configuration file 'SdcLog.xml' is loaded.
[2025-08-27 12:02:26.728] [init-stage-logger] [info] Custom validating 'SdcLog'..
[2025-08-27 12:02:26.728] [init-stage-logger] [info] Custom validated 'SdcLog'.
[2025-08-27 12:02:26.728] [init-stage-logger] [info] Applying 'SdcLog'..
[2025-08-27 12:02:26.728] [init-stage-logger] [info] Applied 'SdcLog'.
[2025-08-27 12:02:26.729] [init-stage-logger] [info] Getting next configuration schema...
[2025-08-27 12:02:26.729] [init-stage-logger] [info] Got schema for: RawMotionQueueControllerLog
[2025-08-27 12:02:26.729] [init-stage-logger] [info] Loading configuration file 'RawMotionQueueControllerLog.xml'..
[2025-08-27 12:02:26.729] [init-stage-logger] [info] Configuration file 'RawMotionQueueControllerLog.xml' is loaded.
[2025-08-27 12:02:26.729] [init-stage-logger] [info] Custom validating 'RawMotionQueueControllerLog'..
[2025-08-27 12:02:26.729] [init-stage-logger] [info] Custom validated 'RawMotionQueueControllerLog'.
[2025-08-27 12:02:26.729] [init-stage-logger] [info] Applying 'RawMotionQueueControllerLog'..
[2025-08-27 12:02:26.729] [init-stage-logger] [info] Applied 'RawMotionQueueControllerLog'.
[2025-08-27 12:02:26.729] [init-stage-logger] [info] Getting next configuration schema...
[2025-08-27 12:02:26.729] [init-stage-logger] [info] Got schema for: ExecutionControllerLog
[2025-08-27 12:02:26.729] [init-stage-logger] [info] Loading configuration file 'ExecutionControllerLog.xml'..
[2025-08-27 12:02:26.729] [init-stage-logger] [info] Configuration file 'ExecutionControllerLog.xml' is loaded.
[2025-08-27 12:02:26.729] [init-stage-logger] [info] Custom validating 'ExecutionControllerLog'..
[2025-08-27 12:02:26.729] [init-stage-logger] [info] Custom validated 'ExecutionControllerLog'.
[2025-08-27 12:02:26.729] [init-stage-logger] [info] Applying 'ExecutionControllerLog'..
[2025-08-27 12:02:26.729] [init-stage-logger] [info] Applied 'ExecutionControllerLog'.
[2025-08-27 12:02:26.729] [init-stage-logger] [info] Getting next configuration schema...
[2025-08-27 12:02:26.730] [init-stage-logger] [info] Got schema for: TargetAtTimeMotionExecutorLog
[2025-08-27 12:02:26.730] [init-stage-logger] [info] Loading configuration file 'TargetAtTimeMotionExecutorLog.xml'..
[2025-08-27 12:02:26.730] [init-stage-logger] [info] Configuration file 'TargetAtTimeMotionExecutorLog.xml' is loaded.
[2025-08-27 12:02:26.730] [init-stage-logger] [info] Custom validating 'TargetAtTimeMotionExecutorLog'..
[2025-08-27 12:02:26.730] [init-stage-logger] [info] Custom validated 'TargetAtTimeMotionExecutorLog'.
[2025-08-27 12:02:26.730] [init-stage-logger] [info] Applying 'TargetAtTimeMotionExecutorLog'..
[2025-08-27 12:02:26.730] [init-stage-logger] [info] Applied 'TargetAtTimeMotionExecutorLog'.
[2025-08-27 12:02:26.730] [init-stage-logger] [info] Getting next configuration schema...
[2025-08-27 12:02:26.730] [init-stage-logger] [info] Got schema for: ScalableBufferSplineLog
[2025-08-27 12:02:26.730] [init-stage-logger] [info] Loading configuration file 'ScalableBufferSplineLog.xml'..
[2025-08-27 12:02:26.730] [init-stage-logger] [info] Configuration file 'ScalableBufferSplineLog.xml' is loaded.
[2025-08-27 12:02:26.730] [init-stage-logger] [info] Custom validating 'ScalableBufferSplineLog'..
[2025-08-27 12:02:26.730] [init-stage-logger] [info] Custom validated 'ScalableBufferSplineLog'.
[2025-08-27 12:02:26.730] [init-stage-logger] [info] Applying 'ScalableBufferSplineLog'..
[2025-08-27 12:02:26.730] [init-stage-logger] [info] Applied 'ScalableBufferSplineLog'.
[2025-08-27 12:02:26.731] [init-stage-logger] [info] Configuring DataProvider
[2025-08-27 12:02:26.731] [init-stage-logger] [info] Getting next configuration schema...
[2025-08-27 12:02:26.731] [init-stage-logger] [info] Got schema for: RcpDataProvider
[2025-08-27 12:02:26.731] [init-stage-logger] [info] Loading configuration file 'RcpDataProvider.xml'..
[2025-08-27 12:02:26.731] [init-stage-logger] [info] Configuration file 'RcpDataProvider.xml' is loaded.
[2025-08-27 12:02:26.731] [init-stage-logger] [info] Custom validating 'RcpDataProvider'..
[2025-08-27 12:02:26.731] [init-stage-logger] [info] Custom validated 'RcpDataProvider'.
[2025-08-27 12:02:26.731] [init-stage-logger] [info] Applying 'RcpDataProvider'..
[2025-08-27 12:02:26.732] [init-stage-logger] [info] Applied 'RcpDataProvider'.
[2025-08-27 12:02:26.732] [init-stage-logger] [info] Configuring RcRepository
[2025-08-27 12:02:26.732] [init-stage-logger] [info] Getting next configuration schema...
[2025-08-27 12:02:26.732] [init-stage-logger] [info] Got schema for: RcpRepositoryInfo
[2025-08-27 12:02:26.732] [init-stage-logger] [info] Loading configuration file 'RcpRepositoryInfo.xml'..
[2025-08-27 12:02:26.733] [init-stage-logger] [info] Configuration file 'RcpRepositoryInfo.xml' is loaded.
[2025-08-27 12:02:26.733] [init-stage-logger] [info] Custom validating 'RcpRepositoryInfo'..
[2025-08-27 12:02:26.733] [init-stage-logger] [info] Custom validated 'RcpRepositoryInfo'.
[2025-08-27 12:02:26.733] [init-stage-logger] [info] Applying 'RcpRepositoryInfo'..
[2025-08-27 12:02:26.733] [init-stage-logger] [info] Applied 'RcpRepositoryInfo'.
[2025-08-27 12:02:26.733] [init-stage-logger] [info] Configuring ProgramIntepreter
[2025-08-27 12:02:26.733] [init-stage-logger] [info] Getting next configuration schema...
[2025-08-27 12:02:26.733] [init-stage-logger] [info] Got schema for: RcProgramInterpreter
[2025-08-27 12:02:26.733] [init-stage-logger] [info] Loading configuration file 'RcProgramInterpreter.xml'..
[2025-08-27 12:02:26.733] [init-stage-logger] [info] Configuration file 'RcProgramInterpreter.xml' is loaded.
[2025-08-27 12:02:26.733] [init-stage-logger] [info] Custom validating 'RcProgramInterpreter'..
[2025-08-27 12:02:26.733] [init-stage-logger] [info] Custom validated 'RcProgramInterpreter'.
[2025-08-27 12:02:26.733] [init-stage-logger] [info] Applying 'RcProgramInterpreter'..
[2025-08-27 12:02:26.734] [init-stage-logger] [info] Applied 'RcProgramInterpreter'.
[2025-08-27 12:02:26.734] [init-stage-logger] [info] Getting next configuration schema...
[2025-08-27 12:02:26.734] [init-stage-logger] [info] Got schema for: gcode_logger
[2025-08-27 12:02:26.734] [init-stage-logger] [info] Loading configuration file 'gcode_logger.xml'..
[2025-08-27 12:02:26.735] [init-stage-logger] [info] Configuration file 'gcode_logger.xml' is loaded.
[2025-08-27 12:02:26.735] [init-stage-logger] [info] Custom validating 'gcode_logger'..
[2025-08-27 12:02:26.735] [init-stage-logger] [info] Custom validated 'gcode_logger'.
[2025-08-27 12:02:26.735] [init-stage-logger] [info] Applying 'gcode_logger'..
[2025-08-27 12:02:26.735] [init-stage-logger] [info] Applied 'gcode_logger'.
[2025-08-27 12:02:26.736] [init-stage-logger] [info] Getting next configuration schema...
[2025-08-27 12:02:26.736] [init-stage-logger] [info] Got schema for: ApiServerData
[2025-08-27 12:02:26.736] [init-stage-logger] [info] Loading configuration file 'ApiServerData.xml'..
[2025-08-27 12:02:26.736] [init-stage-logger] [info] Configuration file 'ApiServerData.xml' is loaded.
[2025-08-27 12:02:26.736] [init-stage-logger] [info] Custom validating 'ApiServerData'..
[2025-08-27 12:02:26.736] [init-stage-logger] [info] Custom validated 'ApiServerData'.
[2025-08-27 12:02:26.736] [init-stage-logger] [info] Applying 'ApiServerData'..
[2025-08-27 12:02:26.736] [init-stage-logger] [info] Applied 'ApiServerData'.
[2025-08-27 12:02:26.736] [init-stage-logger] [info] Getting next configuration schema...
[2025-08-27 12:02:26.736] [init-stage-logger] [info] Got schema for: WidgetHandler
[2025-08-27 12:02:26.736] [init-stage-logger] [info] Loading configuration file 'WidgetHandler.xml'..
[2025-08-27 12:02:26.736] [init-stage-logger] [info] Configuration file 'WidgetHandler.xml' is loaded.
[2025-08-27 12:02:26.736] [init-stage-logger] [info] Custom validating 'WidgetHandler'..
[2025-08-27 12:02:26.736] [init-stage-logger] [info] Custom validated 'WidgetHandler'.
[2025-08-27 12:02:26.736] [init-stage-logger] [info] Applying 'WidgetHandler'..
[2025-08-27 12:02:26.736] [init-stage-logger] [info] Applied 'WidgetHandler'.
[2025-08-27 12:02:26.736] [init-stage-logger] [info] Getting next configuration schema...
[2025-08-27 12:02:26.736] [init-stage-logger] [info] Got schema for: RcProgramRunHandler
[2025-08-27 12:02:26.736] [init-stage-logger] [info] Loading configuration file 'RcProgramRunHandler.xml'..
[2025-08-27 12:02:26.736] [init-stage-logger] [info] Configuration file 'RcProgramRunHandler.xml' is loaded.
[2025-08-27 12:02:26.736] [init-stage-logger] [info] Custom validating 'RcProgramRunHandler'..
[2025-08-27 12:02:26.736] [init-stage-logger] [info] Custom validated 'RcProgramRunHandler'.
[2025-08-27 12:02:26.736] [init-stage-logger] [info] Applying 'RcProgramRunHandler'..
[2025-08-27 12:02:26.736] [init-stage-logger] [info] Applied 'RcProgramRunHandler'.
[2025-08-27 12:02:26.736] [init-stage-logger] [info] Getting next configuration schema...
[2025-08-27 12:02:26.736] [init-stage-logger] [info] Got schema for: ToolsAndFramesCalibration
[2025-08-27 12:02:26.736] [init-stage-logger] [info] Loading configuration file 'ToolsAndFramesCalibration.xml'..
[2025-08-27 12:02:26.736] [init-stage-logger] [info] Configuration file 'ToolsAndFramesCalibration.xml' is loaded.
[2025-08-27 12:02:26.736] [init-stage-logger] [info] Custom validating 'ToolsAndFramesCalibration'..
[2025-08-27 12:02:26.736] [init-stage-logger] [info] Custom validated 'ToolsAndFramesCalibration'.
[2025-08-27 12:02:26.736] [init-stage-logger] [info] Applying 'ToolsAndFramesCalibration'..
[2025-08-27 12:02:26.736] [init-stage-logger] [info] Applied 'ToolsAndFramesCalibration'.
[2025-08-27 12:02:26.736] [init-stage-logger] [info] loading addons
[2025-08-27 12:02:26.736] [init-stage-logger] [info] finished init, now running
[2025-08-27 12:02:26.807] [init-stage-logger] [info] Getting next configuration schema...
[2025-08-27 12:02:26.807] [init-stage-logger] [info] Got schema for: RcsGCodeInterpreter
[2025-08-27 12:02:26.807] [init-stage-logger] [info] Loading configuration file 'RcsGCodeInterpreter.xml'..
[2025-08-27 12:02:26.808] [init-stage-logger] [info] Configuration file 'RcsGCodeInterpreter.xml' is loaded.
[2025-08-27 12:02:26.808] [init-stage-logger] [info] Custom validating 'RcsGCodeInterpreter'..
[2025-08-27 12:02:26.808] [init-stage-logger] [info] Custom validated 'RcsGCodeInterpreter'.
[2025-08-27 12:02:26.808] [init-stage-logger] [info] Applying 'RcsGCodeInterpreter'..
[2025-08-27 12:02:26.808] [init-stage-logger] [info] Applied 'RcsGCodeInterpreter'.
[2025-08-27 12:02:26.808] [init-stage-logger] [info] Getting next configuration schema...
[2025-08-27 12:02:26.808] [init-stage-logger] [info] Got schema for: OpcUa
[2025-08-27 12:02:26.808] [init-stage-logger] [info] Loading configuration file 'OpcUa.xml'..
[2025-08-27 12:02:26.809] [init-stage-logger] [info] Configuration file 'OpcUa.xml' is loaded.
[2025-08-27 12:02:26.809] [init-stage-logger] [info] Custom validating 'OpcUa'..
[2025-08-27 12:02:26.809] [init-stage-logger] [info] Custom validated 'OpcUa'.
[2025-08-27 12:02:26.809] [init-stage-logger] [info] Applying 'OpcUa'..
[2025-08-27 12:02:26.809] [init-stage-logger] [info] Applied 'OpcUa'.
[2025-08-27 12:02:26.809] [init-stage-logger] [info] Getting next configuration schema...
[2025-08-27 12:02:26.809] [init-stage-logger] [info] Got schema for: OpcUaServer
[2025-08-27 12:02:26.809] [init-stage-logger] [info] Loading configuration file 'OpcUaServer.xml'..
[2025-08-27 12:02:26.809] [init-stage-logger] [info] Configuration file 'OpcUaServer.xml' is loaded.
[2025-08-27 12:02:26.809] [init-stage-logger] [info] Custom validating 'OpcUaServer'..
[2025-08-27 12:02:26.809] [init-stage-logger] [info] Custom validated 'OpcUaServer'.
[2025-08-27 12:02:26.809] [init-stage-logger] [info] Applying 'OpcUaServer'..
[2025-08-27 12:02:26.833] [init-stage-logger] [info] Applied 'OpcUaServer'.
[2025-08-27 12:22:34.896] [init-stage-logger] [info] Static logger was initialized
[2025-08-27 12:22:34.899] [init-stage-logger] [info] Getting next configuration schema...
[2025-08-27 12:22:34.899] [init-stage-logger] [info] Got schema for: FilesystemEventsLogger
[2025-08-27 12:22:34.899] [init-stage-logger] [info] Loading configuration file 'FilesystemEventsLogger.xml'..
[2025-08-27 12:22:34.899] [init-stage-logger] [info] Configuration file 'FilesystemEventsLogger.xml' is loaded.
[2025-08-27 12:22:34.899] [init-stage-logger] [info] Custom validating 'FilesystemEventsLogger'..
[2025-08-27 12:22:34.899] [init-stage-logger] [info] Custom validated 'FilesystemEventsLogger'.
[2025-08-27 12:22:34.899] [init-stage-logger] [info] Applying 'FilesystemEventsLogger'..
[2025-08-27 12:22:34.899] [init-stage-logger] [info] Applied 'FilesystemEventsLogger'.
[2025-08-27 12:22:34.900] [init-stage-logger] [info] Creating extension provider
[2025-08-27 12:22:34.900] [init-stage-logger] [info] Getting next configuration schema...
[2025-08-27 12:22:34.900] [init-stage-logger] [info] Got schema for: AddonManager
[2025-08-27 12:22:34.900] [init-stage-logger] [info] Loading configuration file 'AddonManager.xml'..
[2025-08-27 12:22:34.900] [init-stage-logger] [info] Configuration file 'AddonManager.xml' is loaded.
[2025-08-27 12:22:34.900] [init-stage-logger] [info] Custom validating 'AddonManager'..
[2025-08-27 12:22:34.900] [init-stage-logger] [info] Custom validated 'AddonManager'.
[2025-08-27 12:22:34.900] [init-stage-logger] [info] Applying 'AddonManager'..
[2025-08-27 12:22:34.900] [init-stage-logger] [info] Applied 'AddonManager'.
[2025-08-27 12:22:34.900] [init-stage-logger] [info] Getting next configuration schema...
[2025-08-27 12:22:34.900] [init-stage-logger] [info] Got schema for: ExtensionProvider
[2025-08-27 12:22:34.900] [init-stage-logger] [info] Loading configuration file 'ExtensionProvider.xml'..
[2025-08-27 12:22:34.900] [init-stage-logger] [info] Configuration file 'ExtensionProvider.xml' is loaded.
[2025-08-27 12:22:34.900] [init-stage-logger] [info] Custom validating 'ExtensionProvider'..
[2025-08-27 12:22:34.901] [init-stage-logger] [info] Custom validated 'ExtensionProvider'.
[2025-08-27 12:22:34.901] [init-stage-logger] [info] Applying 'ExtensionProvider'..
[2025-08-27 12:22:34.916] [init-stage-logger] [info] Applied 'ExtensionProvider'.
[2025-08-27 12:22:34.916] [init-stage-logger] [info] Initializing robot selector
[2025-08-27 12:22:34.916] [init-stage-logger] [info] Getting next configuration schema...
[2025-08-27 12:22:34.916] [init-stage-logger] [info] Got schema for: RobotSelector
[2025-08-27 12:22:34.916] [init-stage-logger] [info] Loading configuration file 'RobotSelector.xml'..
[2025-08-27 12:22:34.916] [init-stage-logger] [info] Configuration file 'RobotSelector.xml' is loaded.
[2025-08-27 12:22:34.916] [init-stage-logger] [info] Custom validating 'RobotSelector'..
[2025-08-27 12:22:34.916] [init-stage-logger] [info] Custom validated 'RobotSelector'.
[2025-08-27 12:22:34.916] [init-stage-logger] [info] Applying 'RobotSelector'..
[2025-08-27 12:22:34.916] [init-stage-logger] [info] Applied 'RobotSelector'.
[2025-08-27 12:22:34.916] [init-stage-logger] [info] Creating Robot object
[2025-08-27 12:22:34.916] [init-stage-logger] [info] Getting next configuration schema...
[2025-08-27 12:22:34.917] [init-stage-logger] [info] Got schema for: DhChain
[2025-08-27 12:22:34.917] [init-stage-logger] [info] Loading configuration file 'DhChain.xml'..
[2025-08-27 12:22:34.917] [init-stage-logger] [info] Configuration file 'DhChain.xml' is loaded.
[2025-08-27 12:22:34.917] [init-stage-logger] [info] Custom validating 'DhChain'..
[2025-08-27 12:22:34.917] [init-stage-logger] [info] Custom validated 'DhChain'.
[2025-08-27 12:22:34.917] [init-stage-logger] [info] Applying 'DhChain'..
[2025-08-27 12:22:34.917] [init-stage-logger] [info] Applied 'DhChain'.
[2025-08-27 12:22:34.918] [init-stage-logger] [info] Creating Server socket
[2025-08-27 12:22:34.918] [init-stage-logger] [info] Configuring Server socket
[2025-08-27 12:22:34.918] [init-stage-logger] [info] Getting next configuration schema...
[2025-08-27 12:22:34.918] [init-stage-logger] [info] Got schema for: NetworkLogger
[2025-08-27 12:22:34.918] [init-stage-logger] [info] Loading configuration file 'NetworkLogger.xml'..
[2025-08-27 12:22:34.918] [init-stage-logger] [info] Configuration file 'NetworkLogger.xml' is loaded.
[2025-08-27 12:22:34.918] [init-stage-logger] [info] Custom validating 'NetworkLogger'..
[2025-08-27 12:22:34.918] [init-stage-logger] [info] Custom validated 'NetworkLogger'.
[2025-08-27 12:22:34.918] [init-stage-logger] [info] Applying 'NetworkLogger'..
[2025-08-27 12:22:34.918] [init-stage-logger] [info] Applied 'NetworkLogger'.
[2025-08-27 12:22:34.919] [init-stage-logger] [info] Getting next configuration schema...
[2025-08-27 12:22:34.919] [init-stage-logger] [info] Got schema for: AccessManager
[2025-08-27 12:22:34.919] [init-stage-logger] [info] Loading configuration file 'AccessManager.xml'..
[2025-08-27 12:22:34.919] [init-stage-logger] [info] Configuration file 'AccessManager.xml' is loaded.
[2025-08-27 12:22:34.919] [init-stage-logger] [info] Custom validating 'AccessManager'..
[2025-08-27 12:22:34.919] [init-stage-logger] [info] Custom validated 'AccessManager'.
[2025-08-27 12:22:34.919] [init-stage-logger] [info] Applying 'AccessManager'..
[2025-08-27 12:22:34.919] [init-stage-logger] [info] Applied 'AccessManager'.
[2025-08-27 12:22:34.919] [init-stage-logger] [info] Getting next configuration schema...
[2025-08-27 12:22:34.919] [init-stage-logger] [info] Got schema for: MessageCollector
[2025-08-27 12:22:34.919] [init-stage-logger] [info] Loading configuration file 'MessageCollector.xml'..
[2025-08-27 12:22:34.919] [init-stage-logger] [info] Configuration file 'MessageCollector.xml' is loaded.
[2025-08-27 12:22:34.919] [init-stage-logger] [info] Custom validating 'MessageCollector'..
[2025-08-27 12:22:34.919] [init-stage-logger] [info] Custom validated 'MessageCollector'.
[2025-08-27 12:22:34.919] [init-stage-logger] [info] Applying 'MessageCollector'..
[2025-08-27 12:22:34.919] [init-stage-logger] [info] Applied 'MessageCollector'.
[2025-08-27 12:22:34.919] [init-stage-logger] [info] Getting next configuration schema...
[2025-08-27 12:22:34.919] [init-stage-logger] [info] Got schema for: RareData
[2025-08-27 12:22:34.919] [init-stage-logger] [info] Loading configuration file 'RareData.xml'..
[2025-08-27 12:22:34.919] [init-stage-logger] [info] Configuration file 'RareData.xml' is loaded.
[2025-08-27 12:22:34.919] [init-stage-logger] [info] Custom validating 'RareData'..
[2025-08-27 12:22:34.920] [init-stage-logger] [info] Custom validated 'RareData'.
[2025-08-27 12:22:34.920] [init-stage-logger] [info] Applying 'RareData'..
[2025-08-27 12:22:34.920] [init-stage-logger] [info] Applied 'RareData'.
[2025-08-27 12:22:34.920] [init-stage-logger] [info] Getting next configuration schema...
[2025-08-27 12:22:34.920] [init-stage-logger] [info] Got schema for: SoftwareSafetyState
[2025-08-27 12:22:34.920] [init-stage-logger] [info] Loading configuration file 'SoftwareSafetyState.xml'..
[2025-08-27 12:22:34.920] [init-stage-logger] [info] Configuration file 'SoftwareSafetyState.xml' is loaded.
[2025-08-27 12:22:34.920] [init-stage-logger] [info] Custom validating 'SoftwareSafetyState'..
[2025-08-27 12:22:34.920] [init-stage-logger] [info] Custom validated 'SoftwareSafetyState'.
[2025-08-27 12:22:34.920] [init-stage-logger] [info] Applying 'SoftwareSafetyState'..
[2025-08-27 12:22:34.920] [init-stage-logger] [info] Applied 'SoftwareSafetyState'.
[2025-08-27 12:22:34.920] [init-stage-logger] [info] Getting next configuration schema...
[2025-08-27 12:22:34.920] [init-stage-logger] [info] Got schema for: ParametricBaseProvider
[2025-08-27 12:22:34.920] [init-stage-logger] [info] Loading configuration file 'ParametricBaseProvider.xml'..
[2025-08-27 12:22:34.920] [init-stage-logger] [info] Configuration file 'ParametricBaseProvider.xml' is loaded.
[2025-08-27 12:22:34.920] [init-stage-logger] [info] Custom validating 'ParametricBaseProvider'..
[2025-08-27 12:22:34.920] [init-stage-logger] [info] Custom validated 'ParametricBaseProvider'.
[2025-08-27 12:22:34.920] [init-stage-logger] [info] Applying 'ParametricBaseProvider'..
[2025-08-27 12:22:34.920] [init-stage-logger] [info] Applied 'ParametricBaseProvider'.
[2025-08-27 12:22:34.920] [init-stage-logger] [info] Getting next configuration schema...
[2025-08-27 12:22:34.920] [init-stage-logger] [info] Got schema for: LogManager
[2025-08-27 12:22:34.920] [init-stage-logger] [info] Loading configuration file 'LogManager.xml'..
[2025-08-27 12:22:34.920] [init-stage-logger] [info] Configuration file 'LogManager.xml' is loaded.
[2025-08-27 12:22:34.920] [init-stage-logger] [info] Custom validating 'LogManager'..
[2025-08-27 12:22:34.920] [init-stage-logger] [info] Custom validated 'LogManager'.
[2025-08-27 12:22:34.920] [init-stage-logger] [info] Applying 'LogManager'..
[2025-08-27 12:22:34.920] [init-stage-logger] [info] Applied 'LogManager'.
[2025-08-27 12:22:34.920] [init-stage-logger] [info] Getting next configuration schema...
[2025-08-27 12:22:34.920] [init-stage-logger] [info] Got schema for: GuidedModeController
[2025-08-27 12:22:34.920] [init-stage-logger] [info] Loading configuration file 'GuidedModeController.xml'..
[2025-08-27 12:22:34.921] [init-stage-logger] [info] Configuration file 'GuidedModeController.xml' is loaded.
[2025-08-27 12:22:34.921] [init-stage-logger] [info] Custom validating 'GuidedModeController'..
[2025-08-27 12:22:34.921] [init-stage-logger] [info] Custom validated 'GuidedModeController'.
[2025-08-27 12:22:34.921] [init-stage-logger] [info] Applying 'GuidedModeController'..
[2025-08-27 12:22:34.921] [init-stage-logger] [info] Applied 'GuidedModeController'.
[2025-08-27 12:22:34.921] [init-stage-logger] [info] Getting next configuration schema...
[2025-08-27 12:22:34.921] [init-stage-logger] [info] Got schema for: ShutDownRestart
[2025-08-27 12:22:34.921] [init-stage-logger] [info] Loading configuration file 'ShutDownRestart.xml'..
[2025-08-27 12:22:34.921] [init-stage-logger] [info] Configuration file 'ShutDownRestart.xml' is loaded.
[2025-08-27 12:22:34.921] [init-stage-logger] [info] Custom validating 'ShutDownRestart'..
[2025-08-27 12:22:34.921] [init-stage-logger] [info] Custom validated 'ShutDownRestart'.
[2025-08-27 12:22:34.921] [init-stage-logger] [info] Applying 'ShutDownRestart'..
[2025-08-27 12:22:34.921] [init-stage-logger] [info] Applied 'ShutDownRestart'.
[2025-08-27 12:22:34.921] [init-stage-logger] [info] Getting next configuration schema...
[2025-08-27 12:22:34.921] [init-stage-logger] [info] Got schema for: AutorunController
[2025-08-27 12:22:34.921] [init-stage-logger] [info] Loading configuration file 'AutorunController.xml'..
[2025-08-27 12:22:34.921] [init-stage-logger] [info] Configuration file 'AutorunController.xml' is loaded.
[2025-08-27 12:22:34.921] [init-stage-logger] [info] Custom validating 'AutorunController'..
[2025-08-27 12:22:34.921] [init-stage-logger] [info] Custom validated 'AutorunController'.
[2025-08-27 12:22:34.921] [init-stage-logger] [info] Applying 'AutorunController'..
[2025-08-27 12:22:34.921] [init-stage-logger] [info] Applied 'AutorunController'.
[2025-08-27 12:22:34.921] [init-stage-logger] [info] Getting next configuration schema...
[2025-08-27 12:22:34.921] [init-stage-logger] [info] Got schema for: DatagramTransceiver
[2025-08-27 12:22:34.921] [init-stage-logger] [info] Loading configuration file 'DatagramTransceiver.xml'..
[2025-08-27 12:22:34.922] [init-stage-logger] [info] Configuration file 'DatagramTransceiver.xml' is loaded.
[2025-08-27 12:22:34.922] [init-stage-logger] [info] Custom validating 'DatagramTransceiver'..
[2025-08-27 12:22:34.922] [init-stage-logger] [info] Custom validated 'DatagramTransceiver'.
[2025-08-27 12:22:34.922] [init-stage-logger] [info] Applying 'DatagramTransceiver'..
[2025-08-27 12:22:34.922] [init-stage-logger] [info] Applied 'DatagramTransceiver'.
[2025-08-27 12:22:34.922] [init-stage-logger] [info] Getting next configuration schema...
[2025-08-27 12:22:34.922] [init-stage-logger] [info] Got schema for: IntermachineTasksController
[2025-08-27 12:22:34.922] [init-stage-logger] [info] Loading configuration file 'IntermachineTasksController.xml'..
[2025-08-27 12:22:34.922] [init-stage-logger] [info] Configuration file 'IntermachineTasksController.xml' is loaded.
[2025-08-27 12:22:34.922] [init-stage-logger] [info] Custom validating 'IntermachineTasksController'..
[2025-08-27 12:22:34.922] [init-stage-logger] [info] Custom validated 'IntermachineTasksController'.
[2025-08-27 12:22:34.922] [init-stage-logger] [info] Applying 'IntermachineTasksController'..
[2025-08-27 12:22:34.922] [init-stage-logger] [info] Applied 'IntermachineTasksController'.
[2025-08-27 12:22:34.922] [init-stage-logger] [info] Getting next configuration schema...
[2025-08-27 12:22:34.922] [init-stage-logger] [info] Got schema for: UserAlarmsHandler
[2025-08-27 12:22:34.922] [init-stage-logger] [info] Loading configuration file 'UserAlarmsHandler.xml'..
[2025-08-27 12:22:34.922] [init-stage-logger] [info] Configuration file 'UserAlarmsHandler.xml' is loaded.
[2025-08-27 12:22:34.922] [init-stage-logger] [info] Custom validating 'UserAlarmsHandler'..
[2025-08-27 12:22:34.922] [init-stage-logger] [info] Custom validated 'UserAlarmsHandler'.
[2025-08-27 12:22:34.922] [init-stage-logger] [info] Applying 'UserAlarmsHandler'..
[2025-08-27 12:22:34.922] [init-stage-logger] [info] Applied 'UserAlarmsHandler'.
[2025-08-27 12:22:34.922] [init-stage-logger] [info] Getting next configuration schema...
[2025-08-27 12:22:34.922] [init-stage-logger] [info] Got schema for: UserConfigurationManager
[2025-08-27 12:22:34.922] [init-stage-logger] [info] Loading configuration file 'UserConfigurationManager.xml'..
[2025-08-27 12:22:34.922] [init-stage-logger] [info] Configuration file 'UserConfigurationManager.xml' is loaded.
[2025-08-27 12:22:34.922] [init-stage-logger] [info] Custom validating 'UserConfigurationManager'..
[2025-08-27 12:22:34.922] [init-stage-logger] [info] Custom validated 'UserConfigurationManager'.
[2025-08-27 12:22:34.922] [init-stage-logger] [info] Applying 'UserConfigurationManager'..
[2025-08-27 12:22:34.922] [init-stage-logger] [info] Applied 'UserConfigurationManager'.
[2025-08-27 12:22:34.922] [init-stage-logger] [info] Getting next configuration schema...
[2025-08-27 12:22:34.922] [init-stage-logger] [info] Got schema for: JogMotion
[2025-08-27 12:22:34.922] [init-stage-logger] [info] Loading configuration file 'JogMotion.xml'..
[2025-08-27 12:22:34.922] [init-stage-logger] [info] Configuration file 'JogMotion.xml' is loaded.
[2025-08-27 12:22:34.922] [init-stage-logger] [info] Custom validating 'JogMotion'..
[2025-08-27 12:22:34.922] [init-stage-logger] [info] Custom validated 'JogMotion'.
[2025-08-27 12:22:34.922] [init-stage-logger] [info] Applying 'JogMotion'..
[2025-08-27 12:22:34.922] [init-stage-logger] [info] Applied 'JogMotion'.
[2025-08-27 12:22:34.922] [init-stage-logger] [info] Getting next configuration schema...
[2025-08-27 12:22:34.922] [init-stage-logger] [info] Got schema for: Signals
[2025-08-27 12:22:34.922] [init-stage-logger] [info] Loading configuration file 'Signals.xml'..
[2025-08-27 12:22:34.922] [init-stage-logger] [info] Configuration file 'Signals.xml' is loaded.
[2025-08-27 12:22:34.923] [init-stage-logger] [info] Custom validating 'Signals'..
[2025-08-27 12:22:34.923] [init-stage-logger] [info] Custom validated 'Signals'.
[2025-08-27 12:22:34.923] [init-stage-logger] [info] Applying 'Signals'..
[2025-08-27 12:22:34.923] [init-stage-logger] [info] Loading configuration file 'ModbusTCPBusForDevice/weld_source.xml'..
[2025-08-27 12:22:34.923] [init-stage-logger] [info] Configuration file 'ModbusTCPBusForDevice/weld_source.xml' is loaded.
[2025-08-27 12:22:34.923] [init-stage-logger] [info] Custom validating 'ModbusTCPBusForDevice'..
[2025-08-27 12:22:34.923] [init-stage-logger] [info] Custom validated 'ModbusTCPBusForDevice'.
[2025-08-27 12:22:34.923] [init-stage-logger] [info] Applying 'ModbusTCPBusForDevice'..
[2025-08-27 12:22:34.923] [init-stage-logger] [info] Applied 'ModbusTCPBusForDevice'.
[2025-08-27 12:22:34.923] [init-stage-logger] [info] Loading configuration file 'RcsDIDO/dido.xml'..
[2025-08-27 12:22:34.923] [init-stage-logger] [info] Configuration file 'RcsDIDO/dido.xml' is loaded.
[2025-08-27 12:22:34.923] [init-stage-logger] [info] Custom validating 'RcsDIDO'..
[2025-08-27 12:22:34.923] [init-stage-logger] [info] Custom validated 'RcsDIDO'.
[2025-08-27 12:22:34.923] [init-stage-logger] [info] Applying 'RcsDIDO'..
[2025-08-27 12:22:34.923] [init-stage-logger] [info] Applied 'RcsDIDO'.
[2025-08-27 12:22:34.923] [init-stage-logger] [info] Applied 'Signals'.
[2025-08-27 12:22:34.923] [init-stage-logger] [info] Getting next configuration schema...
[2025-08-27 12:22:34.923] [init-stage-logger] [info] Got schema for: DrivesControllerV2
[2025-08-27 12:22:34.923] [init-stage-logger] [info] Loading configuration file 'DrivesControllerV2.xml'..
[2025-08-27 12:22:34.923] [init-stage-logger] [info] Configuration file 'DrivesControllerV2.xml' is loaded.
[2025-08-27 12:22:34.923] [init-stage-logger] [info] Custom validating 'DrivesControllerV2'..
[2025-08-27 12:22:34.923] [init-stage-logger] [info] Custom validated 'DrivesControllerV2'.
[2025-08-27 12:22:34.923] [init-stage-logger] [info] Applying 'DrivesControllerV2'..
[2025-08-27 12:22:35.024] [init-stage-logger] [info] Applied 'DrivesControllerV2'.
[2025-08-27 12:22:35.024] [init-stage-logger] [info] Getting next configuration schema...
[2025-08-27 12:22:35.024] [init-stage-logger] [info] Got schema for: SplinePathGeneratorInfo
[2025-08-27 12:22:35.024] [init-stage-logger] [info] Loading configuration file 'SplinePathGeneratorInfo.xml'..
[2025-08-27 12:22:35.026] [init-stage-logger] [info] Configuration file 'SplinePathGeneratorInfo.xml' is loaded.
[2025-08-27 12:22:35.026] [init-stage-logger] [info] Custom validating 'SplinePathGeneratorInfo'..
[2025-08-27 12:22:35.026] [init-stage-logger] [info] Custom validated 'SplinePathGeneratorInfo'.
[2025-08-27 12:22:35.026] [init-stage-logger] [info] Applying 'SplinePathGeneratorInfo'..
[2025-08-27 12:22:35.026] [init-stage-logger] [info] Applied 'SplinePathGeneratorInfo'.
[2025-08-27 12:22:35.026] [init-stage-logger] [info] Getting next configuration schema...
[2025-08-27 12:22:35.026] [init-stage-logger] [info] Got schema for: TargetAtTimeExecutor
[2025-08-27 12:22:35.026] [init-stage-logger] [info] Loading configuration file 'TargetAtTimeExecutor.xml'..
[2025-08-27 12:22:35.027] [init-stage-logger] [info] Configuration file 'TargetAtTimeExecutor.xml' is loaded.
[2025-08-27 12:22:35.027] [init-stage-logger] [info] Custom validating 'TargetAtTimeExecutor'..
[2025-08-27 12:22:35.027] [init-stage-logger] [info] Custom validated 'TargetAtTimeExecutor'.
[2025-08-27 12:22:35.027] [init-stage-logger] [info] Applying 'TargetAtTimeExecutor'..
[2025-08-27 12:22:35.027] [init-stage-logger] [info] Applied 'TargetAtTimeExecutor'.
[2025-08-27 12:22:35.027] [init-stage-logger] [info] Getting next configuration schema...
[2025-08-27 12:22:35.027] [init-stage-logger] [info] Got schema for: SdcLog
[2025-08-27 12:22:35.027] [init-stage-logger] [info] Loading configuration file 'SdcLog.xml'..
[2025-08-27 12:22:35.027] [init-stage-logger] [info] Configuration file 'SdcLog.xml' is loaded.
[2025-08-27 12:22:35.027] [init-stage-logger] [info] Custom validating 'SdcLog'..
[2025-08-27 12:22:35.027] [init-stage-logger] [info] Custom validated 'SdcLog'.
[2025-08-27 12:22:35.027] [init-stage-logger] [info] Applying 'SdcLog'..
[2025-08-27 12:22:35.027] [init-stage-logger] [info] Applied 'SdcLog'.
[2025-08-27 12:22:35.027] [init-stage-logger] [info] Getting next configuration schema...
[2025-08-27 12:22:35.027] [init-stage-logger] [info] Got schema for: RawMotionQueueControllerLog
[2025-08-27 12:22:35.027] [init-stage-logger] [info] Loading configuration file 'RawMotionQueueControllerLog.xml'..
[2025-08-27 12:22:35.028] [init-stage-logger] [info] Configuration file 'RawMotionQueueControllerLog.xml' is loaded.
[2025-08-27 12:22:35.028] [init-stage-logger] [info] Custom validating 'RawMotionQueueControllerLog'..
[2025-08-27 12:22:35.028] [init-stage-logger] [info] Custom validated 'RawMotionQueueControllerLog'.
[2025-08-27 12:22:35.028] [init-stage-logger] [info] Applying 'RawMotionQueueControllerLog'..
[2025-08-27 12:22:35.028] [init-stage-logger] [info] Applied 'RawMotionQueueControllerLog'.
[2025-08-27 12:22:35.028] [init-stage-logger] [info] Getting next configuration schema...
[2025-08-27 12:22:35.028] [init-stage-logger] [info] Got schema for: ExecutionControllerLog
[2025-08-27 12:22:35.028] [init-stage-logger] [info] Loading configuration file 'ExecutionControllerLog.xml'..
[2025-08-27 12:22:35.028] [init-stage-logger] [info] Configuration file 'ExecutionControllerLog.xml' is loaded.
[2025-08-27 12:22:35.028] [init-stage-logger] [info] Custom validating 'ExecutionControllerLog'..
[2025-08-27 12:22:35.028] [init-stage-logger] [info] Custom validated 'ExecutionControllerLog'.
[2025-08-27 12:22:35.028] [init-stage-logger] [info] Applying 'ExecutionControllerLog'..
[2025-08-27 12:22:35.028] [init-stage-logger] [info] Applied 'ExecutionControllerLog'.
[2025-08-27 12:22:35.029] [init-stage-logger] [info] Getting next configuration schema...
[2025-08-27 12:22:35.029] [init-stage-logger] [info] Got schema for: TargetAtTimeMotionExecutorLog
[2025-08-27 12:22:35.029] [init-stage-logger] [info] Loading configuration file 'TargetAtTimeMotionExecutorLog.xml'..
[2025-08-27 12:22:35.029] [init-stage-logger] [info] Configuration file 'TargetAtTimeMotionExecutorLog.xml' is loaded.
[2025-08-27 12:22:35.029] [init-stage-logger] [info] Custom validating 'TargetAtTimeMotionExecutorLog'..
[2025-08-27 12:22:35.029] [init-stage-logger] [info] Custom validated 'TargetAtTimeMotionExecutorLog'.
[2025-08-27 12:22:35.029] [init-stage-logger] [info] Applying 'TargetAtTimeMotionExecutorLog'..
[2025-08-27 12:22:35.029] [init-stage-logger] [info] Applied 'TargetAtTimeMotionExecutorLog'.
[2025-08-27 12:22:35.029] [init-stage-logger] [info] Getting next configuration schema...
[2025-08-27 12:22:35.029] [init-stage-logger] [info] Got schema for: ScalableBufferSplineLog
[2025-08-27 12:22:35.029] [init-stage-logger] [info] Loading configuration file 'ScalableBufferSplineLog.xml'..
[2025-08-27 12:22:35.029] [init-stage-logger] [info] Configuration file 'ScalableBufferSplineLog.xml' is loaded.
[2025-08-27 12:22:35.029] [init-stage-logger] [info] Custom validating 'ScalableBufferSplineLog'..
[2025-08-27 12:22:35.029] [init-stage-logger] [info] Custom validated 'ScalableBufferSplineLog'.
[2025-08-27 12:22:35.029] [init-stage-logger] [info] Applying 'ScalableBufferSplineLog'..
[2025-08-27 12:22:35.029] [init-stage-logger] [info] Applied 'ScalableBufferSplineLog'.
[2025-08-27 12:22:35.030] [init-stage-logger] [info] Configuring DataProvider
[2025-08-27 12:22:35.030] [init-stage-logger] [info] Getting next configuration schema...
[2025-08-27 12:22:35.030] [init-stage-logger] [info] Got schema for: RcpDataProvider
[2025-08-27 12:22:35.030] [init-stage-logger] [info] Loading configuration file 'RcpDataProvider.xml'..
[2025-08-27 12:22:35.030] [init-stage-logger] [info] Configuration file 'RcpDataProvider.xml' is loaded.
[2025-08-27 12:22:35.030] [init-stage-logger] [info] Custom validating 'RcpDataProvider'..
[2025-08-27 12:22:35.030] [init-stage-logger] [info] Custom validated 'RcpDataProvider'.
[2025-08-27 12:22:35.030] [init-stage-logger] [info] Applying 'RcpDataProvider'..
[2025-08-27 12:22:35.031] [init-stage-logger] [info] Applied 'RcpDataProvider'.
[2025-08-27 12:22:35.031] [init-stage-logger] [info] Configuring RcRepository
[2025-08-27 12:22:35.031] [init-stage-logger] [info] Getting next configuration schema...
[2025-08-27 12:22:35.031] [init-stage-logger] [info] Got schema for: RcpRepositoryInfo
[2025-08-27 12:22:35.031] [init-stage-logger] [info] Loading configuration file 'RcpRepositoryInfo.xml'..
[2025-08-27 12:22:35.031] [init-stage-logger] [info] Configuration file 'RcpRepositoryInfo.xml' is loaded.
[2025-08-27 12:22:35.031] [init-stage-logger] [info] Custom validating 'RcpRepositoryInfo'..
[2025-08-27 12:22:35.031] [init-stage-logger] [info] Custom validated 'RcpRepositoryInfo'.
[2025-08-27 12:22:35.031] [init-stage-logger] [info] Applying 'RcpRepositoryInfo'..
[2025-08-27 12:22:35.031] [init-stage-logger] [info] Applied 'RcpRepositoryInfo'.
[2025-08-27 12:22:35.031] [init-stage-logger] [info] Configuring ProgramIntepreter
[2025-08-27 12:22:35.031] [init-stage-logger] [info] Getting next configuration schema...
[2025-08-27 12:22:35.031] [init-stage-logger] [info] Got schema for: RcProgramInterpreter
[2025-08-27 12:22:35.031] [init-stage-logger] [info] Loading configuration file 'RcProgramInterpreter.xml'..
[2025-08-27 12:22:35.031] [init-stage-logger] [info] Configuration file 'RcProgramInterpreter.xml' is loaded.
[2025-08-27 12:22:35.031] [init-stage-logger] [info] Custom validating 'RcProgramInterpreter'..
[2025-08-27 12:22:35.031] [init-stage-logger] [info] Custom validated 'RcProgramInterpreter'.
[2025-08-27 12:22:35.031] [init-stage-logger] [info] Applying 'RcProgramInterpreter'..
[2025-08-27 12:22:35.032] [init-stage-logger] [info] Applied 'RcProgramInterpreter'.
[2025-08-27 12:22:35.032] [init-stage-logger] [info] Getting next configuration schema...
[2025-08-27 12:22:35.032] [init-stage-logger] [info] Got schema for: gcode_logger
[2025-08-27 12:22:35.032] [init-stage-logger] [info] Loading configuration file 'gcode_logger.xml'..
[2025-08-27 12:22:35.032] [init-stage-logger] [info] Configuration file 'gcode_logger.xml' is loaded.
[2025-08-27 12:22:35.032] [init-stage-logger] [info] Custom validating 'gcode_logger'..
[2025-08-27 12:22:35.032] [init-stage-logger] [info] Custom validated 'gcode_logger'.
[2025-08-27 12:22:35.032] [init-stage-logger] [info] Applying 'gcode_logger'..
[2025-08-27 12:22:35.032] [init-stage-logger] [info] Applied 'gcode_logger'.
[2025-08-27 12:22:35.034] [init-stage-logger] [info] Getting next configuration schema...
[2025-08-27 12:22:35.034] [init-stage-logger] [info] Got schema for: ApiServerData
[2025-08-27 12:22:35.034] [init-stage-logger] [info] Loading configuration file 'ApiServerData.xml'..
[2025-08-27 12:22:35.034] [init-stage-logger] [info] Configuration file 'ApiServerData.xml' is loaded.
[2025-08-27 12:22:35.034] [init-stage-logger] [info] Custom validating 'ApiServerData'..
[2025-08-27 12:22:35.034] [init-stage-logger] [info] Custom validated 'ApiServerData'.
[2025-08-27 12:22:35.034] [init-stage-logger] [info] Applying 'ApiServerData'..
[2025-08-27 12:22:35.034] [init-stage-logger] [info] Applied 'ApiServerData'.
[2025-08-27 12:22:35.034] [init-stage-logger] [info] Getting next configuration schema...
[2025-08-27 12:22:35.034] [init-stage-logger] [info] Got schema for: WidgetHandler
[2025-08-27 12:22:35.034] [init-stage-logger] [info] Loading configuration file 'WidgetHandler.xml'..
[2025-08-27 12:22:35.034] [init-stage-logger] [info] Configuration file 'WidgetHandler.xml' is loaded.
[2025-08-27 12:22:35.034] [init-stage-logger] [info] Custom validating 'WidgetHandler'..
[2025-08-27 12:22:35.034] [init-stage-logger] [info] Custom validated 'WidgetHandler'.
[2025-08-27 12:22:35.034] [init-stage-logger] [info] Applying 'WidgetHandler'..
[2025-08-27 12:22:35.034] [init-stage-logger] [info] Applied 'WidgetHandler'.
[2025-08-27 12:22:35.034] [init-stage-logger] [info] Getting next configuration schema...
[2025-08-27 12:22:35.034] [init-stage-logger] [info] Got schema for: RcProgramRunHandler
[2025-08-27 12:22:35.034] [init-stage-logger] [info] Loading configuration file 'RcProgramRunHandler.xml'..
[2025-08-27 12:22:35.034] [init-stage-logger] [info] Configuration file 'RcProgramRunHandler.xml' is loaded.
[2025-08-27 12:22:35.034] [init-stage-logger] [info] Custom validating 'RcProgramRunHandler'..
[2025-08-27 12:22:35.034] [init-stage-logger] [info] Custom validated 'RcProgramRunHandler'.
[2025-08-27 12:22:35.034] [init-stage-logger] [info] Applying 'RcProgramRunHandler'..
[2025-08-27 12:22:35.034] [init-stage-logger] [info] Applied 'RcProgramRunHandler'.
[2025-08-27 12:22:35.034] [init-stage-logger] [info] Getting next configuration schema...
[2025-08-27 12:22:35.034] [init-stage-logger] [info] Got schema for: ToolsAndFramesCalibration
[2025-08-27 12:22:35.034] [init-stage-logger] [info] Loading configuration file 'ToolsAndFramesCalibration.xml'..
[2025-08-27 12:22:35.034] [init-stage-logger] [info] Configuration file 'ToolsAndFramesCalibration.xml' is loaded.
[2025-08-27 12:22:35.034] [init-stage-logger] [info] Custom validating 'ToolsAndFramesCalibration'..
[2025-08-27 12:22:35.034] [init-stage-logger] [info] Custom validated 'ToolsAndFramesCalibration'.
[2025-08-27 12:22:35.034] [init-stage-logger] [info] Applying 'ToolsAndFramesCalibration'..
[2025-08-27 12:22:35.034] [init-stage-logger] [info] Applied 'ToolsAndFramesCalibration'.
[2025-08-27 12:22:35.034] [init-stage-logger] [info] loading addons
[2025-08-27 12:22:35.034] [init-stage-logger] [info] finished init, now running
[2025-08-27 12:22:35.130] [init-stage-logger] [info] Getting next configuration schema...
[2025-08-27 12:22:35.130] [init-stage-logger] [info] Got schema for: RcsGCodeInterpreter
[2025-08-27 12:22:35.130] [init-stage-logger] [info] Loading configuration file 'RcsGCodeInterpreter.xml'..
[2025-08-27 12:22:35.131] [init-stage-logger] [info] Configuration file 'RcsGCodeInterpreter.xml' is loaded.
[2025-08-27 12:22:35.131] [init-stage-logger] [info] Custom validating 'RcsGCodeInterpreter'..
[2025-08-27 12:22:35.131] [init-stage-logger] [info] Custom validated 'RcsGCodeInterpreter'.
[2025-08-27 12:22:35.131] [init-stage-logger] [info] Applying 'RcsGCodeInterpreter'..
[2025-08-27 12:22:35.131] [init-stage-logger] [info] Applied 'RcsGCodeInterpreter'.
[2025-08-27 12:22:35.131] [init-stage-logger] [info] Getting next configuration schema...
[2025-08-27 12:22:35.131] [init-stage-logger] [info] Got schema for: OpcUa
[2025-08-27 12:22:35.131] [init-stage-logger] [info] Loading configuration file 'OpcUa.xml'..
[2025-08-27 12:22:35.131] [init-stage-logger] [info] Configuration file 'OpcUa.xml' is loaded.
[2025-08-27 12:22:35.131] [init-stage-logger] [info] Custom validating 'OpcUa'..
[2025-08-27 12:22:35.131] [init-stage-logger] [info] Custom validated 'OpcUa'.
[2025-08-27 12:22:35.131] [init-stage-logger] [info] Applying 'OpcUa'..
[2025-08-27 12:22:35.131] [init-stage-logger] [info] Applied 'OpcUa'.
[2025-08-27 12:22:35.132] [init-stage-logger] [info] Getting next configuration schema...
[2025-08-27 12:22:35.132] [init-stage-logger] [info] Got schema for: OpcUaServer
[2025-08-27 12:22:35.132] [init-stage-logger] [info] Loading configuration file 'OpcUaServer.xml'..
[2025-08-27 12:22:35.132] [init-stage-logger] [info] Configuration file 'OpcUaServer.xml' is loaded.
[2025-08-27 12:22:35.132] [init-stage-logger] [info] Custom validating 'OpcUaServer'..
[2025-08-27 12:22:35.132] [init-stage-logger] [info] Custom validated 'OpcUaServer'.
[2025-08-27 12:22:35.132] [init-stage-logger] [info] Applying 'OpcUaServer'..
[2025-08-27 12:22:35.155] [init-stage-logger] [info] Applied 'OpcUaServer'.
[2025-08-27 12:23:47.219] [init-stage-logger] [info] Static logger was initialized
[2025-08-27 12:23:47.221] [init-stage-logger] [info] Getting next configuration schema...
[2025-08-27 12:23:47.221] [init-stage-logger] [info] Got schema for: FilesystemEventsLogger
[2025-08-27 12:23:47.221] [init-stage-logger] [info] Loading configuration file 'FilesystemEventsLogger.xml'..
[2025-08-27 12:23:47.221] [init-stage-logger] [info] Configuration file 'FilesystemEventsLogger.xml' is loaded.
[2025-08-27 12:23:47.221] [init-stage-logger] [info] Custom validating 'FilesystemEventsLogger'..
[2025-08-27 12:23:47.221] [init-stage-logger] [info] Custom validated 'FilesystemEventsLogger'.
[2025-08-27 12:23:47.221] [init-stage-logger] [info] Applying 'FilesystemEventsLogger'..
[2025-08-27 12:23:47.221] [init-stage-logger] [info] Applied 'FilesystemEventsLogger'.
[2025-08-27 12:23:47.222] [init-stage-logger] [info] Creating extension provider
[2025-08-27 12:23:47.222] [init-stage-logger] [info] Getting next configuration schema...
[2025-08-27 12:23:47.222] [init-stage-logger] [info] Got schema for: AddonManager
[2025-08-27 12:23:47.222] [init-stage-logger] [info] Loading configuration file 'AddonManager.xml'..
[2025-08-27 12:23:47.222] [init-stage-logger] [info] Configuration file 'AddonManager.xml' is loaded.
[2025-08-27 12:23:47.222] [init-stage-logger] [info] Custom validating 'AddonManager'..
[2025-08-27 12:23:47.222] [init-stage-logger] [info] Custom validated 'AddonManager'.
[2025-08-27 12:23:47.222] [init-stage-logger] [info] Applying 'AddonManager'..
[2025-08-27 12:23:47.222] [init-stage-logger] [info] Applied 'AddonManager'.
[2025-08-27 12:23:47.222] [init-stage-logger] [info] Getting next configuration schema...
[2025-08-27 12:23:47.222] [init-stage-logger] [info] Got schema for: ExtensionProvider
[2025-08-27 12:23:47.222] [init-stage-logger] [info] Loading configuration file 'ExtensionProvider.xml'..
[2025-08-27 12:23:47.222] [init-stage-logger] [info] Configuration file 'ExtensionProvider.xml' is loaded.
[2025-08-27 12:23:47.222] [init-stage-logger] [info] Custom validating 'ExtensionProvider'..
[2025-08-27 12:23:47.222] [init-stage-logger] [info] Custom validated 'ExtensionProvider'.
[2025-08-27 12:23:47.222] [init-stage-logger] [info] Applying 'ExtensionProvider'..
[2025-08-27 12:23:47.235] [init-stage-logger] [info] Applied 'ExtensionProvider'.
[2025-08-27 12:23:47.235] [init-stage-logger] [info] Initializing robot selector
[2025-08-27 12:23:47.235] [init-stage-logger] [info] Getting next configuration schema...
[2025-08-27 12:23:47.235] [init-stage-logger] [info] Got schema for: RobotSelector
[2025-08-27 12:23:47.235] [init-stage-logger] [info] Loading configuration file 'RobotSelector.xml'..
[2025-08-27 12:23:47.236] [init-stage-logger] [info] Configuration file 'RobotSelector.xml' is loaded.
[2025-08-27 12:23:47.236] [init-stage-logger] [info] Custom validating 'RobotSelector'..
[2025-08-27 12:23:47.236] [init-stage-logger] [info] Custom validated 'RobotSelector'.
[2025-08-27 12:23:47.236] [init-stage-logger] [info] Applying 'RobotSelector'..
[2025-08-27 12:23:47.236] [init-stage-logger] [info] Applied 'RobotSelector'.
[2025-08-27 12:23:47.236] [init-stage-logger] [info] Creating Robot object
[2025-08-27 12:23:47.236] [init-stage-logger] [info] Getting next configuration schema...
[2025-08-27 12:23:47.236] [init-stage-logger] [info] Got schema for: DhChain
[2025-08-27 12:23:47.236] [init-stage-logger] [info] Loading configuration file 'DhChain.xml'..
[2025-08-27 12:23:47.236] [init-stage-logger] [info] Configuration file 'DhChain.xml' is loaded.
[2025-08-27 12:23:47.236] [init-stage-logger] [info] Custom validating 'DhChain'..
[2025-08-27 12:23:47.236] [init-stage-logger] [info] Custom validated 'DhChain'.
[2025-08-27 12:23:47.236] [init-stage-logger] [info] Applying 'DhChain'..
[2025-08-27 12:23:47.237] [init-stage-logger] [info] Applied 'DhChain'.
[2025-08-27 12:23:47.238] [init-stage-logger] [info] Creating Server socket
[2025-08-27 12:23:47.238] [init-stage-logger] [info] Configuring Server socket
[2025-08-27 12:23:47.238] [init-stage-logger] [info] Getting next configuration schema...
[2025-08-27 12:23:47.238] [init-stage-logger] [info] Got schema for: NetworkLogger
[2025-08-27 12:23:47.238] [init-stage-logger] [info] Loading configuration file 'NetworkLogger.xml'..
[2025-08-27 12:23:47.238] [init-stage-logger] [info] Configuration file 'NetworkLogger.xml' is loaded.
[2025-08-27 12:23:47.238] [init-stage-logger] [info] Custom validating 'NetworkLogger'..
[2025-08-27 12:23:47.238] [init-stage-logger] [info] Custom validated 'NetworkLogger'.
[2025-08-27 12:23:47.238] [init-stage-logger] [info] Applying 'NetworkLogger'..
[2025-08-27 12:23:47.238] [init-stage-logger] [info] Applied 'NetworkLogger'.
[2025-08-27 12:23:47.238] [init-stage-logger] [info] Getting next configuration schema...
[2025-08-27 12:23:47.238] [init-stage-logger] [info] Got schema for: AccessManager
[2025-08-27 12:23:47.238] [init-stage-logger] [info] Loading configuration file 'AccessManager.xml'..
[2025-08-27 12:23:47.239] [init-stage-logger] [info] Configuration file 'AccessManager.xml' is loaded.
[2025-08-27 12:23:47.239] [init-stage-logger] [info] Custom validating 'AccessManager'..
[2025-08-27 12:23:47.239] [init-stage-logger] [info] Custom validated 'AccessManager'.
[2025-08-27 12:23:47.239] [init-stage-logger] [info] Applying 'AccessManager'..
[2025-08-27 12:23:47.239] [init-stage-logger] [info] Applied 'AccessManager'.
[2025-08-27 12:23:47.239] [init-stage-logger] [info] Getting next configuration schema...
[2025-08-27 12:23:47.239] [init-stage-logger] [info] Got schema for: MessageCollector
[2025-08-27 12:23:47.239] [init-stage-logger] [info] Loading configuration file 'MessageCollector.xml'..
[2025-08-27 12:23:47.239] [init-stage-logger] [info] Configuration file 'MessageCollector.xml' is loaded.
[2025-08-27 12:23:47.239] [init-stage-logger] [info] Custom validating 'MessageCollector'..
[2025-08-27 12:23:47.239] [init-stage-logger] [info] Custom validated 'MessageCollector'.
[2025-08-27 12:23:47.239] [init-stage-logger] [info] Applying 'MessageCollector'..
[2025-08-27 12:23:47.239] [init-stage-logger] [info] Applied 'MessageCollector'.
[2025-08-27 12:23:47.239] [init-stage-logger] [info] Getting next configuration schema...
[2025-08-27 12:23:47.239] [init-stage-logger] [info] Got schema for: RareData
[2025-08-27 12:23:47.239] [init-stage-logger] [info] Loading configuration file 'RareData.xml'..
[2025-08-27 12:23:47.239] [init-stage-logger] [info] Configuration file 'RareData.xml' is loaded.
[2025-08-27 12:23:47.239] [init-stage-logger] [info] Custom validating 'RareData'..
[2025-08-27 12:23:47.239] [init-stage-logger] [info] Custom validated 'RareData'.
[2025-08-27 12:23:47.239] [init-stage-logger] [info] Applying 'RareData'..
[2025-08-27 12:23:47.239] [init-stage-logger] [info] Applied 'RareData'.
[2025-08-27 12:23:47.239] [init-stage-logger] [info] Getting next configuration schema...
[2025-08-27 12:23:47.239] [init-stage-logger] [info] Got schema for: SoftwareSafetyState
[2025-08-27 12:23:47.239] [init-stage-logger] [info] Loading configuration file 'SoftwareSafetyState.xml'..
[2025-08-27 12:23:47.239] [init-stage-logger] [info] Configuration file 'SoftwareSafetyState.xml' is loaded.
[2025-08-27 12:23:47.239] [init-stage-logger] [info] Custom validating 'SoftwareSafetyState'..
[2025-08-27 12:23:47.239] [init-stage-logger] [info] Custom validated 'SoftwareSafetyState'.
[2025-08-27 12:23:47.239] [init-stage-logger] [info] Applying 'SoftwareSafetyState'..
[2025-08-27 12:23:47.239] [init-stage-logger] [info] Applied 'SoftwareSafetyState'.
[2025-08-27 12:23:47.239] [init-stage-logger] [info] Getting next configuration schema...
[2025-08-27 12:23:47.239] [init-stage-logger] [info] Got schema for: ParametricBaseProvider
[2025-08-27 12:23:47.239] [init-stage-logger] [info] Loading configuration file 'ParametricBaseProvider.xml'..
[2025-08-27 12:23:47.239] [init-stage-logger] [info] Configuration file 'ParametricBaseProvider.xml' is loaded.
[2025-08-27 12:23:47.239] [init-stage-logger] [info] Custom validating 'ParametricBaseProvider'..
[2025-08-27 12:23:47.239] [init-stage-logger] [info] Custom validated 'ParametricBaseProvider'.
[2025-08-27 12:23:47.239] [init-stage-logger] [info] Applying 'ParametricBaseProvider'..
[2025-08-27 12:23:47.239] [init-stage-logger] [info] Applied 'ParametricBaseProvider'.
[2025-08-27 12:23:47.239] [init-stage-logger] [info] Getting next configuration schema...
[2025-08-27 12:23:47.239] [init-stage-logger] [info] Got schema for: LogManager
[2025-08-27 12:23:47.239] [init-stage-logger] [info] Loading configuration file 'LogManager.xml'..
[2025-08-27 12:23:47.239] [init-stage-logger] [info] Configuration file 'LogManager.xml' is loaded.
[2025-08-27 12:23:47.239] [init-stage-logger] [info] Custom validating 'LogManager'..
[2025-08-27 12:23:47.239] [init-stage-logger] [info] Custom validated 'LogManager'.
[2025-08-27 12:23:47.239] [init-stage-logger] [info] Applying 'LogManager'..
[2025-08-27 12:23:47.239] [init-stage-logger] [info] Applied 'LogManager'.
[2025-08-27 12:23:47.239] [init-stage-logger] [info] Getting next configuration schema...
[2025-08-27 12:23:47.240] [init-stage-logger] [info] Got schema for: GuidedModeController
[2025-08-27 12:23:47.240] [init-stage-logger] [info] Loading configuration file 'GuidedModeController.xml'..
[2025-08-27 12:23:47.240] [init-stage-logger] [info] Configuration file 'GuidedModeController.xml' is loaded.
[2025-08-27 12:23:47.240] [init-stage-logger] [info] Custom validating 'GuidedModeController'..
[2025-08-27 12:23:47.240] [init-stage-logger] [info] Custom validated 'GuidedModeController'.
[2025-08-27 12:23:47.240] [init-stage-logger] [info] Applying 'GuidedModeController'..
[2025-08-27 12:23:47.240] [init-stage-logger] [info] Applied 'GuidedModeController'.
[2025-08-27 12:23:47.240] [init-stage-logger] [info] Getting next configuration schema...
[2025-08-27 12:23:47.240] [init-stage-logger] [info] Got schema for: ShutDownRestart
[2025-08-27 12:23:47.240] [init-stage-logger] [info] Loading configuration file 'ShutDownRestart.xml'..
[2025-08-27 12:23:47.240] [init-stage-logger] [info] Configuration file 'ShutDownRestart.xml' is loaded.
[2025-08-27 12:23:47.240] [init-stage-logger] [info] Custom validating 'ShutDownRestart'..
[2025-08-27 12:23:47.240] [init-stage-logger] [info] Custom validated 'ShutDownRestart'.
[2025-08-27 12:23:47.240] [init-stage-logger] [info] Applying 'ShutDownRestart'..
[2025-08-27 12:23:47.240] [init-stage-logger] [info] Applied 'ShutDownRestart'.
[2025-08-27 12:23:47.240] [init-stage-logger] [info] Getting next configuration schema...
[2025-08-27 12:23:47.240] [init-stage-logger] [info] Got schema for: AutorunController
[2025-08-27 12:23:47.240] [init-stage-logger] [info] Loading configuration file 'AutorunController.xml'..
[2025-08-27 12:23:47.240] [init-stage-logger] [info] Configuration file 'AutorunController.xml' is loaded.
[2025-08-27 12:23:47.240] [init-stage-logger] [info] Custom validating 'AutorunController'..
[2025-08-27 12:23:47.240] [init-stage-logger] [info] Custom validated 'AutorunController'.
[2025-08-27 12:23:47.240] [init-stage-logger] [info] Applying 'AutorunController'..
[2025-08-27 12:23:47.240] [init-stage-logger] [info] Applied 'AutorunController'.
[2025-08-27 12:23:47.240] [init-stage-logger] [info] Getting next configuration schema...
[2025-08-27 12:23:47.240] [init-stage-logger] [info] Got schema for: DatagramTransceiver
[2025-08-27 12:23:47.240] [init-stage-logger] [info] Loading configuration file 'DatagramTransceiver.xml'..
[2025-08-27 12:23:47.240] [init-stage-logger] [info] Configuration file 'DatagramTransceiver.xml' is loaded.
[2025-08-27 12:23:47.240] [init-stage-logger] [info] Custom validating 'DatagramTransceiver'..
[2025-08-27 12:23:47.240] [init-stage-logger] [info] Custom validated 'DatagramTransceiver'.
[2025-08-27 12:23:47.240] [init-stage-logger] [info] Applying 'DatagramTransceiver'..
[2025-08-27 12:23:47.240] [init-stage-logger] [info] Applied 'DatagramTransceiver'.
[2025-08-27 12:23:47.240] [init-stage-logger] [info] Getting next configuration schema...
[2025-08-27 12:23:47.240] [init-stage-logger] [info] Got schema for: IntermachineTasksController
[2025-08-27 12:23:47.240] [init-stage-logger] [info] Loading configuration file 'IntermachineTasksController.xml'..
[2025-08-27 12:23:47.240] [init-stage-logger] [info] Configuration file 'IntermachineTasksController.xml' is loaded.
[2025-08-27 12:23:47.240] [init-stage-logger] [info] Custom validating 'IntermachineTasksController'..
[2025-08-27 12:23:47.240] [init-stage-logger] [info] Custom validated 'IntermachineTasksController'.
[2025-08-27 12:23:47.240] [init-stage-logger] [info] Applying 'IntermachineTasksController'..
[2025-08-27 12:23:47.240] [init-stage-logger] [info] Applied 'IntermachineTasksController'.
[2025-08-27 12:23:47.240] [init-stage-logger] [info] Getting next configuration schema...
[2025-08-27 12:23:47.240] [init-stage-logger] [info] Got schema for: UserAlarmsHandler
[2025-08-27 12:23:47.240] [init-stage-logger] [info] Loading configuration file 'UserAlarmsHandler.xml'..
[2025-08-27 12:23:47.240] [init-stage-logger] [info] Configuration file 'UserAlarmsHandler.xml' is loaded.
[2025-08-27 12:23:47.240] [init-stage-logger] [info] Custom validating 'UserAlarmsHandler'..
[2025-08-27 12:23:47.240] [init-stage-logger] [info] Custom validated 'UserAlarmsHandler'.
[2025-08-27 12:23:47.240] [init-stage-logger] [info] Applying 'UserAlarmsHandler'..
[2025-08-27 12:23:47.240] [init-stage-logger] [info] Applied 'UserAlarmsHandler'.
[2025-08-27 12:23:47.240] [init-stage-logger] [info] Getting next configuration schema...
[2025-08-27 12:23:47.241] [init-stage-logger] [info] Got schema for: UserConfigurationManager
[2025-08-27 12:23:47.241] [init-stage-logger] [info] Loading configuration file 'UserConfigurationManager.xml'..
[2025-08-27 12:23:47.241] [init-stage-logger] [info] Configuration file 'UserConfigurationManager.xml' is loaded.
[2025-08-27 12:23:47.241] [init-stage-logger] [info] Custom validating 'UserConfigurationManager'..
[2025-08-27 12:23:47.241] [init-stage-logger] [info] Custom validated 'UserConfigurationManager'.
[2025-08-27 12:23:47.241] [init-stage-logger] [info] Applying 'UserConfigurationManager'..
[2025-08-27 12:23:47.241] [init-stage-logger] [info] Applied 'UserConfigurationManager'.
[2025-08-27 12:23:47.241] [init-stage-logger] [info] Getting next configuration schema...
[2025-08-27 12:23:47.241] [init-stage-logger] [info] Got schema for: JogMotion
[2025-08-27 12:23:47.241] [init-stage-logger] [info] Loading configuration file 'JogMotion.xml'..
[2025-08-27 12:23:47.241] [init-stage-logger] [info] Configuration file 'JogMotion.xml' is loaded.
[2025-08-27 12:23:47.241] [init-stage-logger] [info] Custom validating 'JogMotion'..
[2025-08-27 12:23:47.241] [init-stage-logger] [info] Custom validated 'JogMotion'.
[2025-08-27 12:23:47.241] [init-stage-logger] [info] Applying 'JogMotion'..
[2025-08-27 12:23:47.241] [init-stage-logger] [info] Applied 'JogMotion'.
[2025-08-27 12:23:47.241] [init-stage-logger] [info] Getting next configuration schema...
[2025-08-27 12:23:47.241] [init-stage-logger] [info] Got schema for: Signals
[2025-08-27 12:23:47.241] [init-stage-logger] [info] Loading configuration file 'Signals.xml'..
[2025-08-27 12:23:47.242] [init-stage-logger] [info] Configuration file 'Signals.xml' is loaded.
[2025-08-27 12:23:47.242] [init-stage-logger] [info] Custom validating 'Signals'..
[2025-08-27 12:23:47.242] [init-stage-logger] [info] Custom validated 'Signals'.
[2025-08-27 12:23:47.242] [init-stage-logger] [info] Applying 'Signals'..
[2025-08-27 12:23:47.242] [init-stage-logger] [info] Loading configuration file 'ModbusTCPBusForDevice/weld_source.xml'..
[2025-08-27 12:23:47.242] [init-stage-logger] [info] Configuration file 'ModbusTCPBusForDevice/weld_source.xml' is loaded.
[2025-08-27 12:23:47.242] [init-stage-logger] [info] Custom validating 'ModbusTCPBusForDevice'..
[2025-08-27 12:23:47.242] [init-stage-logger] [info] Custom validated 'ModbusTCPBusForDevice'.
[2025-08-27 12:23:47.242] [init-stage-logger] [info] Applying 'ModbusTCPBusForDevice'..
[2025-08-27 12:23:47.242] [init-stage-logger] [info] Applied 'ModbusTCPBusForDevice'.
[2025-08-27 12:23:47.242] [init-stage-logger] [info] Loading configuration file 'RcsDIDO/dido.xml'..
[2025-08-27 12:23:47.242] [init-stage-logger] [info] Configuration file 'RcsDIDO/dido.xml' is loaded.
[2025-08-27 12:23:47.242] [init-stage-logger] [info] Custom validating 'RcsDIDO'..
[2025-08-27 12:23:47.242] [init-stage-logger] [info] Custom validated 'RcsDIDO'.
[2025-08-27 12:23:47.242] [init-stage-logger] [info] Applying 'RcsDIDO'..
[2025-08-27 12:23:47.242] [init-stage-logger] [info] Applied 'RcsDIDO'.
[2025-08-27 12:23:47.242] [init-stage-logger] [info] Applied 'Signals'.
[2025-08-27 12:23:47.242] [init-stage-logger] [info] Getting next configuration schema...
[2025-08-27 12:23:47.242] [init-stage-logger] [info] Got schema for: DrivesControllerV2
[2025-08-27 12:23:47.242] [init-stage-logger] [info] Loading configuration file 'DrivesControllerV2.xml'..
[2025-08-27 12:23:47.242] [init-stage-logger] [info] Configuration file 'DrivesControllerV2.xml' is loaded.
[2025-08-27 12:23:47.242] [init-stage-logger] [info] Custom validating 'DrivesControllerV2'..
[2025-08-27 12:23:47.242] [init-stage-logger] [info] Custom validated 'DrivesControllerV2'.
[2025-08-27 12:23:47.242] [init-stage-logger] [info] Applying 'DrivesControllerV2'..
[2025-08-27 12:23:47.344] [init-stage-logger] [info] Applied 'DrivesControllerV2'.
[2025-08-27 12:23:47.344] [init-stage-logger] [info] Getting next configuration schema...
[2025-08-27 12:23:47.344] [init-stage-logger] [info] Got schema for: SplinePathGeneratorInfo
[2025-08-27 12:23:47.344] [init-stage-logger] [info] Loading configuration file 'SplinePathGeneratorInfo.xml'..
[2025-08-27 12:23:47.346] [init-stage-logger] [info] Configuration file 'SplinePathGeneratorInfo.xml' is loaded.
[2025-08-27 12:23:47.346] [init-stage-logger] [info] Custom validating 'SplinePathGeneratorInfo'..
[2025-08-27 12:23:47.346] [init-stage-logger] [info] Custom validated 'SplinePathGeneratorInfo'.
[2025-08-27 12:23:47.346] [init-stage-logger] [info] Applying 'SplinePathGeneratorInfo'..
[2025-08-27 12:23:47.346] [init-stage-logger] [info] Applied 'SplinePathGeneratorInfo'.
[2025-08-27 12:23:47.346] [init-stage-logger] [info] Getting next configuration schema...
[2025-08-27 12:23:47.346] [init-stage-logger] [info] Got schema for: TargetAtTimeExecutor
[2025-08-27 12:23:47.346] [init-stage-logger] [info] Loading configuration file 'TargetAtTimeExecutor.xml'..
[2025-08-27 12:23:47.346] [init-stage-logger] [info] Configuration file 'TargetAtTimeExecutor.xml' is loaded.
[2025-08-27 12:23:47.346] [init-stage-logger] [info] Custom validating 'TargetAtTimeExecutor'..
[2025-08-27 12:23:47.346] [init-stage-logger] [info] Custom validated 'TargetAtTimeExecutor'.
[2025-08-27 12:23:47.346] [init-stage-logger] [info] Applying 'TargetAtTimeExecutor'..
[2025-08-27 12:23:47.346] [init-stage-logger] [info] Applied 'TargetAtTimeExecutor'.
[2025-08-27 12:23:47.346] [init-stage-logger] [info] Getting next configuration schema...
[2025-08-27 12:23:47.346] [init-stage-logger] [info] Got schema for: SdcLog
[2025-08-27 12:23:47.346] [init-stage-logger] [info] Loading configuration file 'SdcLog.xml'..
[2025-08-27 12:23:47.346] [init-stage-logger] [info] Configuration file 'SdcLog.xml' is loaded.
[2025-08-27 12:23:47.346] [init-stage-logger] [info] Custom validating 'SdcLog'..
[2025-08-27 12:23:47.346] [init-stage-logger] [info] Custom validated 'SdcLog'.
[2025-08-27 12:23:47.346] [init-stage-logger] [info] Applying 'SdcLog'..
[2025-08-27 12:23:47.346] [init-stage-logger] [info] Applied 'SdcLog'.
[2025-08-27 12:23:47.346] [init-stage-logger] [info] Getting next configuration schema...
[2025-08-27 12:23:47.346] [init-stage-logger] [info] Got schema for: RawMotionQueueControllerLog
[2025-08-27 12:23:47.346] [init-stage-logger] [info] Loading configuration file 'RawMotionQueueControllerLog.xml'..
[2025-08-27 12:23:47.346] [init-stage-logger] [info] Configuration file 'RawMotionQueueControllerLog.xml' is loaded.
[2025-08-27 12:23:47.346] [init-stage-logger] [info] Custom validating 'RawMotionQueueControllerLog'..
[2025-08-27 12:23:47.346] [init-stage-logger] [info] Custom validated 'RawMotionQueueControllerLog'.
[2025-08-27 12:23:47.346] [init-stage-logger] [info] Applying 'RawMotionQueueControllerLog'..
[2025-08-27 12:23:47.346] [init-stage-logger] [info] Applied 'RawMotionQueueControllerLog'.
[2025-08-27 12:23:47.347] [init-stage-logger] [info] Getting next configuration schema...
[2025-08-27 12:23:47.347] [init-stage-logger] [info] Got schema for: ExecutionControllerLog
[2025-08-27 12:23:47.347] [init-stage-logger] [info] Loading configuration file 'ExecutionControllerLog.xml'..
[2025-08-27 12:23:47.347] [init-stage-logger] [info] Configuration file 'ExecutionControllerLog.xml' is loaded.
[2025-08-27 12:23:47.347] [init-stage-logger] [info] Custom validating 'ExecutionControllerLog'..
[2025-08-27 12:23:47.347] [init-stage-logger] [info] Custom validated 'ExecutionControllerLog'.
[2025-08-27 12:23:47.347] [init-stage-logger] [info] Applying 'ExecutionControllerLog'..
[2025-08-27 12:23:47.347] [init-stage-logger] [info] Applied 'ExecutionControllerLog'.
[2025-08-27 12:23:47.347] [init-stage-logger] [info] Getting next configuration schema...
[2025-08-27 12:23:47.347] [init-stage-logger] [info] Got schema for: TargetAtTimeMotionExecutorLog
[2025-08-27 12:23:47.347] [init-stage-logger] [info] Loading configuration file 'TargetAtTimeMotionExecutorLog.xml'..
[2025-08-27 12:23:47.347] [init-stage-logger] [info] Configuration file 'TargetAtTimeMotionExecutorLog.xml' is loaded.
[2025-08-27 12:23:47.347] [init-stage-logger] [info] Custom validating 'TargetAtTimeMotionExecutorLog'..
[2025-08-27 12:23:47.347] [init-stage-logger] [info] Custom validated 'TargetAtTimeMotionExecutorLog'.
[2025-08-27 12:23:47.347] [init-stage-logger] [info] Applying 'TargetAtTimeMotionExecutorLog'..
[2025-08-27 12:23:47.347] [init-stage-logger] [info] Applied 'TargetAtTimeMotionExecutorLog'.
[2025-08-27 12:23:47.348] [init-stage-logger] [info] Getting next configuration schema...
[2025-08-27 12:23:47.348] [init-stage-logger] [info] Got schema for: ScalableBufferSplineLog
[2025-08-27 12:23:47.348] [init-stage-logger] [info] Loading configuration file 'ScalableBufferSplineLog.xml'..
[2025-08-27 12:23:47.348] [init-stage-logger] [info] Configuration file 'ScalableBufferSplineLog.xml' is loaded.
[2025-08-27 12:23:47.348] [init-stage-logger] [info] Custom validating 'ScalableBufferSplineLog'..
[2025-08-27 12:23:47.348] [init-stage-logger] [info] Custom validated 'ScalableBufferSplineLog'.
[2025-08-27 12:23:47.348] [init-stage-logger] [info] Applying 'ScalableBufferSplineLog'..
[2025-08-27 12:23:47.348] [init-stage-logger] [info] Applied 'ScalableBufferSplineLog'.
[2025-08-27 12:23:47.348] [init-stage-logger] [info] Configuring DataProvider
[2025-08-27 12:23:47.348] [init-stage-logger] [info] Getting next configuration schema...
[2025-08-27 12:23:47.348] [init-stage-logger] [info] Got schema for: RcpDataProvider
[2025-08-27 12:23:47.348] [init-stage-logger] [info] Loading configuration file 'RcpDataProvider.xml'..
[2025-08-27 12:23:47.348] [init-stage-logger] [info] Configuration file 'RcpDataProvider.xml' is loaded.
[2025-08-27 12:23:47.348] [init-stage-logger] [info] Custom validating 'RcpDataProvider'..
[2025-08-27 12:23:47.348] [init-stage-logger] [info] Custom validated 'RcpDataProvider'.
[2025-08-27 12:23:47.348] [init-stage-logger] [info] Applying 'RcpDataProvider'..
[2025-08-27 12:23:47.349] [init-stage-logger] [info] Applied 'RcpDataProvider'.
[2025-08-27 12:23:47.349] [init-stage-logger] [info] Configuring RcRepository
[2025-08-27 12:23:47.349] [init-stage-logger] [info] Getting next configuration schema...
[2025-08-27 12:23:47.349] [init-stage-logger] [info] Got schema for: RcpRepositoryInfo
[2025-08-27 12:23:47.349] [init-stage-logger] [info] Loading configuration file 'RcpRepositoryInfo.xml'..
[2025-08-27 12:23:47.349] [init-stage-logger] [info] Configuration file 'RcpRepositoryInfo.xml' is loaded.
[2025-08-27 12:23:47.349] [init-stage-logger] [info] Custom validating 'RcpRepositoryInfo'..
[2025-08-27 12:23:47.349] [init-stage-logger] [info] Custom validated 'RcpRepositoryInfo'.
[2025-08-27 12:23:47.349] [init-stage-logger] [info] Applying 'RcpRepositoryInfo'..
[2025-08-27 12:23:47.349] [init-stage-logger] [info] Applied 'RcpRepositoryInfo'.
[2025-08-27 12:23:47.349] [init-stage-logger] [info] Configuring ProgramIntepreter
[2025-08-27 12:23:47.349] [init-stage-logger] [info] Getting next configuration schema...
[2025-08-27 12:23:47.349] [init-stage-logger] [info] Got schema for: RcProgramInterpreter
[2025-08-27 12:23:47.349] [init-stage-logger] [info] Loading configuration file 'RcProgramInterpreter.xml'..
[2025-08-27 12:23:47.349] [init-stage-logger] [info] Configuration file 'RcProgramInterpreter.xml' is loaded.
[2025-08-27 12:23:47.349] [init-stage-logger] [info] Custom validating 'RcProgramInterpreter'..
[2025-08-27 12:23:47.349] [init-stage-logger] [info] Custom validated 'RcProgramInterpreter'.
[2025-08-27 12:23:47.349] [init-stage-logger] [info] Applying 'RcProgramInterpreter'..
[2025-08-27 12:23:47.350] [init-stage-logger] [info] Applied 'RcProgramInterpreter'.
[2025-08-27 12:23:47.350] [init-stage-logger] [info] Getting next configuration schema...
[2025-08-27 12:23:47.350] [init-stage-logger] [info] Got schema for: gcode_logger
[2025-08-27 12:23:47.350] [init-stage-logger] [info] Loading configuration file 'gcode_logger.xml'..
[2025-08-27 12:23:47.350] [init-stage-logger] [info] Configuration file 'gcode_logger.xml' is loaded.
[2025-08-27 12:23:47.350] [init-stage-logger] [info] Custom validating 'gcode_logger'..
[2025-08-27 12:23:47.350] [init-stage-logger] [info] Custom validated 'gcode_logger'.
[2025-08-27 12:23:47.350] [init-stage-logger] [info] Applying 'gcode_logger'..
[2025-08-27 12:23:47.350] [init-stage-logger] [info] Applied 'gcode_logger'.
[2025-08-27 12:23:47.352] [init-stage-logger] [info] Getting next configuration schema...
[2025-08-27 12:23:47.352] [init-stage-logger] [info] Got schema for: ApiServerData
[2025-08-27 12:23:47.352] [init-stage-logger] [info] Loading configuration file 'ApiServerData.xml'..
[2025-08-27 12:23:47.352] [init-stage-logger] [info] Configuration file 'ApiServerData.xml' is loaded.
[2025-08-27 12:23:47.352] [init-stage-logger] [info] Custom validating 'ApiServerData'..
[2025-08-27 12:23:47.352] [init-stage-logger] [info] Custom validated 'ApiServerData'.
[2025-08-27 12:23:47.352] [init-stage-logger] [info] Applying 'ApiServerData'..
[2025-08-27 12:23:47.352] [init-stage-logger] [info] Applied 'ApiServerData'.
[2025-08-27 12:23:47.352] [init-stage-logger] [info] Getting next configuration schema...
[2025-08-27 12:23:47.352] [init-stage-logger] [info] Got schema for: WidgetHandler
[2025-08-27 12:23:47.352] [init-stage-logger] [info] Loading configuration file 'WidgetHandler.xml'..
[2025-08-27 12:23:47.352] [init-stage-logger] [info] Configuration file 'WidgetHandler.xml' is loaded.
[2025-08-27 12:23:47.352] [init-stage-logger] [info] Custom validating 'WidgetHandler'..
[2025-08-27 12:23:47.352] [init-stage-logger] [info] Custom validated 'WidgetHandler'.
[2025-08-27 12:23:47.352] [init-stage-logger] [info] Applying 'WidgetHandler'..
[2025-08-27 12:23:47.352] [init-stage-logger] [info] Applied 'WidgetHandler'.
[2025-08-27 12:23:47.352] [init-stage-logger] [info] Getting next configuration schema...
[2025-08-27 12:23:47.352] [init-stage-logger] [info] Got schema for: RcProgramRunHandler
[2025-08-27 12:23:47.352] [init-stage-logger] [info] Loading configuration file 'RcProgramRunHandler.xml'..
[2025-08-27 12:23:47.352] [init-stage-logger] [info] Configuration file 'RcProgramRunHandler.xml' is loaded.
[2025-08-27 12:23:47.352] [init-stage-logger] [info] Custom validating 'RcProgramRunHandler'..
[2025-08-27 12:23:47.352] [init-stage-logger] [info] Custom validated 'RcProgramRunHandler'.
[2025-08-27 12:23:47.352] [init-stage-logger] [info] Applying 'RcProgramRunHandler'..
[2025-08-27 12:23:47.352] [init-stage-logger] [info] Applied 'RcProgramRunHandler'.
[2025-08-27 12:23:47.352] [init-stage-logger] [info] Getting next configuration schema...
[2025-08-27 12:23:47.352] [init-stage-logger] [info] Got schema for: ToolsAndFramesCalibration
[2025-08-27 12:23:47.352] [init-stage-logger] [info] Loading configuration file 'ToolsAndFramesCalibration.xml'..
[2025-08-27 12:23:47.352] [init-stage-logger] [info] Configuration file 'ToolsAndFramesCalibration.xml' is loaded.
[2025-08-27 12:23:47.352] [init-stage-logger] [info] Custom validating 'ToolsAndFramesCalibration'..
[2025-08-27 12:23:47.352] [init-stage-logger] [info] Custom validated 'ToolsAndFramesCalibration'.
[2025-08-27 12:23:47.352] [init-stage-logger] [info] Applying 'ToolsAndFramesCalibration'..
[2025-08-27 12:23:47.352] [init-stage-logger] [info] Applied 'ToolsAndFramesCalibration'.
[2025-08-27 12:23:47.352] [init-stage-logger] [info] loading addons
[2025-08-27 12:23:47.352] [init-stage-logger] [info] finished init, now running
[2025-08-27 12:23:47.431] [init-stage-logger] [info] Getting next configuration schema...
[2025-08-27 12:23:47.432] [init-stage-logger] [info] Got schema for: RcsGCodeInterpreter
[2025-08-27 12:23:47.432] [init-stage-logger] [info] Loading configuration file 'RcsGCodeInterpreter.xml'..
[2025-08-27 12:23:47.432] [init-stage-logger] [info] Configuration file 'RcsGCodeInterpreter.xml' is loaded.
[2025-08-27 12:23:47.432] [init-stage-logger] [info] Custom validating 'RcsGCodeInterpreter'..
[2025-08-27 12:23:47.432] [init-stage-logger] [info] Custom validated 'RcsGCodeInterpreter'.
[2025-08-27 12:23:47.432] [init-stage-logger] [info] Applying 'RcsGCodeInterpreter'..
[2025-08-27 12:23:47.433] [init-stage-logger] [info] Applied 'RcsGCodeInterpreter'.
[2025-08-27 12:23:47.433] [init-stage-logger] [info] Getting next configuration schema...
[2025-08-27 12:23:47.433] [init-stage-logger] [info] Got schema for: OpcUa
[2025-08-27 12:23:47.433] [init-stage-logger] [info] Loading configuration file 'OpcUa.xml'..
[2025-08-27 12:23:47.433] [init-stage-logger] [info] Configuration file 'OpcUa.xml' is loaded.
[2025-08-27 12:23:47.433] [init-stage-logger] [info] Custom validating 'OpcUa'..
[2025-08-27 12:23:47.433] [init-stage-logger] [info] Custom validated 'OpcUa'.
[2025-08-27 12:23:47.433] [init-stage-logger] [info] Applying 'OpcUa'..
[2025-08-27 12:23:47.433] [init-stage-logger] [info] Applied 'OpcUa'.
[2025-08-27 12:23:47.434] [init-stage-logger] [info] Getting next configuration schema...
[2025-08-27 12:23:47.434] [init-stage-logger] [info] Got schema for: OpcUaServer
[2025-08-27 12:23:47.434] [init-stage-logger] [info] Loading configuration file 'OpcUaServer.xml'..
[2025-08-27 12:23:47.434] [init-stage-logger] [info] Configuration file 'OpcUaServer.xml' is loaded.
[2025-08-27 12:23:47.434] [init-stage-logger] [info] Custom validating 'OpcUaServer'..
[2025-08-27 12:23:47.434] [init-stage-logger] [info] Custom validated 'OpcUaServer'.
[2025-08-27 12:23:47.434] [init-stage-logger] [info] Applying 'OpcUaServer'..
[2025-08-27 12:23:47.460] [init-stage-logger] [info] Applied 'OpcUaServer'.
[2025-08-27 12:25:46.616] [init-stage-logger] [info] Static logger was initialized
[2025-08-27 12:25:46.619] [init-stage-logger] [info] Getting next configuration schema...
[2025-08-27 12:25:46.619] [init-stage-logger] [info] Got schema for: FilesystemEventsLogger
[2025-08-27 12:25:46.619] [init-stage-logger] [info] Loading configuration file 'FilesystemEventsLogger.xml'..
[2025-08-27 12:25:46.619] [init-stage-logger] [info] Configuration file 'FilesystemEventsLogger.xml' is loaded.
[2025-08-27 12:25:46.619] [init-stage-logger] [info] Custom validating 'FilesystemEventsLogger'..
[2025-08-27 12:25:46.619] [init-stage-logger] [info] Custom validated 'FilesystemEventsLogger'.
[2025-08-27 12:25:46.619] [init-stage-logger] [info] Applying 'FilesystemEventsLogger'..
[2025-08-27 12:25:46.619] [init-stage-logger] [info] Applied 'FilesystemEventsLogger'.
[2025-08-27 12:25:46.620] [init-stage-logger] [info] Creating extension provider
[2025-08-27 12:25:46.620] [init-stage-logger] [info] Getting next configuration schema...
[2025-08-27 12:25:46.620] [init-stage-logger] [info] Got schema for: AddonManager
[2025-08-27 12:25:46.620] [init-stage-logger] [info] Loading configuration file 'AddonManager.xml'..
[2025-08-27 12:25:46.620] [init-stage-logger] [info] Configuration file 'AddonManager.xml' is loaded.
[2025-08-27 12:25:46.620] [init-stage-logger] [info] Custom validating 'AddonManager'..
[2025-08-27 12:25:46.620] [init-stage-logger] [info] Custom validated 'AddonManager'.
[2025-08-27 12:25:46.620] [init-stage-logger] [info] Applying 'AddonManager'..
[2025-08-27 12:25:46.620] [init-stage-logger] [info] Applied 'AddonManager'.
[2025-08-27 12:25:46.620] [init-stage-logger] [info] Getting next configuration schema...
[2025-08-27 12:25:46.620] [init-stage-logger] [info] Got schema for: ExtensionProvider
[2025-08-27 12:25:46.620] [init-stage-logger] [info] Loading configuration file 'ExtensionProvider.xml'..
[2025-08-27 12:25:46.620] [init-stage-logger] [info] Configuration file 'ExtensionProvider.xml' is loaded.
[2025-08-27 12:25:46.620] [init-stage-logger] [info] Custom validating 'ExtensionProvider'..
[2025-08-27 12:25:46.620] [init-stage-logger] [info] Custom validated 'ExtensionProvider'.
[2025-08-27 12:25:46.620] [init-stage-logger] [info] Applying 'ExtensionProvider'..
[2025-08-27 12:25:46.632] [init-stage-logger] [info] Applied 'ExtensionProvider'.
[2025-08-27 12:25:46.632] [init-stage-logger] [info] Initializing robot selector
[2025-08-27 12:25:46.632] [init-stage-logger] [info] Getting next configuration schema...
[2025-08-27 12:25:46.632] [init-stage-logger] [info] Got schema for: RobotSelector
[2025-08-27 12:25:46.632] [init-stage-logger] [info] Loading configuration file 'RobotSelector.xml'..
[2025-08-27 12:25:46.633] [init-stage-logger] [info] Configuration file 'RobotSelector.xml' is loaded.
[2025-08-27 12:25:46.633] [init-stage-logger] [info] Custom validating 'RobotSelector'..
[2025-08-27 12:25:46.633] [init-stage-logger] [info] Custom validated 'RobotSelector'.
[2025-08-27 12:25:46.633] [init-stage-logger] [info] Applying 'RobotSelector'..
[2025-08-27 12:25:46.633] [init-stage-logger] [info] Applied 'RobotSelector'.
[2025-08-27 12:25:46.633] [init-stage-logger] [info] Creating Robot object
[2025-08-27 12:25:46.633] [init-stage-logger] [info] Getting next configuration schema...
[2025-08-27 12:25:46.633] [init-stage-logger] [info] Got schema for: DhChain
[2025-08-27 12:25:46.633] [init-stage-logger] [info] Loading configuration file 'DhChain.xml'..
[2025-08-27 12:25:46.633] [init-stage-logger] [info] Configuration file 'DhChain.xml' is loaded.
[2025-08-27 12:25:46.633] [init-stage-logger] [info] Custom validating 'DhChain'..
[2025-08-27 12:25:46.633] [init-stage-logger] [info] Custom validated 'DhChain'.
[2025-08-27 12:25:46.633] [init-stage-logger] [info] Applying 'DhChain'..
[2025-08-27 12:25:46.633] [init-stage-logger] [info] Applied 'DhChain'.
[2025-08-27 12:25:46.634] [init-stage-logger] [info] Creating Server socket
[2025-08-27 12:25:46.634] [init-stage-logger] [info] Configuring Server socket
[2025-08-27 12:25:46.634] [init-stage-logger] [info] Getting next configuration schema...
[2025-08-27 12:25:46.634] [init-stage-logger] [info] Got schema for: NetworkLogger
[2025-08-27 12:25:46.634] [init-stage-logger] [info] Loading configuration file 'NetworkLogger.xml'..
[2025-08-27 12:25:46.635] [init-stage-logger] [info] Configuration file 'NetworkLogger.xml' is loaded.
[2025-08-27 12:25:46.635] [init-stage-logger] [info] Custom validating 'NetworkLogger'..
[2025-08-27 12:25:46.635] [init-stage-logger] [info] Custom validated 'NetworkLogger'.
[2025-08-27 12:25:46.635] [init-stage-logger] [info] Applying 'NetworkLogger'..
[2025-08-27 12:25:46.635] [init-stage-logger] [info] Applied 'NetworkLogger'.
[2025-08-27 12:25:46.635] [init-stage-logger] [info] Getting next configuration schema...
[2025-08-27 12:25:46.635] [init-stage-logger] [info] Got schema for: AccessManager
[2025-08-27 12:25:46.635] [init-stage-logger] [info] Loading configuration file 'AccessManager.xml'..
[2025-08-27 12:25:46.635] [init-stage-logger] [info] Configuration file 'AccessManager.xml' is loaded.
[2025-08-27 12:25:46.635] [init-stage-logger] [info] Custom validating 'AccessManager'..
[2025-08-27 12:25:46.635] [init-stage-logger] [info] Custom validated 'AccessManager'.
[2025-08-27 12:25:46.635] [init-stage-logger] [info] Applying 'AccessManager'..
[2025-08-27 12:25:46.635] [init-stage-logger] [info] Applied 'AccessManager'.
[2025-08-27 12:25:46.635] [init-stage-logger] [info] Getting next configuration schema...
[2025-08-27 12:25:46.635] [init-stage-logger] [info] Got schema for: MessageCollector
[2025-08-27 12:25:46.635] [init-stage-logger] [info] Loading configuration file 'MessageCollector.xml'..
[2025-08-27 12:25:46.635] [init-stage-logger] [info] Configuration file 'MessageCollector.xml' is loaded.
[2025-08-27 12:25:46.635] [init-stage-logger] [info] Custom validating 'MessageCollector'..
[2025-08-27 12:25:46.636] [init-stage-logger] [info] Custom validated 'MessageCollector'.
[2025-08-27 12:25:46.636] [init-stage-logger] [info] Applying 'MessageCollector'..
[2025-08-27 12:25:46.636] [init-stage-logger] [info] Applied 'MessageCollector'.
[2025-08-27 12:25:46.636] [init-stage-logger] [info] Getting next configuration schema...
[2025-08-27 12:25:46.636] [init-stage-logger] [info] Got schema for: RareData
[2025-08-27 12:25:46.636] [init-stage-logger] [info] Loading configuration file 'RareData.xml'..
[2025-08-27 12:25:46.636] [init-stage-logger] [info] Configuration file 'RareData.xml' is loaded.
[2025-08-27 12:25:46.636] [init-stage-logger] [info] Custom validating 'RareData'..
[2025-08-27 12:25:46.636] [init-stage-logger] [info] Custom validated 'RareData'.
[2025-08-27 12:25:46.636] [init-stage-logger] [info] Applying 'RareData'..
[2025-08-27 12:25:46.636] [init-stage-logger] [info] Applied 'RareData'.
[2025-08-27 12:25:46.636] [init-stage-logger] [info] Getting next configuration schema...
[2025-08-27 12:25:46.636] [init-stage-logger] [info] Got schema for: SoftwareSafetyState
[2025-08-27 12:25:46.636] [init-stage-logger] [info] Loading configuration file 'SoftwareSafetyState.xml'..
[2025-08-27 12:25:46.636] [init-stage-logger] [info] Configuration file 'SoftwareSafetyState.xml' is loaded.
[2025-08-27 12:25:46.636] [init-stage-logger] [info] Custom validating 'SoftwareSafetyState'..
[2025-08-27 12:25:46.636] [init-stage-logger] [info] Custom validated 'SoftwareSafetyState'.
[2025-08-27 12:25:46.636] [init-stage-logger] [info] Applying 'SoftwareSafetyState'..
[2025-08-27 12:25:46.636] [init-stage-logger] [info] Applied 'SoftwareSafetyState'.
[2025-08-27 12:25:46.636] [init-stage-logger] [info] Getting next configuration schema...
[2025-08-27 12:25:46.636] [init-stage-logger] [info] Got schema for: ParametricBaseProvider
[2025-08-27 12:25:46.636] [init-stage-logger] [info] Loading configuration file 'ParametricBaseProvider.xml'..
[2025-08-27 12:25:46.636] [init-stage-logger] [info] Configuration file 'ParametricBaseProvider.xml' is loaded.
[2025-08-27 12:25:46.636] [init-stage-logger] [info] Custom validating 'ParametricBaseProvider'..
[2025-08-27 12:25:46.636] [init-stage-logger] [info] Custom validated 'ParametricBaseProvider'.
[2025-08-27 12:25:46.636] [init-stage-logger] [info] Applying 'ParametricBaseProvider'..
[2025-08-27 12:25:46.636] [init-stage-logger] [info] Applied 'ParametricBaseProvider'.
[2025-08-27 12:25:46.636] [init-stage-logger] [info] Getting next configuration schema...
[2025-08-27 12:25:46.636] [init-stage-logger] [info] Got schema for: LogManager
[2025-08-27 12:25:46.636] [init-stage-logger] [info] Loading configuration file 'LogManager.xml'..
[2025-08-27 12:25:46.636] [init-stage-logger] [info] Configuration file 'LogManager.xml' is loaded.
[2025-08-27 12:25:46.636] [init-stage-logger] [info] Custom validating 'LogManager'..
[2025-08-27 12:25:46.636] [init-stage-logger] [info] Custom validated 'LogManager'.
[2025-08-27 12:25:46.636] [init-stage-logger] [info] Applying 'LogManager'..
[2025-08-27 12:25:46.636] [init-stage-logger] [info] Applied 'LogManager'.
[2025-08-27 12:25:46.636] [init-stage-logger] [info] Getting next configuration schema...
[2025-08-27 12:25:46.636] [init-stage-logger] [info] Got schema for: GuidedModeController
[2025-08-27 12:25:46.636] [init-stage-logger] [info] Loading configuration file 'GuidedModeController.xml'..
[2025-08-27 12:25:46.637] [init-stage-logger] [info] Configuration file 'GuidedModeController.xml' is loaded.
[2025-08-27 12:25:46.637] [init-stage-logger] [info] Custom validating 'GuidedModeController'..
[2025-08-27 12:25:46.637] [init-stage-logger] [info] Custom validated 'GuidedModeController'.
[2025-08-27 12:25:46.637] [init-stage-logger] [info] Applying 'GuidedModeController'..
[2025-08-27 12:25:46.637] [init-stage-logger] [info] Applied 'GuidedModeController'.
[2025-08-27 12:25:46.637] [init-stage-logger] [info] Getting next configuration schema...
[2025-08-27 12:25:46.637] [init-stage-logger] [info] Got schema for: ShutDownRestart
[2025-08-27 12:25:46.637] [init-stage-logger] [info] Loading configuration file 'ShutDownRestart.xml'..
[2025-08-27 12:25:46.637] [init-stage-logger] [info] Configuration file 'ShutDownRestart.xml' is loaded.
[2025-08-27 12:25:46.637] [init-stage-logger] [info] Custom validating 'ShutDownRestart'..
[2025-08-27 12:25:46.637] [init-stage-logger] [info] Custom validated 'ShutDownRestart'.
[2025-08-27 12:25:46.637] [init-stage-logger] [info] Applying 'ShutDownRestart'..
[2025-08-27 12:25:46.637] [init-stage-logger] [info] Applied 'ShutDownRestart'.
[2025-08-27 12:25:46.637] [init-stage-logger] [info] Getting next configuration schema...
[2025-08-27 12:25:46.637] [init-stage-logger] [info] Got schema for: AutorunController
[2025-08-27 12:25:46.637] [init-stage-logger] [info] Loading configuration file 'AutorunController.xml'..
[2025-08-27 12:25:46.637] [init-stage-logger] [info] Configuration file 'AutorunController.xml' is loaded.
[2025-08-27 12:25:46.637] [init-stage-logger] [info] Custom validating 'AutorunController'..
[2025-08-27 12:25:46.637] [init-stage-logger] [info] Custom validated 'AutorunController'.
[2025-08-27 12:25:46.637] [init-stage-logger] [info] Applying 'AutorunController'..
[2025-08-27 12:25:46.637] [init-stage-logger] [info] Applied 'AutorunController'.
[2025-08-27 12:25:46.637] [init-stage-logger] [info] Getting next configuration schema...
[2025-08-27 12:25:46.637] [init-stage-logger] [info] Got schema for: DatagramTransceiver
[2025-08-27 12:25:46.637] [init-stage-logger] [info] Loading configuration file 'DatagramTransceiver.xml'..
[2025-08-27 12:25:46.637] [init-stage-logger] [info] Configuration file 'DatagramTransceiver.xml' is loaded.
[2025-08-27 12:25:46.637] [init-stage-logger] [info] Custom validating 'DatagramTransceiver'..
[2025-08-27 12:25:46.637] [init-stage-logger] [info] Custom validated 'DatagramTransceiver'.
[2025-08-27 12:25:46.637] [init-stage-logger] [info] Applying 'DatagramTransceiver'..
[2025-08-27 12:25:46.637] [init-stage-logger] [info] Applied 'DatagramTransceiver'.
[2025-08-27 12:25:46.637] [init-stage-logger] [info] Getting next configuration schema...
[2025-08-27 12:25:46.637] [init-stage-logger] [info] Got schema for: IntermachineTasksController
[2025-08-27 12:25:46.637] [init-stage-logger] [info] Loading configuration file 'IntermachineTasksController.xml'..
[2025-08-27 12:25:46.637] [init-stage-logger] [info] Configuration file 'IntermachineTasksController.xml' is loaded.
[2025-08-27 12:25:46.637] [init-stage-logger] [info] Custom validating 'IntermachineTasksController'..
[2025-08-27 12:25:46.637] [init-stage-logger] [info] Custom validated 'IntermachineTasksController'.
[2025-08-27 12:25:46.637] [init-stage-logger] [info] Applying 'IntermachineTasksController'..
[2025-08-27 12:25:46.637] [init-stage-logger] [info] Applied 'IntermachineTasksController'.
[2025-08-27 12:25:46.637] [init-stage-logger] [info] Getting next configuration schema...
[2025-08-27 12:25:46.637] [init-stage-logger] [info] Got schema for: UserAlarmsHandler
[2025-08-27 12:25:46.637] [init-stage-logger] [info] Loading configuration file 'UserAlarmsHandler.xml'..
[2025-08-27 12:25:46.637] [init-stage-logger] [info] Configuration file 'UserAlarmsHandler.xml' is loaded.
[2025-08-27 12:25:46.637] [init-stage-logger] [info] Custom validating 'UserAlarmsHandler'..
[2025-08-27 12:25:46.637] [init-stage-logger] [info] Custom validated 'UserAlarmsHandler'.
[2025-08-27 12:25:46.637] [init-stage-logger] [info] Applying 'UserAlarmsHandler'..
[2025-08-27 12:25:46.637] [init-stage-logger] [info] Applied 'UserAlarmsHandler'.
[2025-08-27 12:25:46.637] [init-stage-logger] [info] Getting next configuration schema...
[2025-08-27 12:25:46.637] [init-stage-logger] [info] Got schema for: UserConfigurationManager
[2025-08-27 12:25:46.637] [init-stage-logger] [info] Loading configuration file 'UserConfigurationManager.xml'..
[2025-08-27 12:25:46.638] [init-stage-logger] [info] Configuration file 'UserConfigurationManager.xml' is loaded.
[2025-08-27 12:25:46.638] [init-stage-logger] [info] Custom validating 'UserConfigurationManager'..
[2025-08-27 12:25:46.638] [init-stage-logger] [info] Custom validated 'UserConfigurationManager'.
[2025-08-27 12:25:46.638] [init-stage-logger] [info] Applying 'UserConfigurationManager'..
[2025-08-27 12:25:46.638] [init-stage-logger] [info] Applied 'UserConfigurationManager'.
[2025-08-27 12:25:46.638] [init-stage-logger] [info] Getting next configuration schema...
[2025-08-27 12:25:46.638] [init-stage-logger] [info] Got schema for: JogMotion
[2025-08-27 12:25:46.638] [init-stage-logger] [info] Loading configuration file 'JogMotion.xml'..
[2025-08-27 12:25:46.638] [init-stage-logger] [info] Configuration file 'JogMotion.xml' is loaded.
[2025-08-27 12:25:46.638] [init-stage-logger] [info] Custom validating 'JogMotion'..
[2025-08-27 12:25:46.638] [init-stage-logger] [info] Custom validated 'JogMotion'.
[2025-08-27 12:25:46.638] [init-stage-logger] [info] Applying 'JogMotion'..
[2025-08-27 12:25:46.638] [init-stage-logger] [info] Applied 'JogMotion'.
[2025-08-27 12:25:46.638] [init-stage-logger] [info] Getting next configuration schema...
[2025-08-27 12:25:46.638] [init-stage-logger] [info] Got schema for: Signals
[2025-08-27 12:25:46.638] [init-stage-logger] [info] Loading configuration file 'Signals.xml'..
[2025-08-27 12:25:46.638] [init-stage-logger] [info] Configuration file 'Signals.xml' is loaded.
[2025-08-27 12:25:46.638] [init-stage-logger] [info] Custom validating 'Signals'..
[2025-08-27 12:25:46.638] [init-stage-logger] [info] Custom validated 'Signals'.
[2025-08-27 12:25:46.638] [init-stage-logger] [info] Applying 'Signals'..
[2025-08-27 12:25:46.638] [init-stage-logger] [info] Loading configuration file 'ModbusTCPBusForDevice/weld_source.xml'..
[2025-08-27 12:25:46.638] [init-stage-logger] [info] Configuration file 'ModbusTCPBusForDevice/weld_source.xml' is loaded.
[2025-08-27 12:25:46.638] [init-stage-logger] [info] Custom validating 'ModbusTCPBusForDevice'..
[2025-08-27 12:25:46.638] [init-stage-logger] [info] Custom validated 'ModbusTCPBusForDevice'.
[2025-08-27 12:25:46.638] [init-stage-logger] [info] Applying 'ModbusTCPBusForDevice'..
[2025-08-27 12:25:46.638] [init-stage-logger] [info] Applied 'ModbusTCPBusForDevice'.
[2025-08-27 12:25:46.638] [init-stage-logger] [info] Loading configuration file 'RcsDIDO/dido.xml'..
[2025-08-27 12:25:46.639] [init-stage-logger] [info] Configuration file 'RcsDIDO/dido.xml' is loaded.
[2025-08-27 12:25:46.639] [init-stage-logger] [info] Custom validating 'RcsDIDO'..
[2025-08-27 12:25:46.639] [init-stage-logger] [info] Custom validated 'RcsDIDO'.
[2025-08-27 12:25:46.639] [init-stage-logger] [info] Applying 'RcsDIDO'..
[2025-08-27 12:25:46.639] [init-stage-logger] [info] Applied 'RcsDIDO'.
[2025-08-27 12:25:46.639] [init-stage-logger] [info] Applied 'Signals'.
[2025-08-27 12:25:46.639] [init-stage-logger] [info] Getting next configuration schema...
[2025-08-27 12:25:46.639] [init-stage-logger] [info] Got schema for: DrivesControllerV2
[2025-08-27 12:25:46.639] [init-stage-logger] [info] Loading configuration file 'DrivesControllerV2.xml'..
[2025-08-27 12:25:46.639] [init-stage-logger] [info] Configuration file 'DrivesControllerV2.xml' is loaded.
[2025-08-27 12:25:46.639] [init-stage-logger] [info] Custom validating 'DrivesControllerV2'..
[2025-08-27 12:25:46.639] [init-stage-logger] [info] Custom validated 'DrivesControllerV2'.
[2025-08-27 12:25:46.639] [init-stage-logger] [info] Applying 'DrivesControllerV2'..
[2025-08-27 12:25:46.741] [init-stage-logger] [info] Applied 'DrivesControllerV2'.
[2025-08-27 12:25:46.741] [init-stage-logger] [info] Getting next configuration schema...
[2025-08-27 12:25:46.741] [init-stage-logger] [info] Got schema for: SplinePathGeneratorInfo
[2025-08-27 12:25:46.741] [init-stage-logger] [info] Loading configuration file 'SplinePathGeneratorInfo.xml'..
[2025-08-27 12:25:46.742] [init-stage-logger] [info] Configuration file 'SplinePathGeneratorInfo.xml' is loaded.
[2025-08-27 12:25:46.742] [init-stage-logger] [info] Custom validating 'SplinePathGeneratorInfo'..
[2025-08-27 12:25:46.742] [init-stage-logger] [info] Custom validated 'SplinePathGeneratorInfo'.
[2025-08-27 12:25:46.742] [init-stage-logger] [info] Applying 'SplinePathGeneratorInfo'..
[2025-08-27 12:25:46.743] [init-stage-logger] [info] Applied 'SplinePathGeneratorInfo'.
[2025-08-27 12:25:46.743] [init-stage-logger] [info] Getting next configuration schema...
[2025-08-27 12:25:46.743] [init-stage-logger] [info] Got schema for: TargetAtTimeExecutor
[2025-08-27 12:25:46.743] [init-stage-logger] [info] Loading configuration file 'TargetAtTimeExecutor.xml'..
[2025-08-27 12:25:46.743] [init-stage-logger] [info] Configuration file 'TargetAtTimeExecutor.xml' is loaded.
[2025-08-27 12:25:46.743] [init-stage-logger] [info] Custom validating 'TargetAtTimeExecutor'..
[2025-08-27 12:25:46.743] [init-stage-logger] [info] Custom validated 'TargetAtTimeExecutor'.
[2025-08-27 12:25:46.743] [init-stage-logger] [info] Applying 'TargetAtTimeExecutor'..
[2025-08-27 12:25:46.743] [init-stage-logger] [info] Applied 'TargetAtTimeExecutor'.
[2025-08-27 12:25:46.743] [init-stage-logger] [info] Getting next configuration schema...
[2025-08-27 12:25:46.743] [init-stage-logger] [info] Got schema for: SdcLog
[2025-08-27 12:25:46.743] [init-stage-logger] [info] Loading configuration file 'SdcLog.xml'..
[2025-08-27 12:25:46.743] [init-stage-logger] [info] Configuration file 'SdcLog.xml' is loaded.
[2025-08-27 12:25:46.743] [init-stage-logger] [info] Custom validating 'SdcLog'..
[2025-08-27 12:25:46.743] [init-stage-logger] [info] Custom validated 'SdcLog'.
[2025-08-27 12:25:46.743] [init-stage-logger] [info] Applying 'SdcLog'..
[2025-08-27 12:25:46.743] [init-stage-logger] [info] Applied 'SdcLog'.
[2025-08-27 12:25:46.743] [init-stage-logger] [info] Getting next configuration schema...
[2025-08-27 12:25:46.743] [init-stage-logger] [info] Got schema for: RawMotionQueueControllerLog
[2025-08-27 12:25:46.743] [init-stage-logger] [info] Loading configuration file 'RawMotionQueueControllerLog.xml'..
[2025-08-27 12:25:46.744] [init-stage-logger] [info] Configuration file 'RawMotionQueueControllerLog.xml' is loaded.
[2025-08-27 12:25:46.744] [init-stage-logger] [info] Custom validating 'RawMotionQueueControllerLog'..
[2025-08-27 12:25:46.744] [init-stage-logger] [info] Custom validated 'RawMotionQueueControllerLog'.
[2025-08-27 12:25:46.744] [init-stage-logger] [info] Applying 'RawMotionQueueControllerLog'..
[2025-08-27 12:25:46.744] [init-stage-logger] [info] Applied 'RawMotionQueueControllerLog'.
[2025-08-27 12:25:46.744] [init-stage-logger] [info] Getting next configuration schema...
[2025-08-27 12:25:46.744] [init-stage-logger] [info] Got schema for: ExecutionControllerLog
[2025-08-27 12:25:46.744] [init-stage-logger] [info] Loading configuration file 'ExecutionControllerLog.xml'..
[2025-08-27 12:25:46.744] [init-stage-logger] [info] Configuration file 'ExecutionControllerLog.xml' is loaded.
[2025-08-27 12:25:46.744] [init-stage-logger] [info] Custom validating 'ExecutionControllerLog'..
[2025-08-27 12:25:46.744] [init-stage-logger] [info] Custom validated 'ExecutionControllerLog'.
[2025-08-27 12:25:46.744] [init-stage-logger] [info] Applying 'ExecutionControllerLog'..
[2025-08-27 12:25:46.744] [init-stage-logger] [info] Applied 'ExecutionControllerLog'.
[2025-08-27 12:25:46.744] [init-stage-logger] [info] Getting next configuration schema...
[2025-08-27 12:25:46.744] [init-stage-logger] [info] Got schema for: TargetAtTimeMotionExecutorLog
[2025-08-27 12:25:46.744] [init-stage-logger] [info] Loading configuration file 'TargetAtTimeMotionExecutorLog.xml'..
[2025-08-27 12:25:46.745] [init-stage-logger] [info] Configuration file 'TargetAtTimeMotionExecutorLog.xml' is loaded.
[2025-08-27 12:25:46.745] [init-stage-logger] [info] Custom validating 'TargetAtTimeMotionExecutorLog'..
[2025-08-27 12:25:46.745] [init-stage-logger] [info] Custom validated 'TargetAtTimeMotionExecutorLog'.
[2025-08-27 12:25:46.745] [init-stage-logger] [info] Applying 'TargetAtTimeMotionExecutorLog'..
[2025-08-27 12:25:46.745] [init-stage-logger] [info] Applied 'TargetAtTimeMotionExecutorLog'.
[2025-08-27 12:25:46.745] [init-stage-logger] [info] Getting next configuration schema...
[2025-08-27 12:25:46.745] [init-stage-logger] [info] Got schema for: ScalableBufferSplineLog
[2025-08-27 12:25:46.745] [init-stage-logger] [info] Loading configuration file 'ScalableBufferSplineLog.xml'..
[2025-08-27 12:25:46.745] [init-stage-logger] [info] Configuration file 'ScalableBufferSplineLog.xml' is loaded.
[2025-08-27 12:25:46.745] [init-stage-logger] [info] Custom validating 'ScalableBufferSplineLog'..
[2025-08-27 12:25:46.745] [init-stage-logger] [info] Custom validated 'ScalableBufferSplineLog'.
[2025-08-27 12:25:46.745] [init-stage-logger] [info] Applying 'ScalableBufferSplineLog'..
[2025-08-27 12:25:46.745] [init-stage-logger] [info] Applied 'ScalableBufferSplineLog'.
[2025-08-27 12:25:46.745] [init-stage-logger] [info] Configuring DataProvider
[2025-08-27 12:25:46.745] [init-stage-logger] [info] Getting next configuration schema...
[2025-08-27 12:25:46.745] [init-stage-logger] [info] Got schema for: RcpDataProvider
[2025-08-27 12:25:46.745] [init-stage-logger] [info] Loading configuration file 'RcpDataProvider.xml'..
[2025-08-27 12:25:46.745] [init-stage-logger] [info] Configuration file 'RcpDataProvider.xml' is loaded.
[2025-08-27 12:25:46.745] [init-stage-logger] [info] Custom validating 'RcpDataProvider'..
[2025-08-27 12:25:46.746] [init-stage-logger] [info] Custom validated 'RcpDataProvider'.
[2025-08-27 12:25:46.746] [init-stage-logger] [info] Applying 'RcpDataProvider'..
[2025-08-27 12:25:46.746] [init-stage-logger] [info] Applied 'RcpDataProvider'.
[2025-08-27 12:25:46.746] [init-stage-logger] [info] Configuring RcRepository
[2025-08-27 12:25:46.746] [init-stage-logger] [info] Getting next configuration schema...
[2025-08-27 12:25:46.746] [init-stage-logger] [info] Got schema for: RcpRepositoryInfo
[2025-08-27 12:25:46.746] [init-stage-logger] [info] Loading configuration file 'RcpRepositoryInfo.xml'..
[2025-08-27 12:25:46.746] [init-stage-logger] [info] Configuration file 'RcpRepositoryInfo.xml' is loaded.
[2025-08-27 12:25:46.746] [init-stage-logger] [info] Custom validating 'RcpRepositoryInfo'..
[2025-08-27 12:25:46.746] [init-stage-logger] [info] Custom validated 'RcpRepositoryInfo'.
[2025-08-27 12:25:46.746] [init-stage-logger] [info] Applying 'RcpRepositoryInfo'..
[2025-08-27 12:25:46.747] [init-stage-logger] [info] Applied 'RcpRepositoryInfo'.
[2025-08-27 12:25:46.747] [init-stage-logger] [info] Configuring ProgramIntepreter
[2025-08-27 12:25:46.747] [init-stage-logger] [info] Getting next configuration schema...
[2025-08-27 12:25:46.747] [init-stage-logger] [info] Got schema for: RcProgramInterpreter
[2025-08-27 12:25:46.747] [init-stage-logger] [info] Loading configuration file 'RcProgramInterpreter.xml'..
[2025-08-27 12:25:46.747] [init-stage-logger] [info] Configuration file 'RcProgramInterpreter.xml' is loaded.
[2025-08-27 12:25:46.747] [init-stage-logger] [info] Custom validating 'RcProgramInterpreter'..
[2025-08-27 12:25:46.747] [init-stage-logger] [info] Custom validated 'RcProgramInterpreter'.
[2025-08-27 12:25:46.747] [init-stage-logger] [info] Applying 'RcProgramInterpreter'..
[2025-08-27 12:25:46.747] [init-stage-logger] [info] Applied 'RcProgramInterpreter'.
[2025-08-27 12:25:46.748] [init-stage-logger] [info] Getting next configuration schema...
[2025-08-27 12:25:46.748] [init-stage-logger] [info] Got schema for: gcode_logger
[2025-08-27 12:25:46.748] [init-stage-logger] [info] Loading configuration file 'gcode_logger.xml'..
[2025-08-27 12:25:46.748] [init-stage-logger] [info] Configuration file 'gcode_logger.xml' is loaded.
[2025-08-27 12:25:46.748] [init-stage-logger] [info] Custom validating 'gcode_logger'..
[2025-08-27 12:25:46.748] [init-stage-logger] [info] Custom validated 'gcode_logger'.
[2025-08-27 12:25:46.748] [init-stage-logger] [info] Applying 'gcode_logger'..
[2025-08-27 12:25:46.748] [init-stage-logger] [info] Applied 'gcode_logger'.
[2025-08-27 12:25:46.749] [init-stage-logger] [info] Getting next configuration schema...
[2025-08-27 12:25:46.749] [init-stage-logger] [info] Got schema for: ApiServerData
[2025-08-27 12:25:46.749] [init-stage-logger] [info] Loading configuration file 'ApiServerData.xml'..
[2025-08-27 12:25:46.749] [init-stage-logger] [info] Configuration file 'ApiServerData.xml' is loaded.
[2025-08-27 12:25:46.749] [init-stage-logger] [info] Custom validating 'ApiServerData'..
[2025-08-27 12:25:46.749] [init-stage-logger] [info] Custom validated 'ApiServerData'.
[2025-08-27 12:25:46.749] [init-stage-logger] [info] Applying 'ApiServerData'..
[2025-08-27 12:25:46.749] [init-stage-logger] [info] Applied 'ApiServerData'.
[2025-08-27 12:25:46.749] [init-stage-logger] [info] Getting next configuration schema...
[2025-08-27 12:25:46.749] [init-stage-logger] [info] Got schema for: WidgetHandler
[2025-08-27 12:25:46.749] [init-stage-logger] [info] Loading configuration file 'WidgetHandler.xml'..
[2025-08-27 12:25:46.749] [init-stage-logger] [info] Configuration file 'WidgetHandler.xml' is loaded.
[2025-08-27 12:25:46.749] [init-stage-logger] [info] Custom validating 'WidgetHandler'..
[2025-08-27 12:25:46.749] [init-stage-logger] [info] Custom validated 'WidgetHandler'.
[2025-08-27 12:25:46.749] [init-stage-logger] [info] Applying 'WidgetHandler'..
[2025-08-27 12:25:46.749] [init-stage-logger] [info] Applied 'WidgetHandler'.
[2025-08-27 12:25:46.749] [init-stage-logger] [info] Getting next configuration schema...
[2025-08-27 12:25:46.749] [init-stage-logger] [info] Got schema for: RcProgramRunHandler
[2025-08-27 12:25:46.749] [init-stage-logger] [info] Loading configuration file 'RcProgramRunHandler.xml'..
[2025-08-27 12:25:46.749] [init-stage-logger] [info] Configuration file 'RcProgramRunHandler.xml' is loaded.
[2025-08-27 12:25:46.749] [init-stage-logger] [info] Custom validating 'RcProgramRunHandler'..
[2025-08-27 12:25:46.749] [init-stage-logger] [info] Custom validated 'RcProgramRunHandler'.
[2025-08-27 12:25:46.749] [init-stage-logger] [info] Applying 'RcProgramRunHandler'..
[2025-08-27 12:25:46.749] [init-stage-logger] [info] Applied 'RcProgramRunHandler'.
[2025-08-27 12:25:46.749] [init-stage-logger] [info] Getting next configuration schema...
[2025-08-27 12:25:46.750] [init-stage-logger] [info] Got schema for: ToolsAndFramesCalibration
[2025-08-27 12:25:46.750] [init-stage-logger] [info] Loading configuration file 'ToolsAndFramesCalibration.xml'..
[2025-08-27 12:25:46.750] [init-stage-logger] [info] Configuration file 'ToolsAndFramesCalibration.xml' is loaded.
[2025-08-27 12:25:46.750] [init-stage-logger] [info] Custom validating 'ToolsAndFramesCalibration'..
[2025-08-27 12:25:46.750] [init-stage-logger] [info] Custom validated 'ToolsAndFramesCalibration'.
[2025-08-27 12:25:46.750] [init-stage-logger] [info] Applying 'ToolsAndFramesCalibration'..
[2025-08-27 12:25:46.750] [init-stage-logger] [info] Applied 'ToolsAndFramesCalibration'.
[2025-08-27 12:25:46.750] [init-stage-logger] [info] loading addons
[2025-08-27 12:25:46.750] [init-stage-logger] [info] finished init, now running
[2025-08-27 12:25:46.814] [init-stage-logger] [info] Getting next configuration schema...
[2025-08-27 12:25:46.815] [init-stage-logger] [info] Got schema for: RcsGCodeInterpreter
[2025-08-27 12:25:46.815] [init-stage-logger] [info] Loading configuration file 'RcsGCodeInterpreter.xml'..
[2025-08-27 12:25:46.815] [init-stage-logger] [info] Configuration file 'RcsGCodeInterpreter.xml' is loaded.
[2025-08-27 12:25:46.815] [init-stage-logger] [info] Custom validating 'RcsGCodeInterpreter'..
[2025-08-27 12:25:46.815] [init-stage-logger] [info] Custom validated 'RcsGCodeInterpreter'.
[2025-08-27 12:25:46.815] [init-stage-logger] [info] Applying 'RcsGCodeInterpreter'..
[2025-08-27 12:25:46.816] [init-stage-logger] [info] Applied 'RcsGCodeInterpreter'.
[2025-08-27 12:25:46.816] [init-stage-logger] [info] Getting next configuration schema...
[2025-08-27 12:25:46.816] [init-stage-logger] [info] Got schema for: OpcUa
[2025-08-27 12:25:46.816] [init-stage-logger] [info] Loading configuration file 'OpcUa.xml'..
[2025-08-27 12:25:46.816] [init-stage-logger] [info] Configuration file 'OpcUa.xml' is loaded.
[2025-08-27 12:25:46.816] [init-stage-logger] [info] Custom validating 'OpcUa'..
[2025-08-27 12:25:46.816] [init-stage-logger] [info] Custom validated 'OpcUa'.
[2025-08-27 12:25:46.816] [init-stage-logger] [info] Applying 'OpcUa'..
[2025-08-27 12:25:46.816] [init-stage-logger] [info] Applied 'OpcUa'.
[2025-08-27 12:25:46.816] [init-stage-logger] [info] Getting next configuration schema...
[2025-08-27 12:25:46.816] [init-stage-logger] [info] Got schema for: OpcUaServer
[2025-08-27 12:25:46.816] [init-stage-logger] [info] Loading configuration file 'OpcUaServer.xml'..
[2025-08-27 12:25:46.817] [init-stage-logger] [info] Configuration file 'OpcUaServer.xml' is loaded.
[2025-08-27 12:25:46.817] [init-stage-logger] [info] Custom validating 'OpcUaServer'..
[2025-08-27 12:25:46.817] [init-stage-logger] [info] Custom validated 'OpcUaServer'.
[2025-08-27 12:25:46.817] [init-stage-logger] [info] Applying 'OpcUaServer'..
[2025-08-27 12:25:46.841] [init-stage-logger] [info] Applied 'OpcUaServer'.
